bed_record_id,hospital_id,hospital_name,record_date,ward,licensed_beds,blocked_beds,usable_beds,opening_occupied_beds,admissions,transfers_in,discharges,transfers_out,deaths_or_other_exits,closing_occupied_beds,occupancy_rate_pct,occupancy_status,source_system,synthetic_flag
BED000001,KPJ_01,JCORP Specialist Hospital,2024-07-01,Medical Ward,60,1,59,46,5,1,5,1,0,46,77.97,Normal,Bed Management System,True
BED000002,KPJ_01,JCORP Specialist Hospital,2024-07-01,Surgical Ward,55,0,55,42,4,1,5,0,0,42,76.36,Normal,Bed Management System,True
BED000003,KPJ_01,JCORP Specialist Hospital,2024-07-01,Maternity Ward,45,2,43,32,3,1,3,0,1,32,74.42,Underutilised,Bed Management System,True
BED000004,KPJ_01,JCORP Specialist Hospital,2024-07-01,Paediatric Ward,40,2,38,29,3,0,3,0,0,29,76.32,Normal,Bed Management System,True
BED000005,KPJ_01,JCORP Specialist Hospital,2024-07-02,Medical Ward,60,0,60,46,4,1,4,1,0,46,76.67,Normal,Bed Management System,True
BED000006,KPJ_01,JCORP Specialist Hospital,2024-07-02,Surgical Ward,55,2,53,42,4,0,4,1,0,41,77.36,Normal,Bed Management System,True
BED000007,KPJ_01,JCORP Specialist Hospital,2024-07-02,Maternity Ward,45,1,44,32,3,0,3,0,0,32,72.73,Underutilised,Bed Management System,True
BED000008,KPJ_01,JCORP Specialist Hospital,2024-07-02,Paediatric Ward,40,1,39,29,2,0,2,0,0,29,74.36,Underutilised,Bed Management System,True
BED000009,KPJ_01,JCORP Specialist Hospital,2024-07-03,Medical Ward,60,3,57,46,5,1,6,1,0,45,78.95,Normal,Bed Management System,True
BED000010,KPJ_01,JCORP Specialist Hospital,2024-07-03,Surgical Ward,55,0,55,41,5,1,5,1,0,41,74.55,Underutilised,Bed Management System,True
BED000011,KPJ_01,JCORP Specialist Hospital,2024-07-03,Maternity Ward,45,0,45,32,3,1,4,1,0,31,68.89,Underutilised,Bed Management System,True
BED000012,KPJ_01,JCORP Specialist Hospital,2024-07-03,Paediatric Ward,40,1,39,29,3,0,3,0,0,29,74.36,Underutilised,Bed Management System,True
BED000013,KPJ_01,JCORP Specialist Hospital,2024-07-04,Medical Ward,60,0,60,45,5,1,5,1,0,45,75.0,Normal,Bed Management System,True
BED000014,KPJ_01,JCORP Specialist Hospital,2024-07-04,Surgical Ward,55,3,52,41,4,0,4,0,0,41,78.85,Normal,Bed Management System,True
BED000015,KPJ_01,JCORP Specialist Hospital,2024-07-04,Maternity Ward,45,0,45,31,3,0,3,0,0,31,68.89,Underutilised,Bed Management System,True
BED000016,KPJ_01,JCORP Specialist Hospital,2024-07-04,Paediatric Ward,40,0,40,29,3,0,3,0,0,29,72.5,Underutilised,Bed Management System,True
BED000017,KPJ_01,JCORP Specialist Hospital,2024-07-05,Medical Ward,60,1,59,45,4,1,4,1,0,45,76.27,Normal,Bed Management System,True
BED000018,KPJ_01,JCORP Specialist Hospital,2024-07-05,Surgical Ward,55,3,52,41,3,0,4,1,0,39,75.0,Normal,Bed Management System,True
BED000019,KPJ_01,JCORP Specialist Hospital,2024-07-05,Maternity Ward,45,1,44,31,2,0,3,0,0,30,68.18,Underutilised,Bed Management System,True
BED000020,KPJ_01,JCORP Specialist Hospital,2024-07-05,Paediatric Ward,40,0,40,29,2,0,2,0,0,29,72.5,Underutilised,Bed Management System,True
BED000021,KPJ_01,JCORP Specialist Hospital,2024-07-06,Medical Ward,60,1,59,45,4,1,5,0,0,45,76.27,Normal,Bed Management System,True
BED000022,KPJ_01,JCORP Specialist Hospital,2024-07-06,Surgical Ward,55,0,55,39,4,1,4,0,0,40,72.73,Underutilised,Bed Management System,True
BED000023,KPJ_01,JCORP Specialist Hospital,2024-07-06,Maternity Ward,45,0,45,30,3,0,3,0,0,30,66.67,Underutilised,Bed Management System,True
BED000024,KPJ_01,JCORP Specialist Hospital,2024-07-06,Paediatric Ward,40,3,37,29,2,0,2,0,1,28,75.68,Normal,Bed Management System,True
BED000025,KPJ_01,JCORP Specialist Hospital,2024-07-07,Medical Ward,60,0,60,45,6,1,5,1,0,46,76.67,Normal,Bed Management System,True
BED000026,KPJ_01,JCORP Specialist Hospital,2024-07-07,Surgical Ward,55,1,54,40,6,1,4,1,0,42,77.78,Normal,Bed Management System,True
BED000027,KPJ_01,JCORP Specialist Hospital,2024-07-07,Maternity Ward,45,0,45,30,4,0,3,0,0,31,68.89,Underutilised,Bed Management System,True
BED000028,KPJ_01,JCORP Specialist Hospital,2024-07-07,Paediatric Ward,40,0,40,28,3,0,3,0,1,27,67.5,Underutilised,Bed Management System,True
BED000029,KPJ_01,JCORP Specialist Hospital,2024-07-08,Medical Ward,60,0,60,46,6,1,6,0,0,47,78.33,Normal,Bed Management System,True
BED000030,KPJ_01,JCORP Specialist Hospital,2024-07-08,Surgical Ward,55,1,54,42,5,1,6,0,0,42,77.78,Normal,Bed Management System,True
BED000031,KPJ_01,JCORP Specialist Hospital,2024-07-08,Maternity Ward,45,1,44,31,4,0,4,0,0,31,70.45,Underutilised,Bed Management System,True
BED000032,KPJ_01,JCORP Specialist Hospital,2024-07-08,Paediatric Ward,40,0,40,27,3,0,3,0,0,27,67.5,Underutilised,Bed Management System,True
BED000033,KPJ_01,JCORP Specialist Hospital,2024-07-09,Medical Ward,60,1,59,47,5,1,5,1,0,47,79.66,Normal,Bed Management System,True
BED000034,KPJ_01,JCORP Specialist Hospital,2024-07-09,Surgical Ward,55,1,54,42,5,1,5,0,1,42,77.78,Normal,Bed Management System,True
BED000035,KPJ_01,JCORP Specialist Hospital,2024-07-09,Maternity Ward,45,1,44,31,3,1,3,0,0,32,72.73,Underutilised,Bed Management System,True
BED000036,KPJ_01,JCORP Specialist Hospital,2024-07-09,Paediatric Ward,40,1,39,27,3,0,3,0,0,27,69.23,Underutilised,Bed Management System,True
BED000037,KPJ_01,JCORP Specialist Hospital,2024-07-10,Medical Ward,60,0,60,47,6,1,6,1,0,47,78.33,Normal,Bed Management System,True
BED000038,KPJ_01,JCORP Specialist Hospital,2024-07-10,Surgical Ward,55,1,54,42,6,1,5,1,1,42,77.78,Normal,Bed Management System,True
BED000039,KPJ_01,JCORP Specialist Hospital,2024-07-10,Maternity Ward,45,0,45,32,4,0,4,0,0,32,71.11,Underutilised,Bed Management System,True
BED000040,KPJ_01,JCORP Specialist Hospital,2024-07-10,Paediatric Ward,40,1,39,27,3,0,3,0,0,27,69.23,Underutilised,Bed Management System,True
BED000041,KPJ_01,JCORP Specialist Hospital,2024-07-11,Medical Ward,60,0,60,47,4,1,5,1,0,46,76.67,Normal,Bed Management System,True
BED000042,KPJ_01,JCORP Specialist Hospital,2024-07-11,Surgical Ward,55,0,55,42,4,1,5,1,1,40,72.73,Underutilised,Bed Management System,True
BED000043,KPJ_01,JCORP Specialist Hospital,2024-07-11,Maternity Ward,45,0,45,32,3,1,3,0,0,33,73.33,Underutilised,Bed Management System,True
BED000044,KPJ_01,JCORP Specialist Hospital,2024-07-11,Paediatric Ward,40,0,40,27,2,0,3,0,0,26,65.0,Underutilised,Bed Management System,True
BED000045,KPJ_01,JCORP Specialist Hospital,2024-07-12,Medical Ward,60,0,60,46,5,0,5,1,1,44,73.33,Underutilised,Bed Management System,True
BED000046,KPJ_01,JCORP Specialist Hospital,2024-07-12,Surgical Ward,55,3,52,40,5,0,5,1,1,38,73.08,Underutilised,Bed Management System,True
BED000047,KPJ_01,JCORP Specialist Hospital,2024-07-12,Maternity Ward,45,1,44,33,3,0,3,0,0,33,75.0,Normal,Bed Management System,True
BED000048,KPJ_01,JCORP Specialist Hospital,2024-07-12,Paediatric Ward,40,1,39,26,3,0,3,0,0,26,66.67,Underutilised,Bed Management System,True
BED000049,KPJ_01,JCORP Specialist Hospital,2024-07-13,Medical Ward,60,1,59,44,5,1,3,1,0,46,77.97,Normal,Bed Management System,True
BED000050,KPJ_01,JCORP Specialist Hospital,2024-07-13,Surgical Ward,55,0,55,38,4,1,3,0,0,40,72.73,Underutilised,Bed Management System,True
BED000051,KPJ_01,JCORP Specialist Hospital,2024-07-13,Maternity Ward,45,2,43,33,3,1,2,0,3,32,74.42,Underutilised,Bed Management System,True
BED000052,KPJ_01,JCORP Specialist Hospital,2024-07-13,Paediatric Ward,40,0,40,26,2,0,2,0,1,25,62.5,Underutilised,Bed Management System,True
BED000053,KPJ_01,JCORP Specialist Hospital,2024-07-14,Medical Ward,60,1,59,46,4,1,3,1,0,47,79.66,Normal,Bed Management System,True
BED000054,KPJ_01,JCORP Specialist Hospital,2024-07-14,Surgical Ward,55,0,55,40,3,1,3,1,0,40,72.73,Underutilised,Bed Management System,True
BED000055,KPJ_01,JCORP Specialist Hospital,2024-07-14,Maternity Ward,45,2,43,32,3,0,2,0,1,32,74.42,Underutilised,Bed Management System,True
BED000056,KPJ_01,JCORP Specialist Hospital,2024-07-14,Paediatric Ward,40,1,39,25,2,0,2,0,0,25,64.1,Underutilised,Bed Management System,True
BED000057,KPJ_01,JCORP Specialist Hospital,2024-07-15,Medical Ward,60,3,57,47,6,1,5,1,4,44,77.19,Normal,Bed Management System,True
BED000058,KPJ_01,JCORP Specialist Hospital,2024-07-15,Surgical Ward,55,1,54,40,5,0,4,1,0,40,74.07,Underutilised,Bed Management System,True
BED000059,KPJ_01,JCORP Specialist Hospital,2024-07-15,Maternity Ward,45,0,45,32,4,0,3,0,0,33,73.33,Underutilised,Bed Management System,True
BED000060,KPJ_01,JCORP Specialist Hospital,2024-07-15,Paediatric Ward,40,0,40,25,3,0,3,0,0,25,62.5,Underutilised,Bed Management System,True
BED000061,KPJ_01,JCORP Specialist Hospital,2024-07-16,Medical Ward,60,0,60,44,5,1,4,1,0,45,75.0,Normal,Bed Management System,True
BED000062,KPJ_01,JCORP Specialist Hospital,2024-07-16,Surgical Ward,55,2,53,40,4,0,3,0,0,41,77.36,Normal,Bed Management System,True
BED000063,KPJ_01,JCORP Specialist Hospital,2024-07-16,Maternity Ward,45,0,45,33,3,0,3,0,1,32,71.11,Underutilised,Bed Management System,True
BED000064,KPJ_01,JCORP Specialist Hospital,2024-07-16,Paediatric Ward,40,3,37,25,3,0,2,0,1,25,67.57,Underutilised,Bed Management System,True
BED000065,KPJ_01,JCORP Specialist Hospital,2024-07-17,Medical Ward,60,0,60,45,5,1,5,1,0,45,75.0,Normal,Bed Management System,True
BED000066,KPJ_01,JCORP Specialist Hospital,2024-07-17,Surgical Ward,55,0,55,41,5,0,4,1,0,41,74.55,Underutilised,Bed Management System,True
BED000067,KPJ_01,JCORP Specialist Hospital,2024-07-17,Maternity Ward,45,1,44,32,3,0,3,0,0,32,72.73,Underutilised,Bed Management System,True
BED000068,KPJ_01,JCORP Specialist Hospital,2024-07-17,Paediatric Ward,40,2,38,25,3,0,2,0,0,26,68.42,Underutilised,Bed Management System,True
BED000069,KPJ_01,JCORP Specialist Hospital,2024-07-18,Medical Ward,60,3,57,45,5,1,4,0,2,45,78.95,Normal,Bed Management System,True
BED000070,KPJ_01,JCORP Specialist Hospital,2024-07-18,Surgical Ward,55,0,55,41,4,1,4,0,0,42,76.36,Normal,Bed Management System,True
BED000071,KPJ_01,JCORP Specialist Hospital,2024-07-18,Maternity Ward,45,0,45,32,3,0,3,0,0,32,71.11,Underutilised,Bed Management System,True
BED000072,KPJ_01,JCORP Specialist Hospital,2024-07-18,Paediatric Ward,40,2,38,26,2,0,2,0,0,26,68.42,Underutilised,Bed Management System,True
BED000073,KPJ_01,JCORP Specialist Hospital,2024-07-19,Medical Ward,60,2,58,45,4,1,3,1,0,46,79.31,Normal,Bed Management System,True
BED000074,KPJ_01,JCORP Specialist Hospital,2024-07-19,Surgical Ward,55,1,54,42,4,1,2,1,2,42,77.78,Normal,Bed Management System,True
BED000075,KPJ_01,JCORP Specialist Hospital,2024-07-19,Maternity Ward,45,0,45,32,3,0,2,0,0,33,73.33,Underutilised,Bed Management System,True
BED000076,KPJ_01,JCORP Specialist Hospital,2024-07-19,Paediatric Ward,40,0,40,26,2,0,1,0,0,27,67.5,Underutilised,Bed Management System,True
BED000077,KPJ_01,JCORP Specialist Hospital,2024-07-20,Medical Ward,60,0,60,46,3,1,3,1,0,46,76.67,Normal,Bed Management System,True
BED000078,KPJ_01,JCORP Specialist Hospital,2024-07-20,Surgical Ward,55,1,54,42,3,0,3,1,0,41,75.93,Normal,Bed Management System,True
BED000079,KPJ_01,JCORP Specialist Hospital,2024-07-20,Maternity Ward,45,1,44,33,2,0,2,0,0,33,75.0,Normal,Bed Management System,True
BED000080,KPJ_01,JCORP Specialist Hospital,2024-07-20,Paediatric Ward,40,1,39,27,1,0,1,0,0,27,69.23,Underutilised,Bed Management System,True
BED000081,KPJ_01,JCORP Specialist Hospital,2024-07-21,Medical Ward,60,0,60,46,3,1,3,1,0,46,76.67,Normal,Bed Management System,True
BED000082,KPJ_01,JCORP Specialist Hospital,2024-07-21,Surgical Ward,55,1,54,41,2,1,3,1,0,40,74.07,Underutilised,Bed Management System,True
BED000083,KPJ_01,JCORP Specialist Hospital,2024-07-21,Maternity Ward,45,1,44,33,2,0,2,1,0,32,72.73,Underutilised,Bed Management System,True
BED000084,KPJ_01,JCORP Specialist Hospital,2024-07-21,Paediatric Ward,40,0,40,27,1,0,1,0,0,27,67.5,Underutilised,Bed Management System,True
BED000085,KPJ_01,JCORP Specialist Hospital,2024-07-22,Medical Ward,60,0,60,46,4,1,4,1,0,46,76.67,Normal,Bed Management System,True
BED000086,KPJ_01,JCORP Specialist Hospital,2024-07-22,Surgical Ward,55,0,55,40,3,1,3,1,0,40,72.73,Underutilised,Bed Management System,True
BED000087,KPJ_01,JCORP Specialist Hospital,2024-07-22,Maternity Ward,45,0,45,32,3,0,3,0,1,31,68.89,Underutilised,Bed Management System,True
BED000088,KPJ_01,JCORP Specialist Hospital,2024-07-22,Paediatric Ward,40,0,40,27,2,0,2,0,0,27,67.5,Underutilised,Bed Management System,True
BED000089,KPJ_01,JCORP Specialist Hospital,2024-07-23,Medical Ward,60,0,60,46,5,1,5,1,1,45,75.0,Normal,Bed Management System,True
BED000090,KPJ_01,JCORP Specialist Hospital,2024-07-23,Surgical Ward,55,0,55,40,4,1,5,1,0,39,70.91,Underutilised,Bed Management System,True
BED000091,KPJ_01,JCORP Specialist Hospital,2024-07-23,Maternity Ward,45,0,45,31,3,0,3,0,0,31,68.89,Underutilised,Bed Management System,True
BED000092,KPJ_01,JCORP Specialist Hospital,2024-07-23,Paediatric Ward,40,0,40,27,2,0,3,0,0,26,65.0,Underutilised,Bed Management System,True
BED000093,KPJ_01,JCORP Specialist Hospital,2024-07-24,Medical Ward,60,0,60,45,5,1,6,1,0,44,73.33,Underutilised,Bed Management System,True
BED000094,KPJ_01,JCORP Specialist Hospital,2024-07-24,Surgical Ward,55,0,55,39,5,1,5,1,0,39,70.91,Underutilised,Bed Management System,True
BED000095,KPJ_01,JCORP Specialist Hospital,2024-07-24,Maternity Ward,45,0,45,31,3,0,3,0,0,31,68.89,Underutilised,Bed Management System,True
BED000096,KPJ_01,JCORP Specialist Hospital,2024-07-24,Paediatric Ward,40,0,40,26,3,0,3,0,0,26,65.0,Underutilised,Bed Management System,True
BED000097,KPJ_01,JCORP Specialist Hospital,2024-07-25,Medical Ward,60,0,60,44,6,1,5,1,0,45,75.0,Normal,Bed Management System,True
BED000098,KPJ_01,JCORP Specialist Hospital,2024-07-25,Surgical Ward,55,0,55,39,5,0,5,0,0,39,70.91,Underutilised,Bed Management System,True
BED000099,KPJ_01,JCORP Specialist Hospital,2024-07-25,Maternity Ward,45,0,45,31,4,0,3,0,0,32,71.11,Underutilised,Bed Management System,True
BED000100,KPJ_01,JCORP Specialist Hospital,2024-07-25,Paediatric Ward,40,0,40,26,3,0,3,0,0,26,65.0,Underutilised,Bed Management System,True
BED000101,KPJ_01,JCORP Specialist Hospital,2024-07-26,Medical Ward,60,1,59,45,4,1,4,1,1,44,74.58,Underutilised,Bed Management System,True
BED000102,KPJ_01,JCORP Specialist Hospital,2024-07-26,Surgical Ward,55,0,55,39,3,1,3,0,0,40,72.73,Underutilised,Bed Management System,True
BED000103,KPJ_01,JCORP Specialist Hospital,2024-07-26,Maternity Ward,45,0,45,32,3,0,2,0,0,33,73.33,Underutilised,Bed Management System,True
BED000104,KPJ_01,JCORP Specialist Hospital,2024-07-26,Paediatric Ward,40,0,40,26,2,0,2,0,0,26,65.0,Underutilised,Bed Management System,True
BED000105,KPJ_01,JCORP Specialist Hospital,2024-07-27,Medical Ward,60,1,59,44,5,1,5,1,0,44,74.58,Underutilised,Bed Management System,True
BED000106,KPJ_01,JCORP Specialist Hospital,2024-07-27,Surgical Ward,55,1,54,40,5,0,5,0,0,40,74.07,Underutilised,Bed Management System,True
BED000107,KPJ_01,JCORP Specialist Hospital,2024-07-27,Maternity Ward,45,0,45,33,3,0,3,0,0,33,73.33,Underutilised,Bed Management System,True
BED000108,KPJ_01,JCORP Specialist Hospital,2024-07-27,Paediatric Ward,40,0,40,26,3,0,3,0,1,25,62.5,Underutilised,Bed Management System,True
BED000109,KPJ_01,JCORP Specialist Hospital,2024-07-28,Medical Ward,60,0,60,44,4,0,4,1,0,43,71.67,Underutilised,Bed Management System,True
BED000110,KPJ_01,JCORP Specialist Hospital,2024-07-28,Surgical Ward,55,1,54,40,3,0,3,1,0,39,72.22,Underutilised,Bed Management System,True
BED000111,KPJ_01,JCORP Specialist Hospital,2024-07-28,Maternity Ward,45,0,45,33,3,0,2,1,0,33,73.33,Underutilised,Bed Management System,True
BED000112,KPJ_01,JCORP Specialist Hospital,2024-07-28,Paediatric Ward,40,2,38,25,2,0,2,0,0,25,65.79,Underutilised,Bed Management System,True
BED000113,KPJ_01,JCORP Specialist Hospital,2024-07-29,Medical Ward,60,0,60,43,5,1,4,0,0,45,75.0,Normal,Bed Management System,True
BED000114,KPJ_01,JCORP Specialist Hospital,2024-07-29,Surgical Ward,55,0,55,39,5,1,3,0,0,42,76.36,Normal,Bed Management System,True
BED000115,KPJ_01,JCORP Specialist Hospital,2024-07-29,Maternity Ward,45,1,44,33,3,0,2,0,1,33,75.0,Normal,Bed Management System,True
BED000116,KPJ_01,JCORP Specialist Hospital,2024-07-29,Paediatric Ward,40,0,40,25,3,0,2,0,0,26,65.0,Underutilised,Bed Management System,True
BED000117,KPJ_01,JCORP Specialist Hospital,2024-07-30,Medical Ward,60,0,60,45,5,1,5,1,0,45,75.0,Normal,Bed Management System,True
BED000118,KPJ_01,JCORP Specialist Hospital,2024-07-30,Surgical Ward,55,0,55,42,5,1,4,0,1,43,78.18,Normal,Bed Management System,True
BED000119,KPJ_01,JCORP Specialist Hospital,2024-07-30,Maternity Ward,45,0,45,33,3,0,3,0,0,33,73.33,Underutilised,Bed Management System,True
BED000120,KPJ_01,JCORP Specialist Hospital,2024-07-30,Paediatric Ward,40,1,39,26,3,0,3,0,1,25,64.1,Underutilised,Bed Management System,True
BED000121,KPJ_01,JCORP Specialist Hospital,2024-07-31,Medical Ward,60,0,60,45,6,0,7,1,0,43,71.67,Underutilised,Bed Management System,True
BED000122,KPJ_01,JCORP Specialist Hospital,2024-07-31,Surgical Ward,55,0,55,43,5,0,6,1,0,41,74.55,Underutilised,Bed Management System,True
BED000123,KPJ_01,JCORP Specialist Hospital,2024-07-31,Maternity Ward,45,0,45,33,4,0,4,1,0,32,71.11,Underutilised,Bed Management System,True
BED000124,KPJ_01,JCORP Specialist Hospital,2024-07-31,Paediatric Ward,40,0,40,25,3,0,3,0,0,25,62.5,Underutilised,Bed Management System,True
BED000125,KPJ_01,JCORP Specialist Hospital,2024-08-01,Medical Ward,60,0,60,43,5,1,5,1,1,42,70.0,Underutilised,Bed Management System,True
BED000126,KPJ_01,JCORP Specialist Hospital,2024-08-01,Surgical Ward,55,0,55,41,4,0,4,1,0,40,72.73,Underutilised,Bed Management System,True
BED000127,KPJ_01,JCORP Specialist Hospital,2024-08-01,Maternity Ward,45,0,45,32,3,0,3,0,0,32,71.11,Underutilised,Bed Management System,True
BED000128,KPJ_01,JCORP Specialist Hospital,2024-08-01,Paediatric Ward,40,2,38,25,3,0,3,0,1,24,63.16,Underutilised,Bed Management System,True
BED000129,KPJ_01,JCORP Specialist Hospital,2024-08-02,Medical Ward,60,0,60,42,5,1,5,0,0,43,71.67,Underutilised,Bed Management System,True
BED000130,KPJ_01,JCORP Specialist Hospital,2024-08-02,Surgical Ward,55,0,55,40,4,1,4,0,0,41,74.55,Underutilised,Bed Management System,True
BED000131,KPJ_01,JCORP Specialist Hospital,2024-08-02,Maternity Ward,45,2,43,32,3,1,3,0,0,33,76.74,Normal,Bed Management System,True
BED000132,KPJ_01,JCORP Specialist Hospital,2024-08-02,Paediatric Ward,40,0,40,24,2,0,3,0,1,22,55.0,Underutilised,Bed Management System,True
BED000133,KPJ_01,JCORP Specialist Hospital,2024-08-03,Medical Ward,60,0,60,43,6,1,6,1,0,43,71.67,Underutilised,Bed Management System,True
BED000134,KPJ_01,JCORP Specialist Hospital,2024-08-03,Surgical Ward,55,0,55,41,5,1,5,1,0,41,74.55,Underutilised,Bed Management System,True
BED000135,KPJ_01,JCORP Specialist Hospital,2024-08-03,Maternity Ward,45,0,45,33,3,0,3,0,0,33,73.33,Underutilised,Bed Management System,True
BED000136,KPJ_01,JCORP Specialist Hospital,2024-08-03,Paediatric Ward,40,0,40,22,3,0,3,0,0,22,55.0,Underutilised,Bed Management System,True
BED000137,KPJ_01,JCORP Specialist Hospital,2024-08-04,Medical Ward,60,0,60,43,4,1,3,1,0,44,73.33,Underutilised,Bed Management System,True
BED000138,KPJ_01,JCORP Specialist Hospital,2024-08-04,Surgical Ward,55,0,55,41,4,1,3,1,0,42,76.36,Normal,Bed Management System,True
BED000139,KPJ_01,JCORP Specialist Hospital,2024-08-04,Maternity Ward,45,0,45,33,3,0,2,1,0,33,73.33,Underutilised,Bed Management System,True
BED000140,KPJ_01,JCORP Specialist Hospital,2024-08-04,Paediatric Ward,40,0,40,22,2,0,2,0,1,21,52.5,Underutilised,Bed Management System,True
BED000141,KPJ_01,JCORP Specialist Hospital,2024-08-05,Medical Ward,60,0,60,44,4,1,4,1,0,44,73.33,Underutilised,Bed Management System,True
BED000142,KPJ_01,JCORP Specialist Hospital,2024-08-05,Surgical Ward,55,1,54,42,4,1,3,0,1,43,79.63,Normal,Bed Management System,True
BED000143,KPJ_01,JCORP Specialist Hospital,2024-08-05,Maternity Ward,45,2,43,33,3,1,2,0,2,33,76.74,Normal,Bed Management System,True
BED000144,KPJ_01,JCORP Specialist Hospital,2024-08-05,Paediatric Ward,40,3,37,21,2,1,2,0,0,22,59.46,Underutilised,Bed Management System,True
BED000145,KPJ_01,JCORP Specialist Hospital,2024-08-06,Medical Ward,60,0,60,44,5,1,6,1,0,43,71.67,Underutilised,Bed Management System,True
BED000146,KPJ_01,JCORP Specialist Hospital,2024-08-06,Surgical Ward,55,0,55,43,5,1,5,1,0,43,78.18,Normal,Bed Management System,True
BED000147,KPJ_01,JCORP Specialist Hospital,2024-08-06,Maternity Ward,45,2,43,33,3,0,3,1,0,32,74.42,Underutilised,Bed Management System,True
BED000148,KPJ_01,JCORP Specialist Hospital,2024-08-06,Paediatric Ward,40,0,40,22,3,0,3,0,0,22,55.0,Underutilised,Bed Management System,True
BED000149,KPJ_01,JCORP Specialist Hospital,2024-08-07,Medical Ward,60,2,58,43,5,1,6,1,0,42,72.41,Underutilised,Bed Management System,True
BED000150,KPJ_01,JCORP Specialist Hospital,2024-08-07,Surgical Ward,55,0,55,43,4,1,5,0,0,43,78.18,Normal,Bed Management System,True
BED000151,KPJ_01,JCORP Specialist Hospital,2024-08-07,Maternity Ward,45,0,45,32,3,0,4,0,0,31,68.89,Underutilised,Bed Management System,True
BED000152,KPJ_01,JCORP Specialist Hospital,2024-08-07,Paediatric Ward,40,0,40,22,3,0,3,0,0,22,55.0,Underutilised,Bed Management System,True
BED000153,KPJ_01,JCORP Specialist Hospital,2024-08-08,Medical Ward,60,2,58,42,5,1,5,1,0,42,72.41,Underutilised,Bed Management System,True
BED000154,KPJ_01,JCORP Specialist Hospital,2024-08-08,Surgical Ward,55,0,55,43,5,1,4,1,1,43,78.18,Normal,Bed Management System,True
BED000155,KPJ_01,JCORP Specialist Hospital,2024-08-08,Maternity Ward,45,0,45,31,3,1,3,0,0,32,71.11,Underutilised,Bed Management System,True
BED000156,KPJ_01,JCORP Specialist Hospital,2024-08-08,Paediatric Ward,40,0,40,22,3,0,3,0,0,22,55.0,Underutilised,Bed Management System,True
BED000157,KPJ_01,JCORP Specialist Hospital,2024-08-09,Medical Ward,60,1,59,42,4,1,4,1,0,42,71.19,Underutilised,Bed Management System,True
BED000158,KPJ_01,JCORP Specialist Hospital,2024-08-09,Surgical Ward,55,0,55,43,4,1,3,1,1,43,78.18,Normal,Bed Management System,True
BED000159,KPJ_01,JCORP Specialist Hospital,2024-08-09,Maternity Ward,45,0,45,32,3,0,3,0,0,32,71.11,Underutilised,Bed Management System,True
BED000160,KPJ_01,JCORP Specialist Hospital,2024-08-09,Paediatric Ward,40,1,39,22,2,0,2,0,0,22,56.41,Underutilised,Bed Management System,True
BED000161,KPJ_01,JCORP Specialist Hospital,2024-08-10,Medical Ward,60,0,60,42,4,1,3,1,0,43,71.67,Underutilised,Bed Management System,True
BED000162,KPJ_01,JCORP Specialist Hospital,2024-08-10,Surgical Ward,55,0,55,43,3,1,3,1,0,43,78.18,Normal,Bed Management System,True
BED000163,KPJ_01,JCORP Specialist Hospital,2024-08-10,Maternity Ward,45,0,45,32,2,0,2,0,0,32,71.11,Underutilised,Bed Management System,True
BED000164,KPJ_01,JCORP Specialist Hospital,2024-08-10,Paediatric Ward,40,0,40,22,2,0,2,0,0,22,55.0,Underutilised,Bed Management System,True
BED000165,KPJ_01,JCORP Specialist Hospital,2024-08-11,Medical Ward,60,1,59,43,5,1,4,0,0,45,76.27,Normal,Bed Management System,True
BED000166,KPJ_01,JCORP Specialist Hospital,2024-08-11,Surgical Ward,55,0,55,43,4,1,4,0,1,43,78.18,Normal,Bed Management System,True
BED000167,KPJ_01,JCORP Specialist Hospital,2024-08-11,Maternity Ward,45,1,44,32,3,0,3,0,0,32,72.73,Underutilised,Bed Management System,True
BED000168,KPJ_01,JCORP Specialist Hospital,2024-08-11,Paediatric Ward,40,0,40,22,3,0,2,0,0,23,57.5,Underutilised,Bed Management System,True
BED000169,KPJ_01,JCORP Specialist Hospital,2024-08-12,Medical Ward,60,2,58,45,5,1,5,0,0,46,79.31,Normal,Bed Management System,True
BED000170,KPJ_01,JCORP Specialist Hospital,2024-08-12,Surgical Ward,55,0,55,43,5,1,4,0,2,43,78.18,Normal,Bed Management System,True
BED000171,KPJ_01,JCORP Specialist Hospital,2024-08-12,Maternity Ward,45,1,44,32,3,0,3,0,0,32,72.73,Underutilised,Bed Management System,True
BED000172,KPJ_01,JCORP Specialist Hospital,2024-08-12,Paediatric Ward,40,0,40,23,3,0,3,0,0,23,57.5,Underutilised,Bed Management System,True
BED000173,KPJ_01,JCORP Specialist Hospital,2024-08-13,Medical Ward,60,1,59,46,4,1,3,1,0,47,79.66,Normal,Bed Management System,True
BED000174,KPJ_01,JCORP Specialist Hospital,2024-08-13,Surgical Ward,55,1,54,43,4,1,3,1,1,43,79.63,Normal,Bed Management System,True
BED000175,KPJ_01,JCORP Specialist Hospital,2024-08-13,Maternity Ward,45,2,43,32,3,1,2,0,1,33,76.74,Normal,Bed Management System,True
BED000176,KPJ_01,JCORP Specialist Hospital,2024-08-13,Paediatric Ward,40,1,39,23,2,0,2,0,0,23,58.97,Underutilised,Bed Management System,True
BED000177,KPJ_01,JCORP Specialist Hospital,2024-08-14,Medical Ward,60,0,60,47,6,1,5,1,0,48,80.0,Normal,Bed Management System,True
BED000178,KPJ_01,JCORP Specialist Hospital,2024-08-14,Surgical Ward,55,1,54,43,5,1,5,0,1,43,79.63,Normal,Bed Management System,True
BED000179,KPJ_01,JCORP Specialist Hospital,2024-08-14,Maternity Ward,45,0,45,33,4,0,3,0,0,34,75.56,Normal,Bed Management System,True
BED000180,KPJ_01,JCORP Specialist Hospital,2024-08-14,Paediatric Ward,40,0,40,23,3,0,3,0,0,23,57.5,Underutilised,Bed Management System,True
BED000181,KPJ_01,JCORP Specialist Hospital,2024-08-15,Medical Ward,60,0,60,48,4,1,4,1,0,48,80.0,Normal,Bed Management System,True
BED000182,KPJ_01,JCORP Specialist Hospital,2024-08-15,Surgical Ward,55,2,53,43,3,1,3,1,1,42,79.25,Normal,Bed Management System,True
BED000183,KPJ_01,JCORP Specialist Hospital,2024-08-15,Maternity Ward,45,1,44,34,3,0,3,0,1,33,75.0,Normal,Bed Management System,True
BED000184,KPJ_01,JCORP Specialist Hospital,2024-08-15,Paediatric Ward,40,0,40,23,2,0,2,0,0,23,57.5,Underutilised,Bed Management System,True
BED000185,KPJ_01,JCORP Specialist Hospital,2024-08-16,Medical Ward,60,0,60,48,6,1,7,1,0,47,78.33,Normal,Bed Management System,True
BED000186,KPJ_01,JCORP Specialist Hospital,2024-08-16,Surgical Ward,55,2,53,42,6,0,6,0,0,42,79.25,Normal,Bed Management System,True
BED000187,KPJ_01,JCORP Specialist Hospital,2024-08-16,Maternity Ward,45,0,45,33,4,0,4,0,0,33,73.33,Underutilised,Bed Management System,True
BED000188,KPJ_01,JCORP Specialist Hospital,2024-08-16,Paediatric Ward,40,0,40,23,3,0,3,0,0,23,57.5,Underutilised,Bed Management System,True
BED000189,KPJ_01,JCORP Specialist Hospital,2024-08-17,Medical Ward,60,1,59,47,6,1,4,1,2,47,79.66,Normal,Bed Management System,True
BED000190,KPJ_01,JCORP Specialist Hospital,2024-08-17,Surgical Ward,55,0,55,42,5,1,4,1,0,43,78.18,Normal,Bed Management System,True
BED000191,KPJ_01,JCORP Specialist Hospital,2024-08-17,Maternity Ward,45,0,45,33,3,1,3,1,1,32,71.11,Underutilised,Bed Management System,True
BED000192,KPJ_01,JCORP Specialist Hospital,2024-08-17,Paediatric Ward,40,0,40,23,3,0,2,0,0,24,60.0,Underutilised,Bed Management System,True
BED000193,KPJ_01,JCORP Specialist Hospital,2024-08-18,Medical Ward,60,0,60,47,2,1,2,1,0,47,78.33,Normal,Bed Management System,True
BED000194,KPJ_01,JCORP Specialist Hospital,2024-08-18,Surgical Ward,55,0,55,43,2,1,2,1,0,43,78.18,Normal,Bed Management System,True
BED000195,KPJ_01,JCORP Specialist Hospital,2024-08-18,Maternity Ward,45,0,45,32,2,1,2,1,0,32,71.11,Underutilised,Bed Management System,True
BED000196,KPJ_01,JCORP Specialist Hospital,2024-08-18,Paediatric Ward,40,1,39,24,1,0,1,0,0,24,61.54,Underutilised,Bed Management System,True
BED000197,KPJ_01,JCORP Specialist Hospital,2024-08-19,Medical Ward,60,0,60,47,5,1,6,1,0,46,76.67,Normal,Bed Management System,True
BED000198,KPJ_01,JCORP Specialist Hospital,2024-08-19,Surgical Ward,55,0,55,43,4,0,5,1,0,41,74.55,Underutilised,Bed Management System,True
BED000199,KPJ_01,JCORP Specialist Hospital,2024-08-19,Maternity Ward,45,0,45,32,3,0,3,0,0,32,71.11,Underutilised,Bed Management System,True
BED000200,KPJ_01,JCORP Specialist Hospital,2024-08-19,Paediatric Ward,40,0,40,24,2,0,3,0,0,23,57.5,Underutilised,Bed Management System,True
BED000201,KPJ_01,JCORP Specialist Hospital,2024-08-20,Medical Ward,60,0,60,46,4,1,4,1,0,46,76.67,Normal,Bed Management System,True
BED000202,KPJ_01,JCORP Specialist Hospital,2024-08-20,Surgical Ward,55,0,55,41,3,1,3,1,0,41,74.55,Underutilised,Bed Management System,True
BED000203,KPJ_01,JCORP Specialist Hospital,2024-08-20,Maternity Ward,45,1,44,32,2,1,3,1,0,31,70.45,Underutilised,Bed Management System,True
BED000204,KPJ_01,JCORP Specialist Hospital,2024-08-20,Paediatric Ward,40,0,40,23,2,0,2,0,0,23,57.5,Underutilised,Bed Management System,True
BED000205,KPJ_01,JCORP Specialist Hospital,2024-08-21,Medical Ward,60,1,59,46,5,1,5,1,0,46,77.97,Normal,Bed Management System,True
BED000206,KPJ_01,JCORP Specialist Hospital,2024-08-21,Surgical Ward,55,0,55,41,5,1,4,0,0,43,78.18,Normal,Bed Management System,True
BED000207,KPJ_01,JCORP Specialist Hospital,2024-08-21,Maternity Ward,45,0,45,31,3,1,3,0,0,32,71.11,Underutilised,Bed Management System,True
BED000208,KPJ_01,JCORP Specialist Hospital,2024-08-21,Paediatric Ward,40,0,40,23,3,0,3,0,0,23,57.5,Underutilised,Bed Management System,True
BED000209,KPJ_01,JCORP Specialist Hospital,2024-08-22,Medical Ward,60,3,57,46,6,1,5,1,2,45,78.95,Normal,Bed Management System,True
BED000210,KPJ_01,JCORP Specialist Hospital,2024-08-22,Surgical Ward,55,0,55,43,5,1,4,0,2,43,78.18,Normal,Bed Management System,True
BED000211,KPJ_01,JCORP Specialist Hospital,2024-08-22,Maternity Ward,45,0,45,32,3,0,3,0,0,32,71.11,Underutilised,Bed Management System,True
BED000212,KPJ_01,JCORP Specialist Hospital,2024-08-22,Paediatric Ward,40,0,40,23,3,0,2,0,0,24,60.0,Underutilised,Bed Management System,True
BED000213,KPJ_01,JCORP Specialist Hospital,2024-08-23,Medical Ward,60,0,60,45,3,1,3,1,0,45,75.0,Normal,Bed Management System,True
BED000214,KPJ_01,JCORP Specialist Hospital,2024-08-23,Surgical Ward,55,0,55,43,3,1,2,1,1,43,78.18,Normal,Bed Management System,True
BED000215,KPJ_01,JCORP Specialist Hospital,2024-08-23,Maternity Ward,45,0,45,32,2,0,2,0,0,32,71.11,Underutilised,Bed Management System,True
BED000216,KPJ_01,JCORP Specialist Hospital,2024-08-23,Paediatric Ward,40,0,40,24,2,0,1,0,0,25,62.5,Underutilised,Bed Management System,True
BED000217,KPJ_01,JCORP Specialist Hospital,2024-08-24,Medical Ward,60,0,60,45,5,1,4,1,0,46,76.67,Normal,Bed Management System,True
BED000218,KPJ_01,JCORP Specialist Hospital,2024-08-24,Surgical Ward,55,0,55,43,5,1,4,0,2,43,78.18,Normal,Bed Management System,True
BED000219,KPJ_01,JCORP Specialist Hospital,2024-08-24,Maternity Ward,45,0,45,32,3,0,3,0,1,31,68.89,Underutilised,Bed Management System,True
BED000220,KPJ_01,JCORP Specialist Hospital,2024-08-24,Paediatric Ward,40,0,40,25,3,0,2,0,0,26,65.0,Underutilised,Bed Management System,True
BED000221,KPJ_01,JCORP Specialist Hospital,2024-08-25,Medical Ward,60,0,60,46,4,1,5,1,0,45,75.0,Normal,Bed Management System,True
BED000222,KPJ_01,JCORP Specialist Hospital,2024-08-25,Surgical Ward,55,2,53,43,4,1,5,1,0,42,79.25,Normal,Bed Management System,True
BED000223,KPJ_01,JCORP Specialist Hospital,2024-08-25,Maternity Ward,45,2,43,31,3,0,3,1,0,30,69.77,Underutilised,Bed Management System,True
BED000224,KPJ_01,JCORP Specialist Hospital,2024-08-25,Paediatric Ward,40,0,40,26,2,0,3,0,0,25,62.5,Underutilised,Bed Management System,True
BED000225,KPJ_01,JCORP Specialist Hospital,2024-08-26,Medical Ward,60,1,59,45,5,1,5,0,1,45,76.27,Normal,Bed Management System,True
BED000226,KPJ_01,JCORP Specialist Hospital,2024-08-26,Surgical Ward,55,1,54,42,4,0,5,0,0,41,75.93,Normal,Bed Management System,True
BED000227,KPJ_01,JCORP Specialist Hospital,2024-08-26,Maternity Ward,45,2,43,30,3,0,3,0,0,30,69.77,Underutilised,Bed Management System,True
BED000228,KPJ_01,JCORP Specialist Hospital,2024-08-26,Paediatric Ward,40,0,40,25,2,0,3,0,0,24,60.0,Underutilised,Bed Management System,True
BED000229,KPJ_01,JCORP Specialist Hospital,2024-08-27,Medical Ward,60,0,60,45,5,1,6,1,0,44,73.33,Underutilised,Bed Management System,True
BED000230,KPJ_01,JCORP Specialist Hospital,2024-08-27,Surgical Ward,55,1,54,41,5,0,5,1,0,40,74.07,Underutilised,Bed Management System,True
BED000231,KPJ_01,JCORP Specialist Hospital,2024-08-27,Maternity Ward,45,0,45,30,3,0,4,0,0,29,64.44,Underutilised,Bed Management System,True
BED000232,KPJ_01,JCORP Specialist Hospital,2024-08-27,Paediatric Ward,40,2,38,24,3,0,3,0,0,24,63.16,Underutilised,Bed Management System,True
BED000233,KPJ_01,JCORP Specialist Hospital,2024-08-28,Medical Ward,60,0,60,44,5,1,4,1,0,45,75.0,Normal,Bed Management System,True
BED000234,KPJ_01,JCORP Specialist Hospital,2024-08-28,Surgical Ward,55,1,54,40,4,1,3,1,0,41,75.93,Normal,Bed Management System,True
BED000235,KPJ_01,JCORP Specialist Hospital,2024-08-28,Maternity Ward,45,1,44,29,3,1,2,0,0,31,70.45,Underutilised,Bed Management System,True
BED000236,KPJ_01,JCORP Specialist Hospital,2024-08-28,Paediatric Ward,40,0,40,24,3,0,2,0,0,25,62.5,Underutilised,Bed Management System,True
BED000237,KPJ_01,JCORP Specialist Hospital,2024-08-29,Medical Ward,60,0,60,45,5,1,5,1,0,45,75.0,Normal,Bed Management System,True
BED000238,KPJ_01,JCORP Specialist Hospital,2024-08-29,Surgical Ward,55,1,54,41,5,1,5,1,0,41,75.93,Normal,Bed Management System,True
BED000239,KPJ_01,JCORP Specialist Hospital,2024-08-29,Maternity Ward,45,0,45,31,3,0,3,0,0,31,68.89,Underutilised,Bed Management System,True
BED000240,KPJ_01,JCORP Specialist Hospital,2024-08-29,Paediatric Ward,40,0,40,25,3,0,3,0,0,25,62.5,Underutilised,Bed Management System,True
BED000241,KPJ_01,JCORP Specialist Hospital,2024-08-30,Medical Ward,60,0,60,45,4,1,5,1,0,44,73.33,Underutilised,Bed Management System,True
BED000242,KPJ_01,JCORP Specialist Hospital,2024-08-30,Surgical Ward,55,2,53,41,3,0,4,1,0,39,73.58,Underutilised,Bed Management System,True
BED000243,KPJ_01,JCORP Specialist Hospital,2024-08-30,Maternity Ward,45,1,44,31,3,0,3,0,0,31,70.45,Underutilised,Bed Management System,True
BED000244,KPJ_01,JCORP Specialist Hospital,2024-08-30,Paediatric Ward,40,0,40,25,2,0,2,0,1,24,60.0,Underutilised,Bed Management System,True
BED000245,KPJ_01,JCORP Specialist Hospital,2024-08-31,Medical Ward,60,0,60,44,6,1,5,1,0,45,75.0,Normal,Bed Management System,True
BED000246,KPJ_01,JCORP Specialist Hospital,2024-08-31,Surgical Ward,55,0,55,39,5,1,4,1,0,40,72.73,Underutilised,Bed Management System,True
BED000247,KPJ_01,JCORP Specialist Hospital,2024-08-31,Maternity Ward,45,2,43,31,3,0,3,0,0,31,72.09,Underutilised,Bed Management System,True
BED000248,KPJ_01,JCORP Specialist Hospital,2024-08-31,Paediatric Ward,40,0,40,24,3,0,2,0,0,25,62.5,Underutilised,Bed Management System,True
BED000249,KPJ_01,JCORP Specialist Hospital,2024-09-01,Medical Ward,60,0,60,45,4,0,5,1,0,43,71.67,Underutilised,Bed Management System,True
BED000250,KPJ_01,JCORP Specialist Hospital,2024-09-01,Surgical Ward,55,0,55,40,3,0,4,1,0,38,69.09,Underutilised,Bed Management System,True
BED000251,KPJ_01,JCORP Specialist Hospital,2024-09-01,Maternity Ward,45,1,44,31,3,0,3,0,0,31,70.45,Underutilised,Bed Management System,True
BED000252,KPJ_01,JCORP Specialist Hospital,2024-09-01,Paediatric Ward,40,1,39,25,2,0,2,0,0,25,64.1,Underutilised,Bed Management System,True
BED000253,KPJ_01,JCORP Specialist Hospital,2024-09-02,Medical Ward,60,0,60,43,6,1,6,1,0,43,71.67,Underutilised,Bed Management System,True
BED000254,KPJ_01,JCORP Specialist Hospital,2024-09-02,Surgical Ward,55,0,55,38,5,1,5,1,0,38,69.09,Underutilised,Bed Management System,True
BED000255,KPJ_01,JCORP Specialist Hospital,2024-09-02,Maternity Ward,45,1,44,31,3,0,3,0,0,31,70.45,Underutilised,Bed Management System,True
BED000256,KPJ_01,JCORP Specialist Hospital,2024-09-02,Paediatric Ward,40,0,40,25,3,0,3,0,0,25,62.5,Underutilised,Bed Management System,True
BED000257,KPJ_01,JCORP Specialist Hospital,2024-09-03,Medical Ward,60,0,60,43,5,1,5,0,1,43,71.67,Underutilised,Bed Management System,True
BED000258,KPJ_01,JCORP Specialist Hospital,2024-09-03,Surgical Ward,55,1,54,38,5,0,4,0,0,39,72.22,Underutilised,Bed Management System,True
BED000259,KPJ_01,JCORP Specialist Hospital,2024-09-03,Maternity Ward,45,1,44,31,3,0,3,0,0,31,70.45,Underutilised,Bed Management System,True
BED000260,KPJ_01,JCORP Specialist Hospital,2024-09-03,Paediatric Ward,40,0,40,25,3,0,2,0,0,26,65.0,Underutilised,Bed Management System,True
BED000261,KPJ_01,JCORP Specialist Hospital,2024-09-04,Medical Ward,60,2,58,43,4,1,5,1,0,42,72.41,Underutilised,Bed Management System,True
BED000262,KPJ_01,JCORP Specialist Hospital,2024-09-04,Surgical Ward,55,0,55,39,4,1,5,1,0,38,69.09,Underutilised,Bed Management System,True
BED000263,KPJ_01,JCORP Specialist Hospital,2024-09-04,Maternity Ward,45,0,45,31,3,1,3,1,0,31,68.89,Underutilised,Bed Management System,True
BED000264,KPJ_01,JCORP Specialist Hospital,2024-09-04,Paediatric Ward,40,0,40,26,2,1,3,0,0,26,65.0,Underutilised,Bed Management System,True
BED000265,KPJ_01,JCORP Specialist Hospital,2024-09-05,Medical Ward,60,0,60,42,5,1,5,1,0,42,70.0,Underutilised,Bed Management System,True
BED000266,KPJ_01,JCORP Specialist Hospital,2024-09-05,Surgical Ward,55,0,55,38,4,1,5,1,0,37,67.27,Underutilised,Bed Management System,True
BED000267,KPJ_01,JCORP Specialist Hospital,2024-09-05,Maternity Ward,45,1,44,31,3,0,3,0,0,31,70.45,Underutilised,Bed Management System,True
BED000268,KPJ_01,JCORP Specialist Hospital,2024-09-05,Paediatric Ward,40,0,40,26,3,0,3,0,0,26,65.0,Underutilised,Bed Management System,True
BED000269,KPJ_01,JCORP Specialist Hospital,2024-09-06,Medical Ward,60,0,60,42,6,1,6,1,0,42,70.0,Underutilised,Bed Management System,True
BED000270,KPJ_01,JCORP Specialist Hospital,2024-09-06,Surgical Ward,55,1,54,37,5,1,5,0,1,37,68.52,Underutilised,Bed Management System,True
BED000271,KPJ_01,JCORP Specialist Hospital,2024-09-06,Maternity Ward,45,0,45,31,4,0,4,0,0,31,68.89,Underutilised,Bed Management System,True
BED000272,KPJ_01,JCORP Specialist Hospital,2024-09-06,Paediatric Ward,40,0,40,26,3,0,3,0,0,26,65.0,Underutilised,Bed Management System,True
BED000273,KPJ_01,JCORP Specialist Hospital,2024-09-07,Medical Ward,60,0,60,42,5,1,4,1,0,43,71.67,Underutilised,Bed Management System,True
BED000274,KPJ_01,JCORP Specialist Hospital,2024-09-07,Surgical Ward,55,0,55,37,4,1,3,1,0,38,69.09,Underutilised,Bed Management System,True
BED000275,KPJ_01,JCORP Specialist Hospital,2024-09-07,Maternity Ward,45,0,45,31,3,0,2,0,0,32,71.11,Underutilised,Bed Management System,True
BED000276,KPJ_01,JCORP Specialist Hospital,2024-09-07,Paediatric Ward,40,0,40,26,2,0,2,0,0,26,65.0,Underutilised,Bed Management System,True
BED000277,KPJ_01,JCORP Specialist Hospital,2024-09-08,Medical Ward,60,1,59,43,4,1,4,1,0,43,72.88,Underutilised,Bed Management System,True
BED000278,KPJ_01,JCORP Specialist Hospital,2024-09-08,Surgical Ward,55,0,55,38,3,1,3,0,0,39,70.91,Underutilised,Bed Management System,True
BED000279,KPJ_01,JCORP Specialist Hospital,2024-09-08,Maternity Ward,45,0,45,32,2,1,3,0,0,32,71.11,Underutilised,Bed Management System,True
BED000280,KPJ_01,JCORP Specialist Hospital,2024-09-08,Paediatric Ward,40,0,40,26,2,0,2,0,0,26,65.0,Underutilised,Bed Management System,True
BED000281,KPJ_01,JCORP Specialist Hospital,2024-09-09,Medical Ward,60,0,60,43,4,1,4,1,0,43,71.67,Underutilised,Bed Management System,True
BED000282,KPJ_01,JCORP Specialist Hospital,2024-09-09,Surgical Ward,55,1,54,39,4,1,4,1,0,39,72.22,Underutilised,Bed Management System,True
BED000283,KPJ_01,JCORP Specialist Hospital,2024-09-09,Maternity Ward,45,0,45,32,3,1,3,1,0,32,71.11,Underutilised,Bed Management System,True
BED000284,KPJ_01,JCORP Specialist Hospital,2024-09-09,Paediatric Ward,40,0,40,26,2,0,2,0,0,26,65.0,Underutilised,Bed Management System,True
BED000285,KPJ_01,JCORP Specialist Hospital,2024-09-10,Medical Ward,60,0,60,43,6,1,6,1,0,43,71.67,Underutilised,Bed Management System,True
BED000286,KPJ_01,JCORP Specialist Hospital,2024-09-10,Surgical Ward,55,1,54,39,5,1,5,1,0,39,72.22,Underutilised,Bed Management System,True
BED000287,KPJ_01,JCORP Specialist Hospital,2024-09-10,Maternity Ward,45,0,45,32,4,1,3,0,0,34,75.56,Normal,Bed Management System,True
BED000288,KPJ_01,JCORP Specialist Hospital,2024-09-10,Paediatric Ward,40,0,40,26,3,0,3,0,0,26,65.0,Underutilised,Bed Management System,True
BED000289,KPJ_01,JCORP Specialist Hospital,2024-09-11,Medical Ward,60,1,59,43,5,0,6,1,0,41,69.49,Underutilised,Bed Management System,True
BED000290,KPJ_01,JCORP Specialist Hospital,2024-09-11,Surgical Ward,55,0,55,39,5,0,5,0,0,39,70.91,Underutilised,Bed Management System,True
BED000291,KPJ_01,JCORP Specialist Hospital,2024-09-11,Maternity Ward,45,1,44,34,3,0,4,0,0,33,75.0,Normal,Bed Management System,True
BED000292,KPJ_01,JCORP Specialist Hospital,2024-09-11,Paediatric Ward,40,1,39,26,3,0,3,0,0,26,66.67,Underutilised,Bed Management System,True
BED000293,KPJ_01,JCORP Specialist Hospital,2024-09-12,Medical Ward,60,0,60,41,5,1,5,1,0,41,68.33,Underutilised,Bed Management System,True
BED000294,KPJ_01,JCORP Specialist Hospital,2024-09-12,Surgical Ward,55,0,55,39,4,0,4,1,0,38,69.09,Underutilised,Bed Management System,True
BED000295,KPJ_01,JCORP Specialist Hospital,2024-09-12,Maternity Ward,45,0,45,33,3,0,3,0,0,33,73.33,Underutilised,Bed Management System,True
BED000296,KPJ_01,JCORP Specialist Hospital,2024-09-12,Paediatric Ward,40,1,39,26,3,0,3,0,0,26,66.67,Underutilised,Bed Management System,True
BED000297,KPJ_01,JCORP Specialist Hospital,2024-09-13,Medical Ward,60,0,60,41,6,1,6,1,0,41,68.33,Underutilised,Bed Management System,True
BED000298,KPJ_01,JCORP Specialist Hospital,2024-09-13,Surgical Ward,55,0,55,38,5,1,5,1,0,38,69.09,Underutilised,Bed Management System,True
BED000299,KPJ_01,JCORP Specialist Hospital,2024-09-13,Maternity Ward,45,0,45,33,4,0,4,0,0,33,73.33,Underutilised,Bed Management System,True
BED000300,KPJ_01,JCORP Specialist Hospital,2024-09-13,Paediatric Ward,40,0,40,26,3,0,3,0,0,26,65.0,Underutilised,Bed Management System,True
BED000301,KPJ_01,JCORP Specialist Hospital,2024-09-14,Medical Ward,60,1,59,41,6,1,7,1,0,40,67.8,Underutilised,Bed Management System,True
BED000302,KPJ_01,JCORP Specialist Hospital,2024-09-14,Surgical Ward,55,0,55,38,6,0,6,1,0,37,67.27,Underutilised,Bed Management System,True
BED000303,KPJ_01,JCORP Specialist Hospital,2024-09-14,Maternity Ward,45,1,44,33,4,0,5,0,0,32,72.73,Underutilised,Bed Management System,True
BED000304,KPJ_01,JCORP Specialist Hospital,2024-09-14,Paediatric Ward,40,0,40,26,3,0,3,0,0,26,65.0,Underutilised,Bed Management System,True
BED000305,KPJ_01,JCORP Specialist Hospital,2024-09-15,Medical Ward,60,0,60,40,6,1,6,1,0,40,66.67,Underutilised,Bed Management System,True
BED000306,KPJ_01,JCORP Specialist Hospital,2024-09-15,Surgical Ward,55,2,53,37,5,1,5,1,0,37,69.81,Underutilised,Bed Management System,True
BED000307,KPJ_01,JCORP Specialist Hospital,2024-09-15,Maternity Ward,45,0,45,32,4,0,4,0,0,32,71.11,Underutilised,Bed Management System,True
BED000308,KPJ_01,JCORP Specialist Hospital,2024-09-15,Paediatric Ward,40,0,40,26,3,0,3,0,0,26,65.0,Underutilised,Bed Management System,True
BED000309,KPJ_01,JCORP Specialist Hospital,2024-09-16,Medical Ward,60,1,59,40,5,1,5,1,0,40,67.8,Underutilised,Bed Management System,True
BED000310,KPJ_01,JCORP Specialist Hospital,2024-09-16,Surgical Ward,55,1,54,37,4,1,4,1,0,37,68.52,Underutilised,Bed Management System,True
BED000311,KPJ_01,JCORP Specialist Hospital,2024-09-16,Maternity Ward,45,0,45,32,3,0,3,1,0,31,68.89,Underutilised,Bed Management System,True
BED000312,KPJ_01,JCORP Specialist Hospital,2024-09-16,Paediatric Ward,40,0,40,26,3,0,3,0,0,26,65.0,Underutilised,Bed Management System,True
BED000313,KPJ_01,JCORP Specialist Hospital,2024-09-17,Medical Ward,60,0,60,40,5,1,4,1,0,41,68.33,Underutilised,Bed Management System,True
BED000314,KPJ_01,JCORP Specialist Hospital,2024-09-17,Surgical Ward,55,1,54,37,4,1,4,1,0,37,68.52,Underutilised,Bed Management System,True
BED000315,KPJ_01,JCORP Specialist Hospital,2024-09-17,Maternity Ward,45,0,45,31,3,1,3,0,0,32,71.11,Underutilised,Bed Management System,True
BED000316,KPJ_01,JCORP Specialist Hospital,2024-09-17,Paediatric Ward,40,2,38,26,2,1,2,0,0,27,71.05,Underutilised,Bed Management System,True
BED000317,KPJ_01,JCORP Specialist Hospital,2024-09-18,Medical Ward,60,1,59,41,6,1,6,1,0,41,69.49,Underutilised,Bed Management System,True
BED000318,KPJ_01,JCORP Specialist Hospital,2024-09-18,Surgical Ward,55,0,55,37,5,1,6,1,0,36,65.45,Underutilised,Bed Management System,True
BED000319,KPJ_01,JCORP Specialist Hospital,2024-09-18,Maternity Ward,45,3,42,32,4,0,4,0,1,31,73.81,Underutilised,Bed Management System,True
BED000320,KPJ_01,JCORP Specialist Hospital,2024-09-18,Paediatric Ward,40,1,39,27,3,0,3,0,0,27,69.23,Underutilised,Bed Management System,True
BED000321,KPJ_01,JCORP Specialist Hospital,2024-09-19,Medical Ward,60,2,58,41,6,1,6,1,0,41,70.69,Underutilised,Bed Management System,True
BED000322,KPJ_01,JCORP Specialist Hospital,2024-09-19,Surgical Ward,55,0,55,36,5,1,5,0,0,37,67.27,Underutilised,Bed Management System,True
BED000323,KPJ_01,JCORP Specialist Hospital,2024-09-19,Maternity Ward,45,0,45,31,3,1,3,0,0,32,71.11,Underutilised,Bed Management System,True
BED000324,KPJ_01,JCORP Specialist Hospital,2024-09-19,Paediatric Ward,40,0,40,27,3,0,3,0,0,27,67.5,Underutilised,Bed Management System,True
BED000325,KPJ_01,JCORP Specialist Hospital,2024-09-20,Medical Ward,60,1,59,41,5,1,5,1,0,41,69.49,Underutilised,Bed Management System,True
BED000326,KPJ_01,JCORP Specialist Hospital,2024-09-20,Surgical Ward,55,0,55,37,4,0,4,0,0,37,67.27,Underutilised,Bed Management System,True
BED000327,KPJ_01,JCORP Specialist Hospital,2024-09-20,Maternity Ward,45,1,44,32,3,0,3,0,0,32,72.73,Underutilised,Bed Management System,True
BED000328,KPJ_01,JCORP Specialist Hospital,2024-09-20,Paediatric Ward,40,1,39,27,2,0,2,0,0,27,69.23,Underutilised,Bed Management System,True
BED000329,KPJ_01,JCORP Specialist Hospital,2024-09-21,Medical Ward,60,0,60,41,5,1,6,1,0,40,66.67,Underutilised,Bed Management System,True
BED000330,KPJ_01,JCORP Specialist Hospital,2024-09-21,Surgical Ward,55,0,55,37,5,1,6,0,0,37,67.27,Underutilised,Bed Management System,True
BED000331,KPJ_01,JCORP Specialist Hospital,2024-09-21,Maternity Ward,45,2,43,32,3,0,4,0,0,31,72.09,Underutilised,Bed Management System,True
BED000332,KPJ_01,JCORP Specialist Hospital,2024-09-21,Paediatric Ward,40,1,39,27,3,0,3,0,1,26,66.67,Underutilised,Bed Management System,True
BED000333,KPJ_01,JCORP Specialist Hospital,2024-09-22,Medical Ward,60,0,60,40,4,1,5,1,0,39,65.0,Underutilised,Bed Management System,True
BED000334,KPJ_01,JCORP Specialist Hospital,2024-09-22,Surgical Ward,55,0,55,37,3,1,5,1,0,35,63.64,Underutilised,Bed Management System,True
BED000335,KPJ_01,JCORP Specialist Hospital,2024-09-22,Maternity Ward,45,1,44,31,2,0,3,1,0,29,65.91,Underutilised,Bed Management System,True
BED000336,KPJ_01,JCORP Specialist Hospital,2024-09-22,Paediatric Ward,40,1,39,26,2,0,3,0,0,25,64.1,Underutilised,Bed Management System,True
BED000337,KPJ_01,JCORP Specialist Hospital,2024-09-23,Medical Ward,60,0,60,39,6,1,5,1,0,40,66.67,Underutilised,Bed Management System,True
BED000338,KPJ_01,JCORP Specialist Hospital,2024-09-23,Surgical Ward,55,1,54,35,5,0,5,0,0,35,64.81,Underutilised,Bed Management System,True
BED000339,KPJ_01,JCORP Specialist Hospital,2024-09-23,Maternity Ward,45,1,44,29,3,0,3,0,0,29,65.91,Underutilised,Bed Management System,True
BED000340,KPJ_01,JCORP Specialist Hospital,2024-09-23,Paediatric Ward,40,0,40,25,3,0,3,0,0,25,62.5,Underutilised,Bed Management System,True
BED000341,KPJ_01,JCORP Specialist Hospital,2024-09-24,Medical Ward,60,0,60,40,4,1,3,1,0,41,68.33,Underutilised,Bed Management System,True
BED000342,KPJ_01,JCORP Specialist Hospital,2024-09-24,Surgical Ward,55,0,55,35,3,1,3,1,0,35,63.64,Underutilised,Bed Management System,True
BED000343,KPJ_01,JCORP Specialist Hospital,2024-09-24,Maternity Ward,45,0,45,29,3,0,2,1,0,29,64.44,Underutilised,Bed Management System,True
BED000344,KPJ_01,JCORP Specialist Hospital,2024-09-24,Paediatric Ward,40,0,40,25,2,0,2,0,0,25,62.5,Underutilised,Bed Management System,True
BED000345,KPJ_01,JCORP Specialist Hospital,2024-09-25,Medical Ward,60,2,58,41,5,1,4,1,0,42,72.41,Underutilised,Bed Management System,True
BED000346,KPJ_01,JCORP Specialist Hospital,2024-09-25,Surgical Ward,55,0,55,35,4,1,4,0,0,36,65.45,Underutilised,Bed Management System,True
BED000347,KPJ_01,JCORP Specialist Hospital,2024-09-25,Maternity Ward,45,2,43,29,3,0,3,0,0,29,67.44,Underutilised,Bed Management System,True
BED000348,KPJ_01,JCORP Specialist Hospital,2024-09-25,Paediatric Ward,40,0,40,25,3,0,2,0,0,26,65.0,Underutilised,Bed Management System,True
BED000349,KPJ_01,JCORP Specialist Hospital,2024-09-26,Medical Ward,60,3,57,42,5,1,4,1,0,43,75.44,Normal,Bed Management System,True
BED000350,KPJ_01,JCORP Specialist Hospital,2024-09-26,Surgical Ward,55,0,55,36,5,1,3,0,0,39,70.91,Underutilised,Bed Management System,True
BED000351,KPJ_01,JCORP Specialist Hospital,2024-09-26,Maternity Ward,45,0,45,29,3,1,2,0,0,31,68.89,Underutilised,Bed Management System,True
BED000352,KPJ_01,JCORP Specialist Hospital,2024-09-26,Paediatric Ward,40,0,40,26,3,0,2,0,0,27,67.5,Underutilised,Bed Management System,True
BED000353,KPJ_01,JCORP Specialist Hospital,2024-09-27,Medical Ward,60,2,58,43,6,1,5,1,0,44,75.86,Normal,Bed Management System,True
BED000354,KPJ_01,JCORP Specialist Hospital,2024-09-27,Surgical Ward,55,1,54,39,5,0,4,0,0,40,74.07,Underutilised,Bed Management System,True
BED000355,KPJ_01,JCORP Specialist Hospital,2024-09-27,Maternity Ward,45,0,45,31,3,0,3,0,0,31,68.89,Underutilised,Bed Management System,True
BED000356,KPJ_01,JCORP Specialist Hospital,2024-09-27,Paediatric Ward,40,0,40,27,3,0,3,0,0,27,67.5,Underutilised,Bed Management System,True
BED000357,KPJ_01,JCORP Specialist Hospital,2024-09-28,Medical Ward,60,0,60,44,6,1,6,1,0,44,73.33,Underutilised,Bed Management System,True
BED000358,KPJ_01,JCORP Specialist Hospital,2024-09-28,Surgical Ward,55,1,54,40,5,1,5,1,0,40,74.07,Underutilised,Bed Management System,True
BED000359,KPJ_01,JCORP Specialist Hospital,2024-09-28,Maternity Ward,45,0,45,31,4,0,3,0,0,32,71.11,Underutilised,Bed Management System,True
BED000360,KPJ_01,JCORP Specialist Hospital,2024-09-28,Paediatric Ward,40,0,40,27,3,0,3,0,0,27,67.5,Underutilised,Bed Management System,True
BED000361,KPJ_01,JCORP Specialist Hospital,2024-09-29,Medical Ward,60,1,59,44,5,0,3,1,0,45,76.27,Normal,Bed Management System,True
BED000362,KPJ_01,JCORP Specialist Hospital,2024-09-29,Surgical Ward,55,0,55,40,4,0,3,1,0,40,72.73,Underutilised,Bed Management System,True
BED000363,KPJ_01,JCORP Specialist Hospital,2024-09-29,Maternity Ward,45,1,44,32,3,0,2,1,0,32,72.73,Underutilised,Bed Management System,True
BED000364,KPJ_01,JCORP Specialist Hospital,2024-09-29,Paediatric Ward,40,1,39,27,2,0,2,0,0,27,69.23,Underutilised,Bed Management System,True
BED000365,KPJ_01,JCORP Specialist Hospital,2024-09-30,Medical Ward,60,0,60,45,6,1,7,1,0,44,73.33,Underutilised,Bed Management System,True
BED000366,KPJ_01,JCORP Specialist Hospital,2024-09-30,Surgical Ward,55,0,55,40,5,1,6,0,0,40,72.73,Underutilised,Bed Management System,True
BED000367,KPJ_01,JCORP Specialist Hospital,2024-09-30,Maternity Ward,45,0,45,32,3,0,4,0,0,31,68.89,Underutilised,Bed Management System,True
BED000368,KPJ_01,JCORP Specialist Hospital,2024-09-30,Paediatric Ward,40,0,40,27,3,0,3,0,0,27,67.5,Underutilised,Bed Management System,True
BED000369,KPJ_01,JCORP Specialist Hospital,2024-10-01,Medical Ward,60,0,60,44,5,1,6,1,0,43,71.67,Underutilised,Bed Management System,True
BED000370,KPJ_01,JCORP Specialist Hospital,2024-10-01,Surgical Ward,55,1,54,40,5,1,5,1,0,40,74.07,Underutilised,Bed Management System,True
BED000371,KPJ_01,JCORP Specialist Hospital,2024-10-01,Maternity Ward,45,0,45,31,3,0,4,1,0,29,64.44,Underutilised,Bed Management System,True
BED000372,KPJ_01,JCORP Specialist Hospital,2024-10-01,Paediatric Ward,40,0,40,27,3,0,3,0,1,26,65.0,Underutilised,Bed Management System,True
BED000373,KPJ_01,JCORP Specialist Hospital,2024-10-02,Medical Ward,60,1,59,43,5,1,5,1,0,43,72.88,Underutilised,Bed Management System,True
BED000374,KPJ_01,JCORP Specialist Hospital,2024-10-02,Surgical Ward,55,2,53,40,5,1,4,1,0,41,77.36,Normal,Bed Management System,True
BED000375,KPJ_01,JCORP Specialist Hospital,2024-10-02,Maternity Ward,45,0,45,29,3,0,3,1,0,28,62.22,Underutilised,Bed Management System,True
BED000376,KPJ_01,JCORP Specialist Hospital,2024-10-02,Paediatric Ward,40,1,39,26,3,0,3,0,0,26,66.67,Underutilised,Bed Management System,True
BED000377,KPJ_01,JCORP Specialist Hospital,2024-10-03,Medical Ward,60,0,60,43,6,1,6,1,0,43,71.67,Underutilised,Bed Management System,True
BED000378,KPJ_01,JCORP Specialist Hospital,2024-10-03,Surgical Ward,55,0,55,41,5,1,6,0,1,40,72.73,Underutilised,Bed Management System,True
BED000379,KPJ_01,JCORP Specialist Hospital,2024-10-03,Maternity Ward,45,0,45,28,3,0,4,0,0,27,60.0,Underutilised,Bed Management System,True
BED000380,KPJ_01,JCORP Specialist Hospital,2024-10-03,Paediatric Ward,40,2,38,26,3,0,3,0,0,26,68.42,Underutilised,Bed Management System,True
BED000381,KPJ_01,JCORP Specialist Hospital,2024-10-04,Medical Ward,60,2,58,43,7,1,6,1,0,44,75.86,Normal,Bed Management System,True
BED000382,KPJ_01,JCORP Specialist Hospital,2024-10-04,Surgical Ward,55,2,53,40,6,1,6,1,0,40,75.47,Normal,Bed Management System,True
BED000383,KPJ_01,JCORP Specialist Hospital,2024-10-04,Maternity Ward,45,1,44,27,4,0,4,0,0,27,61.36,Underutilised,Bed Management System,True
BED000384,KPJ_01,JCORP Specialist Hospital,2024-10-04,Paediatric Ward,40,0,40,26,3,0,3,0,0,26,65.0,Underutilised,Bed Management System,True
BED000385,KPJ_01,JCORP Specialist Hospital,2024-10-05,Medical Ward,60,1,59,44,5,1,5,1,0,44,74.58,Underutilised,Bed Management System,True
BED000386,KPJ_01,JCORP Specialist Hospital,2024-10-05,Surgical Ward,55,2,53,40,5,0,4,1,0,40,75.47,Normal,Bed Management System,True
BED000387,KPJ_01,JCORP Specialist Hospital,2024-10-05,Maternity Ward,45,0,45,27,3,0,3,0,0,27,60.0,Underutilised,Bed Management System,True
BED000388,KPJ_01,JCORP Specialist Hospital,2024-10-05,Paediatric Ward,40,3,37,26,3,0,2,0,0,27,72.97,Underutilised,Bed Management System,True
BED000389,KPJ_01,JCORP Specialist Hospital,2024-10-06,Medical Ward,60,3,57,44,4,1,4,1,0,44,77.19,Normal,Bed Management System,True
BED000390,KPJ_01,JCORP Specialist Hospital,2024-10-06,Surgical Ward,55,2,53,40,4,0,4,0,0,40,75.47,Normal,Bed Management System,True
BED000391,KPJ_01,JCORP Specialist Hospital,2024-10-06,Maternity Ward,45,1,44,27,3,0,3,0,0,27,61.36,Underutilised,Bed Management System,True
BED000392,KPJ_01,JCORP Specialist Hospital,2024-10-06,Paediatric Ward,40,2,38,27,2,0,2,0,0,27,71.05,Underutilised,Bed Management System,True
BED000393,KPJ_01,JCORP Specialist Hospital,2024-10-07,Medical Ward,60,2,58,44,6,1,7,1,0,43,74.14,Underutilised,Bed Management System,True
BED000394,KPJ_01,JCORP Specialist Hospital,2024-10-07,Surgical Ward,55,0,55,40,5,0,6,0,0,39,70.91,Underutilised,Bed Management System,True
BED000395,KPJ_01,JCORP Specialist Hospital,2024-10-07,Maternity Ward,45,1,44,27,3,0,5,0,0,25,56.82,Underutilised,Bed Management System,True
BED000396,KPJ_01,JCORP Specialist Hospital,2024-10-07,Paediatric Ward,40,0,40,27,3,0,3,0,1,26,65.0,Underutilised,Bed Management System,True
BED000397,KPJ_01,JCORP Specialist Hospital,2024-10-08,Medical Ward,60,0,60,43,5,1,4,1,0,44,73.33,Underutilised,Bed Management System,True
BED000398,KPJ_01,JCORP Specialist Hospital,2024-10-08,Surgical Ward,55,1,54,39,5,1,4,0,0,41,75.93,Normal,Bed Management System,True
BED000399,KPJ_01,JCORP Specialist Hospital,2024-10-08,Maternity Ward,45,0,45,25,3,0,3,0,0,25,55.56,Underutilised,Bed Management System,True
BED000400,KPJ_01,JCORP Specialist Hospital,2024-10-08,Paediatric Ward,40,1,39,26,3,0,2,0,0,27,69.23,Underutilised,Bed Management System,True
BED000401,KPJ_01,JCORP Specialist Hospital,2024-10-09,Medical Ward,60,0,60,44,6,1,6,1,0,44,73.33,Underutilised,Bed Management System,True
BED000402,KPJ_01,JCORP Specialist Hospital,2024-10-09,Surgical Ward,55,0,55,41,5,1,6,1,0,40,72.73,Underutilised,Bed Management System,True
BED000403,KPJ_01,JCORP Specialist Hospital,2024-10-09,Maternity Ward,45,1,44,25,3,1,4,1,0,24,54.55,Underutilised,Bed Management System,True
BED000404,KPJ_01,JCORP Specialist Hospital,2024-10-09,Paediatric Ward,40,0,40,27,3,0,3,0,0,27,67.5,Underutilised,Bed Management System,True
BED000405,KPJ_01,JCORP Specialist Hospital,2024-10-10,Medical Ward,60,1,59,44,7,1,6,1,0,45,76.27,Normal,Bed Management System,True
BED000406,KPJ_01,JCORP Specialist Hospital,2024-10-10,Surgical Ward,55,0,55,40,6,1,6,0,0,41,74.55,Underutilised,Bed Management System,True
BED000407,KPJ_01,JCORP Specialist Hospital,2024-10-10,Maternity Ward,45,0,45,24,4,0,4,0,0,24,53.33,Underutilised,Bed Management System,True
BED000408,KPJ_01,JCORP Specialist Hospital,2024-10-10,Paediatric Ward,40,0,40,27,3,0,3,0,1,26,65.0,Underutilised,Bed Management System,True
BED000409,KPJ_01,JCORP Specialist Hospital,2024-10-11,Medical Ward,60,2,58,45,6,1,6,1,0,45,77.59,Normal,Bed Management System,True
BED000410,KPJ_01,JCORP Specialist Hospital,2024-10-11,Surgical Ward,55,0,55,41,5,1,5,0,0,42,76.36,Normal,Bed Management System,True
BED000411,KPJ_01,JCORP Specialist Hospital,2024-10-11,Maternity Ward,45,1,44,24,3,0,4,0,0,23,52.27,Underutilised,Bed Management System,True
BED000412,KPJ_01,JCORP Specialist Hospital,2024-10-11,Paediatric Ward,40,3,37,26,3,0,3,0,0,26,70.27,Underutilised,Bed Management System,True
BED000413,KPJ_01,JCORP Specialist Hospital,2024-10-12,Medical Ward,60,0,60,45,4,1,4,1,0,45,75.0,Normal,Bed Management System,True
BED000414,KPJ_01,JCORP Specialist Hospital,2024-10-12,Surgical Ward,55,0,55,42,4,1,3,0,0,44,80.0,Normal,Bed Management System,True
BED000415,KPJ_01,JCORP Specialist Hospital,2024-10-12,Maternity Ward,45,0,45,23,3,1,2,0,0,25,55.56,Underutilised,Bed Management System,True
BED000416,KPJ_01,JCORP Specialist Hospital,2024-10-12,Paediatric Ward,40,0,40,26,2,0,2,0,1,25,62.5,Underutilised,Bed Management System,True
BED000417,KPJ_01,JCORP Specialist Hospital,2024-10-13,Medical Ward,60,0,60,45,5,1,6,1,0,44,73.33,Underutilised,Bed Management System,True
BED000418,KPJ_01,JCORP Specialist Hospital,2024-10-13,Surgical Ward,55,0,55,44,4,0,5,1,0,42,76.36,Normal,Bed Management System,True
BED000419,KPJ_01,JCORP Specialist Hospital,2024-10-13,Maternity Ward,45,0,45,25,3,0,3,0,0,25,55.56,Underutilised,Bed Management System,True
BED000420,KPJ_01,JCORP Specialist Hospital,2024-10-13,Paediatric Ward,40,2,38,25,2,0,3,0,0,24,63.16,Underutilised,Bed Management System,True
BED000421,KPJ_01,JCORP Specialist Hospital,2024-10-14,Medical Ward,60,2,58,44,4,0,4,0,0,44,75.86,Normal,Bed Management System,True
BED000422,KPJ_01,JCORP Specialist Hospital,2024-10-14,Surgical Ward,55,0,55,42,4,0,4,0,0,42,76.36,Normal,Bed Management System,True
BED000423,KPJ_01,JCORP Specialist Hospital,2024-10-14,Maternity Ward,45,0,45,25,3,0,3,0,0,25,55.56,Underutilised,Bed Management System,True
BED000424,KPJ_01,JCORP Specialist Hospital,2024-10-14,Paediatric Ward,40,0,40,24,2,0,2,0,0,24,60.0,Underutilised,Bed Management System,True
BED000425,KPJ_01,JCORP Specialist Hospital,2024-10-15,Medical Ward,60,0,60,44,5,1,4,1,0,45,75.0,Normal,Bed Management System,True
BED000426,KPJ_01,JCORP Specialist Hospital,2024-10-15,Surgical Ward,55,2,53,42,4,1,3,0,2,42,79.25,Normal,Bed Management System,True
BED000427,KPJ_01,JCORP Specialist Hospital,2024-10-15,Maternity Ward,45,0,45,25,3,0,3,0,1,24,53.33,Underutilised,Bed Management System,True
BED000428,KPJ_01,JCORP Specialist Hospital,2024-10-15,Paediatric Ward,40,1,39,24,3,0,2,0,0,25,64.1,Underutilised,Bed Management System,True
BED000429,KPJ_01,JCORP Specialist Hospital,2024-10-16,Medical Ward,60,0,60,45,6,1,4,1,0,47,78.33,Normal,Bed Management System,True
BED000430,KPJ_01,JCORP Specialist Hospital,2024-10-16,Surgical Ward,55,0,55,42,5,0,4,0,0,43,78.18,Normal,Bed Management System,True
BED000431,KPJ_01,JCORP Specialist Hospital,2024-10-16,Maternity Ward,45,0,45,24,3,0,3,0,0,24,53.33,Underutilised,Bed Management System,True
BED000432,KPJ_01,JCORP Specialist Hospital,2024-10-16,Paediatric Ward,40,0,40,25,3,0,2,0,0,26,65.0,Underutilised,Bed Management System,True
BED000433,KPJ_01,JCORP Specialist Hospital,2024-10-17,Medical Ward,60,0,60,47,5,1,6,1,0,46,76.67,Normal,Bed Management System,True
BED000434,KPJ_01,JCORP Specialist Hospital,2024-10-17,Surgical Ward,55,0,55,43,5,0,5,0,0,43,78.18,Normal,Bed Management System,True
BED000435,KPJ_01,JCORP Specialist Hospital,2024-10-17,Maternity Ward,45,1,44,24,3,0,3,0,0,24,54.55,Underutilised,Bed Management System,True
BED000436,KPJ_01,JCORP Specialist Hospital,2024-10-17,Paediatric Ward,40,0,40,26,3,0,3,0,0,26,65.0,Underutilised,Bed Management System,True
BED000437,KPJ_01,JCORP Specialist Hospital,2024-10-18,Medical Ward,60,1,59,46,4,1,3,1,1,46,77.97,Normal,Bed Management System,True
BED000438,KPJ_01,JCORP Specialist Hospital,2024-10-18,Surgical Ward,55,0,55,43,3,0,3,0,0,43,78.18,Normal,Bed Management System,True
BED000439,KPJ_01,JCORP Specialist Hospital,2024-10-18,Maternity Ward,45,0,45,24,3,0,2,0,0,25,55.56,Underutilised,Bed Management System,True
BED000440,KPJ_01,JCORP Specialist Hospital,2024-10-18,Paediatric Ward,40,2,38,26,2,0,1,0,0,27,71.05,Underutilised,Bed Management System,True
BED000441,KPJ_01,JCORP Specialist Hospital,2024-10-19,Medical Ward,60,0,60,46,5,1,3,1,0,48,80.0,Normal,Bed Management System,True
BED000442,KPJ_01,JCORP Specialist Hospital,2024-10-19,Surgical Ward,55,0,55,43,4,0,3,1,0,43,78.18,Normal,Bed Management System,True
BED000443,KPJ_01,JCORP Specialist Hospital,2024-10-19,Maternity Ward,45,0,45,25,3,0,2,1,0,25,55.56,Underutilised,Bed Management System,True
BED000444,KPJ_01,JCORP Specialist Hospital,2024-10-19,Paediatric Ward,40,1,39,27,2,0,2,0,0,27,69.23,Underutilised,Bed Management System,True
BED000445,KPJ_01,JCORP Specialist Hospital,2024-10-20,Medical Ward,60,3,57,48,4,2,4,1,3,46,80.7,Normal,Bed Management System,True
BED000446,KPJ_01,JCORP Specialist Hospital,2024-10-20,Surgical Ward,55,0,55,43,3,1,3,0,0,44,80.0,Normal,Bed Management System,True
BED000447,KPJ_01,JCORP Specialist Hospital,2024-10-20,Maternity Ward,45,1,44,25,3,1,2,0,0,27,61.36,Underutilised,Bed Management System,True
BED000448,KPJ_01,JCORP Specialist Hospital,2024-10-20,Paediatric Ward,40,1,39,27,2,1,2,0,0,28,71.79,Underutilised,Bed Management System,True
BED000449,KPJ_01,JCORP Specialist Hospital,2024-10-21,Medical Ward,60,2,58,46,5,1,5,1,0,46,79.31,Normal,Bed Management System,True
BED000450,KPJ_01,JCORP Specialist Hospital,2024-10-21,Surgical Ward,55,0,55,44,5,1,5,0,1,44,80.0,Normal,Bed Management System,True
BED000451,KPJ_01,JCORP Specialist Hospital,2024-10-21,Maternity Ward,45,0,45,27,3,0,3,0,0,27,60.0,Underutilised,Bed Management System,True
BED000452,KPJ_01,JCORP Specialist Hospital,2024-10-21,Paediatric Ward,40,0,40,28,3,0,3,0,0,28,70.0,Underutilised,Bed Management System,True
BED000453,KPJ_01,JCORP Specialist Hospital,2024-10-22,Medical Ward,60,0,60,46,5,1,4,0,0,48,80.0,Normal,Bed Management System,True
BED000454,KPJ_01,JCORP Specialist Hospital,2024-10-22,Surgical Ward,55,0,55,44,4,1,3,0,2,44,80.0,Normal,Bed Management System,True
BED000455,KPJ_01,JCORP Specialist Hospital,2024-10-22,Maternity Ward,45,0,45,27,3,0,3,0,0,27,60.0,Underutilised,Bed Management System,True
BED000456,KPJ_01,JCORP Specialist Hospital,2024-10-22,Paediatric Ward,40,0,40,28,2,0,2,0,0,28,70.0,Underutilised,Bed Management System,True
BED000457,KPJ_01,JCORP Specialist Hospital,2024-10-23,Medical Ward,60,3,57,48,4,1,4,1,3,45,78.95,Normal,Bed Management System,True
BED000458,KPJ_01,JCORP Specialist Hospital,2024-10-23,Surgical Ward,55,0,55,44,3,0,4,1,0,42,76.36,Normal,Bed Management System,True
BED000459,KPJ_01,JCORP Specialist Hospital,2024-10-23,Maternity Ward,45,0,45,27,3,0,3,0,0,27,60.0,Underutilised,Bed Management System,True
BED000460,KPJ_01,JCORP Specialist Hospital,2024-10-23,Paediatric Ward,40,0,40,28,2,0,2,0,0,28,70.0,Underutilised,Bed Management System,True
BED000461,KPJ_01,JCORP Specialist Hospital,2024-10-24,Medical Ward,60,0,60,45,6,1,4,1,1,46,76.67,Normal,Bed Management System,True
BED000462,KPJ_01,JCORP Specialist Hospital,2024-10-24,Surgical Ward,55,1,54,42,5,0,4,0,0,43,79.63,Normal,Bed Management System,True
BED000463,KPJ_01,JCORP Specialist Hospital,2024-10-24,Maternity Ward,45,0,45,27,3,0,3,0,0,27,60.0,Underutilised,Bed Management System,True
BED000464,KPJ_01,JCORP Specialist Hospital,2024-10-24,Paediatric Ward,40,0,40,28,3,0,2,0,0,29,72.5,Underutilised,Bed Management System,True
BED000465,KPJ_01,JCORP Specialist Hospital,2024-10-25,Medical Ward,60,1,59,46,4,1,4,1,0,46,77.97,Normal,Bed Management System,True
BED000466,KPJ_01,JCORP Specialist Hospital,2024-10-25,Surgical Ward,55,2,53,43,4,1,3,0,3,42,79.25,Normal,Bed Management System,True
BED000467,KPJ_01,JCORP Specialist Hospital,2024-10-25,Maternity Ward,45,2,43,27,3,0,2,0,0,28,65.12,Underutilised,Bed Management System,True
BED000468,KPJ_01,JCORP Specialist Hospital,2024-10-25,Paediatric Ward,40,0,40,29,2,0,2,0,0,29,72.5,Underutilised,Bed Management System,True
BED000469,KPJ_01,JCORP Specialist Hospital,2024-10-26,Medical Ward,60,0,60,46,6,1,5,1,1,46,76.67,Normal,Bed Management System,True
BED000470,KPJ_01,JCORP Specialist Hospital,2024-10-26,Surgical Ward,55,0,55,42,5,1,5,0,0,43,78.18,Normal,Bed Management System,True
BED000471,KPJ_01,JCORP Specialist Hospital,2024-10-26,Maternity Ward,45,1,44,28,3,0,3,0,1,27,61.36,Underutilised,Bed Management System,True
BED000472,KPJ_01,JCORP Specialist Hospital,2024-10-26,Paediatric Ward,40,2,38,29,3,0,3,0,1,28,73.68,Underutilised,Bed Management System,True
BED000473,KPJ_01,JCORP Specialist Hospital,2024-10-27,Medical Ward,60,0,60,46,5,1,5,1,0,46,76.67,Normal,Bed Management System,True
BED000474,KPJ_01,JCORP Specialist Hospital,2024-10-27,Surgical Ward,55,1,54,43,5,0,4,0,1,43,79.63,Normal,Bed Management System,True
BED000475,KPJ_01,JCORP Specialist Hospital,2024-10-27,Maternity Ward,45,1,44,27,3,0,3,0,0,27,61.36,Underutilised,Bed Management System,True
BED000476,KPJ_01,JCORP Specialist Hospital,2024-10-27,Paediatric Ward,40,0,40,28,3,0,2,0,0,29,72.5,Underutilised,Bed Management System,True
BED000477,KPJ_01,JCORP Specialist Hospital,2024-10-28,Medical Ward,60,2,58,46,5,1,5,1,0,46,79.31,Normal,Bed Management System,True
BED000478,KPJ_01,JCORP Specialist Hospital,2024-10-28,Surgical Ward,55,0,55,43,4,1,4,1,0,43,78.18,Normal,Bed Management System,True
BED000479,KPJ_01,JCORP Specialist Hospital,2024-10-28,Maternity Ward,45,0,45,27,3,0,3,0,1,26,57.78,Underutilised,Bed Management System,True
BED000480,KPJ_01,JCORP Specialist Hospital,2024-10-28,Paediatric Ward,40,0,40,29,2,0,2,0,0,29,72.5,Underutilised,Bed Management System,True
BED000481,KPJ_01,JCORP Specialist Hospital,2024-10-29,Medical Ward,60,0,60,46,5,1,4,1,0,47,78.33,Normal,Bed Management System,True
BED000482,KPJ_01,JCORP Specialist Hospital,2024-10-29,Surgical Ward,55,0,55,43,4,0,4,1,0,42,76.36,Normal,Bed Management System,True
BED000483,KPJ_01,JCORP Specialist Hospital,2024-10-29,Maternity Ward,45,0,45,26,3,0,3,1,0,25,55.56,Underutilised,Bed Management System,True
BED000484,KPJ_01,JCORP Specialist Hospital,2024-10-29,Paediatric Ward,40,0,40,29,3,0,2,0,0,30,75.0,Normal,Bed Management System,True
BED000485,KPJ_01,JCORP Specialist Hospital,2024-10-30,Medical Ward,60,1,59,47,6,1,6,1,0,47,79.66,Normal,Bed Management System,True
BED000486,KPJ_01,JCORP Specialist Hospital,2024-10-30,Surgical Ward,55,1,54,42,5,1,5,1,0,42,77.78,Normal,Bed Management System,True
BED000487,KPJ_01,JCORP Specialist Hospital,2024-10-30,Maternity Ward,45,1,44,25,3,0,4,1,0,23,52.27,Underutilised,Bed Management System,True
BED000488,KPJ_01,JCORP Specialist Hospital,2024-10-30,Paediatric Ward,40,3,37,30,3,0,3,0,1,29,78.38,Normal,Bed Management System,True
BED000489,KPJ_01,JCORP Specialist Hospital,2024-10-31,Medical Ward,60,1,59,47,4,1,4,0,1,47,79.66,Normal,Bed Management System,True
BED000490,KPJ_01,JCORP Specialist Hospital,2024-10-31,Surgical Ward,55,2,53,42,4,1,3,0,2,42,79.25,Normal,Bed Management System,True
BED000491,KPJ_01,JCORP Specialist Hospital,2024-10-31,Maternity Ward,45,1,44,23,3,1,3,0,0,24,54.55,Underutilised,Bed Management System,True
BED000492,KPJ_01,JCORP Specialist Hospital,2024-10-31,Paediatric Ward,40,0,40,29,2,0,2,0,0,29,72.5,Underutilised,Bed Management System,True
BED000493,KPJ_01,JCORP Specialist Hospital,2024-11-01,Medical Ward,60,3,57,47,5,1,5,1,1,46,80.7,Normal,Bed Management System,True
BED000494,KPJ_01,JCORP Specialist Hospital,2024-11-01,Surgical Ward,55,0,55,42,5,1,4,1,0,43,78.18,Normal,Bed Management System,True
BED000495,KPJ_01,JCORP Specialist Hospital,2024-11-01,Maternity Ward,45,0,45,24,3,1,3,0,0,25,55.56,Underutilised,Bed Management System,True
BED000496,KPJ_01,JCORP Specialist Hospital,2024-11-01,Paediatric Ward,40,1,39,29,3,0,2,0,0,30,76.92,Normal,Bed Management System,True
BED000497,KPJ_01,JCORP Specialist Hospital,2024-11-02,Medical Ward,60,0,60,46,4,1,6,1,0,44,73.33,Underutilised,Bed Management System,True
BED000498,KPJ_01,JCORP Specialist Hospital,2024-11-02,Surgical Ward,55,0,55,43,3,1,5,0,0,42,76.36,Normal,Bed Management System,True
BED000499,KPJ_01,JCORP Specialist Hospital,2024-11-02,Maternity Ward,45,0,45,25,3,0,3,0,0,25,55.56,Underutilised,Bed Management System,True
BED000500,KPJ_01,JCORP Specialist Hospital,2024-11-02,Paediatric Ward,40,0,40,30,2,0,3,0,0,29,72.5,Underutilised,Bed Management System,True
BED000501,KPJ_01,JCORP Specialist Hospital,2024-11-03,Medical Ward,60,1,59,44,5,1,4,1,0,45,76.27,Normal,Bed Management System,True
BED000502,KPJ_01,JCORP Specialist Hospital,2024-11-03,Surgical Ward,55,1,54,42,5,1,4,0,1,43,79.63,Normal,Bed Management System,True
BED000503,KPJ_01,JCORP Specialist Hospital,2024-11-03,Maternity Ward,45,0,45,25,3,0,3,0,1,24,53.33,Underutilised,Bed Management System,True
BED000504,KPJ_01,JCORP Specialist Hospital,2024-11-03,Paediatric Ward,40,0,40,29,3,0,2,0,0,30,75.0,Normal,Bed Management System,True
BED000505,KPJ_01,JCORP Specialist Hospital,2024-11-04,Medical Ward,60,0,60,45,5,0,5,1,0,44,73.33,Underutilised,Bed Management System,True
BED000506,KPJ_01,JCORP Specialist Hospital,2024-11-04,Surgical Ward,55,0,55,43,4,0,5,0,0,42,76.36,Normal,Bed Management System,True
BED000507,KPJ_01,JCORP Specialist Hospital,2024-11-04,Maternity Ward,45,1,44,24,3,0,3,0,1,23,52.27,Underutilised,Bed Management System,True
BED000508,KPJ_01,JCORP Specialist Hospital,2024-11-04,Paediatric Ward,40,0,40,30,3,0,3,0,0,30,75.0,Normal,Bed Management System,True
BED000509,KPJ_01,JCORP Specialist Hospital,2024-11-05,Medical Ward,60,0,60,44,6,1,5,0,0,46,76.67,Normal,Bed Management System,True
BED000510,KPJ_01,JCORP Specialist Hospital,2024-11-05,Surgical Ward,55,0,55,42,5,1,4,0,0,44,80.0,Normal,Bed Management System,True
BED000511,KPJ_01,JCORP Specialist Hospital,2024-11-05,Maternity Ward,45,1,44,23,4,0,3,0,0,24,54.55,Underutilised,Bed Management System,True
BED000512,KPJ_01,JCORP Specialist Hospital,2024-11-05,Paediatric Ward,40,0,40,30,3,0,3,0,0,30,75.0,Normal,Bed Management System,True
BED000513,KPJ_01,JCORP Specialist Hospital,2024-11-06,Medical Ward,60,0,60,46,4,1,5,1,0,45,75.0,Normal,Bed Management System,True
BED000514,KPJ_01,JCORP Specialist Hospital,2024-11-06,Surgical Ward,55,0,55,44,4,1,5,0,0,44,80.0,Normal,Bed Management System,True
BED000515,KPJ_01,JCORP Specialist Hospital,2024-11-06,Maternity Ward,45,0,45,24,3,0,3,0,0,24,53.33,Underutilised,Bed Management System,True
BED000516,KPJ_01,JCORP Specialist Hospital,2024-11-06,Paediatric Ward,40,1,39,30,2,0,3,0,0,29,74.36,Underutilised,Bed Management System,True
BED000517,KPJ_01,JCORP Specialist Hospital,2024-11-07,Medical Ward,60,1,59,45,4,1,3,1,0,46,77.97,Normal,Bed Management System,True
BED000518,KPJ_01,JCORP Specialist Hospital,2024-11-07,Surgical Ward,55,3,52,44,4,1,3,0,6,40,76.92,Normal,Bed Management System,True
BED000519,KPJ_01,JCORP Specialist Hospital,2024-11-07,Maternity Ward,45,0,45,24,3,0,2,0,0,25,55.56,Underutilised,Bed Management System,True
BED000520,KPJ_01,JCORP Specialist Hospital,2024-11-07,Paediatric Ward,40,1,39,29,2,0,2,0,1,28,71.79,Underutilised,Bed Management System,True
BED000521,KPJ_01,JCORP Specialist Hospital,2024-11-08,Medical Ward,60,0,60,46,4,1,4,1,0,46,76.67,Normal,Bed Management System,True
BED000522,KPJ_01,JCORP Specialist Hospital,2024-11-08,Surgical Ward,55,2,53,40,3,0,3,1,0,39,73.58,Underutilised,Bed Management System,True
BED000523,KPJ_01,JCORP Specialist Hospital,2024-11-08,Maternity Ward,45,1,44,25,2,0,3,0,0,24,54.55,Underutilised,Bed Management System,True
BED000524,KPJ_01,JCORP Specialist Hospital,2024-11-08,Paediatric Ward,40,1,39,28,2,0,2,0,0,28,71.79,Underutilised,Bed Management System,True
BED000525,KPJ_01,JCORP Specialist Hospital,2024-11-09,Medical Ward,60,0,60,46,5,0,6,1,0,44,73.33,Underutilised,Bed Management System,True
BED000526,KPJ_01,JCORP Specialist Hospital,2024-11-09,Surgical Ward,55,0,55,39,5,0,5,1,0,38,69.09,Underutilised,Bed Management System,True
BED000527,KPJ_01,JCORP Specialist Hospital,2024-11-09,Maternity Ward,45,0,45,24,3,0,4,1,0,22,48.89,Underutilised,Bed Management System,True
BED000528,KPJ_01,JCORP Specialist Hospital,2024-11-09,Paediatric Ward,40,0,40,28,3,0,3,0,0,28,70.0,Underutilised,Bed Management System,True
BED000529,KPJ_01,JCORP Specialist Hospital,2024-11-10,Medical Ward,60,3,57,44,5,1,5,1,0,44,77.19,Normal,Bed Management System,True
BED000530,KPJ_01,JCORP Specialist Hospital,2024-11-10,Surgical Ward,55,3,52,38,4,1,4,0,0,39,75.0,Normal,Bed Management System,True
BED000531,KPJ_01,JCORP Specialist Hospital,2024-11-10,Maternity Ward,45,1,44,22,3,0,3,0,0,22,50.0,Underutilised,Bed Management System,True
BED000532,KPJ_01,JCORP Specialist Hospital,2024-11-10,Paediatric Ward,40,0,40,28,3,0,3,0,0,28,70.0,Underutilised,Bed Management System,True
BED000533,KPJ_01,JCORP Specialist Hospital,2024-11-11,Medical Ward,60,3,57,44,5,1,4,1,0,45,78.95,Normal,Bed Management System,True
BED000534,KPJ_01,JCORP Specialist Hospital,2024-11-11,Surgical Ward,55,0,55,39,4,1,3,1,0,40,72.73,Underutilised,Bed Management System,True
BED000535,KPJ_01,JCORP Specialist Hospital,2024-11-11,Maternity Ward,45,0,45,22,3,0,3,0,0,22,48.89,Underutilised,Bed Management System,True
BED000536,KPJ_01,JCORP Specialist Hospital,2024-11-11,Paediatric Ward,40,0,40,28,2,0,2,0,0,28,70.0,Underutilised,Bed Management System,True
BED000537,KPJ_01,JCORP Specialist Hospital,2024-11-12,Medical Ward,60,1,59,45,5,1,4,1,0,46,77.97,Normal,Bed Management System,True
BED000538,KPJ_01,JCORP Specialist Hospital,2024-11-12,Surgical Ward,55,0,55,40,4,1,3,0,0,42,76.36,Normal,Bed Management System,True
BED000539,KPJ_01,JCORP Specialist Hospital,2024-11-12,Maternity Ward,45,0,45,22,3,0,2,0,0,23,51.11,Underutilised,Bed Management System,True
BED000540,KPJ_01,JCORP Specialist Hospital,2024-11-12,Paediatric Ward,40,0,40,28,3,0,2,0,1,28,70.0,Underutilised,Bed Management System,True
BED000541,KPJ_01,JCORP Specialist Hospital,2024-11-13,Medical Ward,60,1,59,46,6,1,5,1,1,46,77.97,Normal,Bed Management System,True
BED000542,KPJ_01,JCORP Specialist Hospital,2024-11-13,Surgical Ward,55,1,54,42,6,0,5,1,0,42,77.78,Normal,Bed Management System,True
BED000543,KPJ_01,JCORP Specialist Hospital,2024-11-13,Maternity Ward,45,0,45,23,4,0,3,0,0,24,53.33,Underutilised,Bed Management System,True
BED000544,KPJ_01,JCORP Specialist Hospital,2024-11-13,Paediatric Ward,40,1,39,28,3,0,3,0,1,27,69.23,Underutilised,Bed Management System,True
BED000545,KPJ_01,JCORP Specialist Hospital,2024-11-14,Medical Ward,60,0,60,46,5,1,5,1,0,46,76.67,Normal,Bed Management System,True
BED000546,KPJ_01,JCORP Specialist Hospital,2024-11-14,Surgical Ward,55,0,55,42,5,0,4,1,0,42,76.36,Normal,Bed Management System,True
BED000547,KPJ_01,JCORP Specialist Hospital,2024-11-14,Maternity Ward,45,2,43,24,3,0,3,0,0,24,55.81,Underutilised,Bed Management System,True
BED000548,KPJ_01,JCORP Specialist Hospital,2024-11-14,Paediatric Ward,40,0,40,27,3,0,3,0,0,27,67.5,Underutilised,Bed Management System,True
BED000549,KPJ_01,JCORP Specialist Hospital,2024-11-15,Medical Ward,60,0,60,46,4,1,4,1,0,46,76.67,Normal,Bed Management System,True
BED000550,KPJ_01,JCORP Specialist Hospital,2024-11-15,Surgical Ward,55,0,55,42,4,1,3,0,0,44,80.0,Normal,Bed Management System,True
BED000551,KPJ_01,JCORP Specialist Hospital,2024-11-15,Maternity Ward,45,1,44,24,3,0,3,0,0,24,54.55,Underutilised,Bed Management System,True
BED000552,KPJ_01,JCORP Specialist Hospital,2024-11-15,Paediatric Ward,40,0,40,27,2,0,2,0,0,27,67.5,Underutilised,Bed Management System,True
BED000553,KPJ_01,JCORP Specialist Hospital,2024-11-16,Medical Ward,60,3,57,46,5,1,4,1,1,46,80.7,Normal,Bed Management System,True
BED000554,KPJ_01,JCORP Specialist Hospital,2024-11-16,Surgical Ward,55,1,54,44,4,1,4,0,3,42,77.78,Normal,Bed Management System,True
BED000555,KPJ_01,JCORP Specialist Hospital,2024-11-16,Maternity Ward,45,1,44,24,3,0,3,0,0,24,54.55,Underutilised,Bed Management System,True
BED000556,KPJ_01,JCORP Specialist Hospital,2024-11-16,Paediatric Ward,40,0,40,27,3,0,2,0,1,27,67.5,Underutilised,Bed Management System,True
BED000557,KPJ_01,JCORP Specialist Hospital,2024-11-17,Medical Ward,60,0,60,46,6,1,5,1,1,46,76.67,Normal,Bed Management System,True
BED000558,KPJ_01,JCORP Specialist Hospital,2024-11-17,Surgical Ward,55,0,55,42,5,0,4,1,0,42,76.36,Normal,Bed Management System,True
BED000559,KPJ_01,JCORP Specialist Hospital,2024-11-17,Maternity Ward,45,0,45,24,4,0,3,1,0,24,53.33,Underutilised,Bed Management System,True
BED000560,KPJ_01,JCORP Specialist Hospital,2024-11-17,Paediatric Ward,40,2,38,27,3,0,2,0,0,28,73.68,Underutilised,Bed Management System,True
BED000561,KPJ_01,JCORP Specialist Hospital,2024-11-18,Medical Ward,60,0,60,46,5,1,6,1,0,45,75.0,Normal,Bed Management System,True
BED000562,KPJ_01,JCORP Specialist Hospital,2024-11-18,Surgical Ward,55,0,55,42,5,1,6,1,0,41,74.55,Underutilised,Bed Management System,True
BED000563,KPJ_01,JCORP Specialist Hospital,2024-11-18,Maternity Ward,45,0,45,24,3,1,4,0,0,24,53.33,Underutilised,Bed Management System,True
BED000564,KPJ_01,JCORP Specialist Hospital,2024-11-18,Paediatric Ward,40,1,39,28,3,0,3,0,0,28,71.79,Underutilised,Bed Management System,True
BED000565,KPJ_01,JCORP Specialist Hospital,2024-11-19,Medical Ward,60,0,60,45,5,1,5,1,0,45,75.0,Normal,Bed Management System,True
BED000566,KPJ_01,JCORP Specialist Hospital,2024-11-19,Surgical Ward,55,0,55,41,5,0,4,1,0,41,74.55,Underutilised,Bed Management System,True
BED000567,KPJ_01,JCORP Specialist Hospital,2024-11-19,Maternity Ward,45,0,45,24,3,0,3,0,0,24,53.33,Underutilised,Bed Management System,True
BED000568,KPJ_01,JCORP Specialist Hospital,2024-11-19,Paediatric Ward,40,1,39,28,3,0,3,0,0,28,71.79,Underutilised,Bed Management System,True
BED000569,KPJ_01,JCORP Specialist Hospital,2024-11-20,Medical Ward,60,1,59,45,5,1,4,1,0,46,77.97,Normal,Bed Management System,True
BED000570,KPJ_01,JCORP Specialist Hospital,2024-11-20,Surgical Ward,55,0,55,41,5,1,4,1,0,42,76.36,Normal,Bed Management System,True
BED000571,KPJ_01,JCORP Specialist Hospital,2024-11-20,Maternity Ward,45,1,44,24,3,1,3,0,0,25,56.82,Underutilised,Bed Management System,True
BED000572,KPJ_01,JCORP Specialist Hospital,2024-11-20,Paediatric Ward,40,3,37,28,3,0,2,0,0,29,78.38,Normal,Bed Management System,True
BED000573,KPJ_01,JCORP Specialist Hospital,2024-11-21,Medical Ward,60,0,60,46,4,1,3,1,0,47,78.33,Normal,Bed Management System,True
BED000574,KPJ_01,JCORP Specialist Hospital,2024-11-21,Surgical Ward,55,1,54,42,4,0,3,1,0,42,77.78,Normal,Bed Management System,True
BED000575,KPJ_01,JCORP Specialist Hospital,2024-11-21,Maternity Ward,45,0,45,25,3,0,2,0,0,26,57.78,Underutilised,Bed Management System,True
BED000576,KPJ_01,JCORP Specialist Hospital,2024-11-21,Paediatric Ward,40,0,40,29,2,0,2,0,0,29,72.5,Underutilised,Bed Management System,True
BED000577,KPJ_01,JCORP Specialist Hospital,2024-11-22,Medical Ward,60,0,60,47,5,1,4,0,1,48,80.0,Normal,Bed Management System,True
BED000578,KPJ_01,JCORP Specialist Hospital,2024-11-22,Surgical Ward,55,0,55,42,4,1,4,0,0,43,78.18,Normal,Bed Management System,True
BED000579,KPJ_01,JCORP Specialist Hospital,2024-11-22,Maternity Ward,45,1,44,26,3,0,3,0,1,25,56.82,Underutilised,Bed Management System,True
BED000580,KPJ_01,JCORP Specialist Hospital,2024-11-22,Paediatric Ward,40,2,38,29,2,0,2,0,0,29,76.32,Normal,Bed Management System,True
BED000581,KPJ_01,JCORP Specialist Hospital,2024-11-23,Medical Ward,60,1,59,48,5,1,5,1,1,47,79.66,Normal,Bed Management System,True
BED000582,KPJ_01,JCORP Specialist Hospital,2024-11-23,Surgical Ward,55,0,55,43,5,1,4,1,0,44,80.0,Normal,Bed Management System,True
BED000583,KPJ_01,JCORP Specialist Hospital,2024-11-23,Maternity Ward,45,0,45,25,3,0,3,1,0,24,53.33,Underutilised,Bed Management System,True
BED000584,KPJ_01,JCORP Specialist Hospital,2024-11-23,Paediatric Ward,40,0,40,29,3,0,2,0,0,30,75.0,Normal,Bed Management System,True
BED000585,KPJ_01,JCORP Specialist Hospital,2024-11-24,Medical Ward,60,0,60,47,4,1,5,1,0,46,76.67,Normal,Bed Management System,True
BED000586,KPJ_01,JCORP Specialist Hospital,2024-11-24,Surgical Ward,55,0,55,44,4,1,5,1,0,43,78.18,Normal,Bed Management System,True
BED000587,KPJ_01,JCORP Specialist Hospital,2024-11-24,Maternity Ward,45,0,45,24,3,1,3,0,0,25,55.56,Underutilised,Bed Management System,True
BED000588,KPJ_01,JCORP Specialist Hospital,2024-11-24,Paediatric Ward,40,0,40,30,2,1,3,0,0,30,75.0,Normal,Bed Management System,True
BED000589,KPJ_01,JCORP Specialist Hospital,2024-11-25,Medical Ward,60,0,60,46,5,1,5,1,0,46,76.67,Normal,Bed Management System,True
BED000590,KPJ_01,JCORP Specialist Hospital,2024-11-25,Surgical Ward,55,0,55,43,5,1,5,0,0,44,80.0,Normal,Bed Management System,True
BED000591,KPJ_01,JCORP Specialist Hospital,2024-11-25,Maternity Ward,45,0,45,25,3,0,3,0,0,25,55.56,Underutilised,Bed Management System,True
BED000592,KPJ_01,JCORP Specialist Hospital,2024-11-25,Paediatric Ward,40,0,40,30,3,0,3,0,0,30,75.0,Normal,Bed Management System,True
BED000593,KPJ_01,JCORP Specialist Hospital,2024-11-26,Medical Ward,60,2,58,46,5,1,4,1,0,47,81.03,Normal,Bed Management System,True
BED000594,KPJ_01,JCORP Specialist Hospital,2024-11-26,Surgical Ward,55,1,54,44,4,1,4,0,2,43,79.63,Normal,Bed Management System,True
BED000595,KPJ_01,JCORP Specialist Hospital,2024-11-26,Maternity Ward,45,0,45,25,3,1,3,0,0,26,57.78,Underutilised,Bed Management System,True
BED000596,KPJ_01,JCORP Specialist Hospital,2024-11-26,Paediatric Ward,40,1,39,30,2,0,2,0,1,29,74.36,Underutilised,Bed Management System,True
BED000597,KPJ_01,JCORP Specialist Hospital,2024-11-27,Medical Ward,60,0,60,47,6,1,5,1,0,48,80.0,Normal,Bed Management System,True
BED000598,KPJ_01,JCORP Specialist Hospital,2024-11-27,Surgical Ward,55,0,55,43,5,0,5,1,0,42,76.36,Normal,Bed Management System,True
BED000599,KPJ_01,JCORP Specialist Hospital,2024-11-27,Maternity Ward,45,1,44,26,3,0,3,0,0,26,59.09,Underutilised,Bed Management System,True
BED000600,KPJ_01,JCORP Specialist Hospital,2024-11-27,Paediatric Ward,40,0,40,29,3,0,3,0,0,29,72.5,Underutilised,Bed Management System,True
BED000601,KPJ_01,JCORP Specialist Hospital,2024-11-28,Medical Ward,60,0,60,48,5,1,5,1,0,48,80.0,Normal,Bed Management System,True
BED000602,KPJ_01,JCORP Specialist Hospital,2024-11-28,Surgical Ward,55,0,55,42,5,0,5,0,0,42,76.36,Normal,Bed Management System,True
BED000603,KPJ_01,JCORP Specialist Hospital,2024-11-28,Maternity Ward,45,1,44,26,3,0,3,0,0,26,59.09,Underutilised,Bed Management System,True
BED000604,KPJ_01,JCORP Specialist Hospital,2024-11-28,Paediatric Ward,40,0,40,29,3,0,3,0,0,29,72.5,Underutilised,Bed Management System,True
BED000605,KPJ_01,JCORP Specialist Hospital,2024-11-29,Medical Ward,60,1,59,48,5,1,3,1,3,47,79.66,Normal,Bed Management System,True
BED000606,KPJ_01,JCORP Specialist Hospital,2024-11-29,Surgical Ward,55,0,55,42,4,1,3,0,0,44,80.0,Normal,Bed Management System,True
BED000607,KPJ_01,JCORP Specialist Hospital,2024-11-29,Maternity Ward,45,0,45,26,3,0,2,0,0,27,60.0,Underutilised,Bed Management System,True
BED000608,KPJ_01,JCORP Specialist Hospital,2024-11-29,Paediatric Ward,40,0,40,29,2,0,1,0,0,30,75.0,Normal,Bed Management System,True
BED000609,KPJ_01,JCORP Specialist Hospital,2024-11-30,Medical Ward,60,0,60,47,6,1,6,1,0,47,78.33,Normal,Bed Management System,True
BED000610,KPJ_01,JCORP Specialist Hospital,2024-11-30,Surgical Ward,55,0,55,44,5,1,5,1,0,44,80.0,Normal,Bed Management System,True
BED000611,KPJ_01,JCORP Specialist Hospital,2024-11-30,Maternity Ward,45,0,45,27,3,1,3,0,0,28,62.22,Underutilised,Bed Management System,True
BED000612,KPJ_01,JCORP Specialist Hospital,2024-11-30,Paediatric Ward,40,0,40,30,3,1,3,0,0,31,77.5,Normal,Bed Management System,True
BED000613,KPJ_01,JCORP Specialist Hospital,2024-12-01,Medical Ward,60,2,58,47,6,1,6,1,1,46,79.31,Normal,Bed Management System,True
BED000614,KPJ_01,JCORP Specialist Hospital,2024-12-01,Surgical Ward,55,0,55,44,6,1,6,1,1,43,78.18,Normal,Bed Management System,True
BED000615,KPJ_01,JCORP Specialist Hospital,2024-12-01,Maternity Ward,45,0,45,28,4,1,4,1,0,28,62.22,Underutilised,Bed Management System,True
BED000616,KPJ_01,JCORP Specialist Hospital,2024-12-01,Paediatric Ward,40,1,39,31,3,0,3,0,1,30,76.92,Normal,Bed Management System,True
BED000617,KPJ_01,JCORP Specialist Hospital,2024-12-02,Medical Ward,60,1,59,46,5,1,3,0,2,47,79.66,Normal,Bed Management System,True
BED000618,KPJ_01,JCORP Specialist Hospital,2024-12-02,Surgical Ward,55,1,54,43,4,1,3,0,2,43,79.63,Normal,Bed Management System,True
BED000619,KPJ_01,JCORP Specialist Hospital,2024-12-02,Maternity Ward,45,0,45,28,3,0,2,0,0,29,64.44,Underutilised,Bed Management System,True
BED000620,KPJ_01,JCORP Specialist Hospital,2024-12-02,Paediatric Ward,40,1,39,30,2,0,2,0,0,30,76.92,Normal,Bed Management System,True
BED000621,KPJ_01,JCORP Specialist Hospital,2024-12-03,Medical Ward,60,0,60,47,5,1,5,1,0,47,78.33,Normal,Bed Management System,True
BED000622,KPJ_01,JCORP Specialist Hospital,2024-12-03,Surgical Ward,55,0,55,43,4,1,5,1,0,42,76.36,Normal,Bed Management System,True
BED000623,KPJ_01,JCORP Specialist Hospital,2024-12-03,Maternity Ward,45,2,43,29,3,1,3,0,0,30,69.77,Underutilised,Bed Management System,True
BED000624,KPJ_01,JCORP Specialist Hospital,2024-12-03,Paediatric Ward,40,3,37,30,3,0,3,0,2,28,75.68,Normal,Bed Management System,True
BED000625,KPJ_01,JCORP Specialist Hospital,2024-12-04,Medical Ward,60,0,60,47,5,1,5,1,0,47,78.33,Normal,Bed Management System,True
BED000626,KPJ_01,JCORP Specialist Hospital,2024-12-04,Surgical Ward,55,3,52,42,4,1,5,1,0,41,78.85,Normal,Bed Management System,True
BED000627,KPJ_01,JCORP Specialist Hospital,2024-12-04,Maternity Ward,45,1,44,30,3,0,3,0,0,30,68.18,Underutilised,Bed Management System,True
BED000628,KPJ_01,JCORP Specialist Hospital,2024-12-04,Paediatric Ward,40,1,39,28,3,0,3,0,0,28,71.79,Underutilised,Bed Management System,True
BED000629,KPJ_01,JCORP Specialist Hospital,2024-12-05,Medical Ward,60,0,60,47,5,0,6,1,0,45,75.0,Normal,Bed Management System,True
BED000630,KPJ_01,JCORP Specialist Hospital,2024-12-05,Surgical Ward,55,3,52,41,5,0,5,1,0,40,76.92,Normal,Bed Management System,True
BED000631,KPJ_01,JCORP Specialist Hospital,2024-12-05,Maternity Ward,45,0,45,30,3,0,3,0,0,30,66.67,Underutilised,Bed Management System,True
BED000632,KPJ_01,JCORP Specialist Hospital,2024-12-05,Paediatric Ward,40,0,40,28,3,0,3,0,0,28,70.0,Underutilised,Bed Management System,True
BED000633,KPJ_01,JCORP Specialist Hospital,2024-12-06,Medical Ward,60,1,59,45,6,1,7,1,0,44,74.58,Underutilised,Bed Management System,True
BED000634,KPJ_01,JCORP Specialist Hospital,2024-12-06,Surgical Ward,55,1,54,40,6,0,6,0,0,40,74.07,Underutilised,Bed Management System,True
BED000635,KPJ_01,JCORP Specialist Hospital,2024-12-06,Maternity Ward,45,0,45,30,4,0,5,0,0,29,64.44,Underutilised,Bed Management System,True
BED000636,KPJ_01,JCORP Specialist Hospital,2024-12-06,Paediatric Ward,40,2,38,28,3,0,3,0,0,28,73.68,Underutilised,Bed Management System,True
BED000637,KPJ_01,JCORP Specialist Hospital,2024-12-07,Medical Ward,60,1,59,44,5,1,4,1,0,45,76.27,Normal,Bed Management System,True
BED000638,KPJ_01,JCORP Specialist Hospital,2024-12-07,Surgical Ward,55,1,54,40,4,1,3,0,0,42,77.78,Normal,Bed Management System,True
BED000639,KPJ_01,JCORP Specialist Hospital,2024-12-07,Maternity Ward,45,0,45,29,3,1,3,0,0,30,66.67,Underutilised,Bed Management System,True
BED000640,KPJ_01,JCORP Specialist Hospital,2024-12-07,Paediatric Ward,40,3,37,28,2,0,2,0,0,28,75.68,Normal,Bed Management System,True
BED000641,KPJ_01,JCORP Specialist Hospital,2024-12-08,Medical Ward,60,0,60,45,4,1,3,1,0,46,76.67,Normal,Bed Management System,True
BED000642,KPJ_01,JCORP Specialist Hospital,2024-12-08,Surgical Ward,55,3,52,42,3,0,3,1,0,41,78.85,Normal,Bed Management System,True
BED000643,KPJ_01,JCORP Specialist Hospital,2024-12-08,Maternity Ward,45,0,45,30,2,0,2,0,0,30,66.67,Underutilised,Bed Management System,True
BED000644,KPJ_01,JCORP Specialist Hospital,2024-12-08,Paediatric Ward,40,0,40,28,2,0,1,0,0,29,72.5,Underutilised,Bed Management System,True
BED000645,KPJ_01,JCORP Specialist Hospital,2024-12-09,Medical Ward,60,0,60,46,5,1,4,1,0,47,78.33,Normal,Bed Management System,True
BED000646,KPJ_01,JCORP Specialist Hospital,2024-12-09,Surgical Ward,55,0,55,41,4,1,4,1,0,41,74.55,Underutilised,Bed Management System,True
BED000647,KPJ_01,JCORP Specialist Hospital,2024-12-09,Maternity Ward,45,0,45,30,3,1,3,0,0,31,68.89,Underutilised,Bed Management System,True
BED000648,KPJ_01,JCORP Specialist Hospital,2024-12-09,Paediatric Ward,40,1,39,29,3,0,2,0,0,30,76.92,Normal,Bed Management System,True
BED000649,KPJ_01,JCORP Specialist Hospital,2024-12-10,Medical Ward,60,2,58,47,6,1,5,1,2,46,79.31,Normal,Bed Management System,True
BED000650,KPJ_01,JCORP Specialist Hospital,2024-12-10,Surgical Ward,55,0,55,41,6,1,5,0,0,43,78.18,Normal,Bed Management System,True
BED000651,KPJ_01,JCORP Specialist Hospital,2024-12-10,Maternity Ward,45,0,45,31,4,0,3,0,0,32,71.11,Underutilised,Bed Management System,True
BED000652,KPJ_01,JCORP Specialist Hospital,2024-12-10,Paediatric Ward,40,1,39,30,3,0,3,0,0,30,76.92,Normal,Bed Management System,True
BED000653,KPJ_01,JCORP Specialist Hospital,2024-12-11,Medical Ward,60,2,58,46,4,1,5,1,0,45,77.59,Normal,Bed Management System,True
BED000654,KPJ_01,JCORP Specialist Hospital,2024-12-11,Surgical Ward,55,0,55,43,3,1,4,1,0,42,76.36,Normal,Bed Management System,True
BED000655,KPJ_01,JCORP Specialist Hospital,2024-12-11,Maternity Ward,45,0,45,32,3,1,3,0,0,33,73.33,Underutilised,Bed Management System,True
BED000656,KPJ_01,JCORP Specialist Hospital,2024-12-11,Paediatric Ward,40,3,37,30,2,0,2,0,2,28,75.68,Normal,Bed Management System,True
BED000657,KPJ_01,JCORP Specialist Hospital,2024-12-12,Medical Ward,60,0,60,45,6,1,7,1,0,44,73.33,Underutilised,Bed Management System,True
BED000658,KPJ_01,JCORP Specialist Hospital,2024-12-12,Surgical Ward,55,0,55,42,5,1,6,1,1,40,72.73,Underutilised,Bed Management System,True
BED000659,KPJ_01,JCORP Specialist Hospital,2024-12-12,Maternity Ward,45,0,45,33,4,0,4,0,1,32,71.11,Underutilised,Bed Management System,True
BED000660,KPJ_01,JCORP Specialist Hospital,2024-12-12,Paediatric Ward,40,0,40,28,3,0,3,0,0,28,70.0,Underutilised,Bed Management System,True
BED000661,KPJ_01,JCORP Specialist Hospital,2024-12-13,Medical Ward,60,0,60,44,5,1,5,1,0,44,73.33,Underutilised,Bed Management System,True
BED000662,KPJ_01,JCORP Specialist Hospital,2024-12-13,Surgical Ward,55,0,55,40,4,1,4,0,0,41,74.55,Underutilised,Bed Management System,True
BED000663,KPJ_01,JCORP Specialist Hospital,2024-12-13,Maternity Ward,45,0,45,32,3,0,3,0,0,32,71.11,Underutilised,Bed Management System,True
BED000664,KPJ_01,JCORP Specialist Hospital,2024-12-13,Paediatric Ward,40,0,40,28,3,0,2,0,0,29,72.5,Underutilised,Bed Management System,True
BED000665,KPJ_01,JCORP Specialist Hospital,2024-12-14,Medical Ward,60,3,57,44,4,1,3,1,0,45,78.95,Normal,Bed Management System,True
BED000666,KPJ_01,JCORP Specialist Hospital,2024-12-14,Surgical Ward,55,0,55,41,4,1,3,1,0,42,76.36,Normal,Bed Management System,True
BED000667,KPJ_01,JCORP Specialist Hospital,2024-12-14,Maternity Ward,45,2,43,32,3,0,2,1,0,32,74.42,Underutilised,Bed Management System,True
BED000668,KPJ_01,JCORP Specialist Hospital,2024-12-14,Paediatric Ward,40,1,39,29,2,0,2,1,0,28,71.79,Underutilised,Bed Management System,True
BED000669,KPJ_01,JCORP Specialist Hospital,2024-12-15,Medical Ward,60,0,60,45,4,1,4,1,0,45,75.0,Normal,Bed Management System,True
BED000670,KPJ_01,JCORP Specialist Hospital,2024-12-15,Surgical Ward,55,0,55,42,3,0,3,0,0,42,76.36,Normal,Bed Management System,True
BED000671,KPJ_01,JCORP Specialist Hospital,2024-12-15,Maternity Ward,45,0,45,32,3,0,2,0,0,33,73.33,Underutilised,Bed Management System,True
BED000672,KPJ_01,JCORP Specialist Hospital,2024-12-15,Paediatric Ward,40,0,40,28,2,0,2,0,0,28,70.0,Underutilised,Bed Management System,True
BED000673,KPJ_01,JCORP Specialist Hospital,2024-12-16,Medical Ward,60,0,60,45,4,0,3,1,0,45,75.0,Normal,Bed Management System,True
BED000674,KPJ_01,JCORP Specialist Hospital,2024-12-16,Surgical Ward,55,0,55,42,3,0,3,0,0,42,76.36,Normal,Bed Management System,True
BED000675,KPJ_01,JCORP Specialist Hospital,2024-12-16,Maternity Ward,45,0,45,33,2,0,2,0,0,33,73.33,Underutilised,Bed Management System,True
BED000676,KPJ_01,JCORP Specialist Hospital,2024-12-16,Paediatric Ward,40,0,40,28,2,0,1,0,0,29,72.5,Underutilised,Bed Management System,True
BED000677,KPJ_01,JCORP Specialist Hospital,2024-12-17,Medical Ward,60,1,59,45,4,1,5,1,1,43,72.88,Underutilised,Bed Management System,True
BED000678,KPJ_01,JCORP Specialist Hospital,2024-12-17,Surgical Ward,55,3,52,42,4,1,4,1,1,41,78.85,Normal,Bed Management System,True
BED000679,KPJ_01,JCORP Specialist Hospital,2024-12-17,Maternity Ward,45,0,45,33,3,0,3,0,0,33,73.33,Underutilised,Bed Management System,True
BED000680,KPJ_01,JCORP Specialist Hospital,2024-12-17,Paediatric Ward,40,0,40,29,2,0,3,0,1,27,67.5,Underutilised,Bed Management System,True
BED000681,KPJ_01,JCORP Specialist Hospital,2024-12-18,Medical Ward,60,0,60,43,4,1,5,1,0,42,70.0,Underutilised,Bed Management System,True
BED000682,KPJ_01,JCORP Specialist Hospital,2024-12-18,Surgical Ward,55,0,55,41,3,1,4,1,0,40,72.73,Underutilised,Bed Management System,True
BED000683,KPJ_01,JCORP Specialist Hospital,2024-12-18,Maternity Ward,45,1,44,33,3,1,3,0,1,33,75.0,Normal,Bed Management System,True
BED000684,KPJ_01,JCORP Specialist Hospital,2024-12-18,Paediatric Ward,40,1,39,27,2,0,2,0,0,27,69.23,Underutilised,Bed Management System,True
BED000685,KPJ_01,JCORP Specialist Hospital,2024-12-19,Medical Ward,60,0,60,42,6,1,6,0,0,43,71.67,Underutilised,Bed Management System,True
BED000686,KPJ_01,JCORP Specialist Hospital,2024-12-19,Surgical Ward,55,1,54,40,5,0,5,0,1,39,72.22,Underutilised,Bed Management System,True
BED000687,KPJ_01,JCORP Specialist Hospital,2024-12-19,Maternity Ward,45,0,45,33,3,0,3,0,0,33,73.33,Underutilised,Bed Management System,True
BED000688,KPJ_01,JCORP Specialist Hospital,2024-12-19,Paediatric Ward,40,1,39,27,3,0,3,0,0,27,69.23,Underutilised,Bed Management System,True
BED000689,KPJ_01,JCORP Specialist Hospital,2024-12-20,Medical Ward,60,3,57,43,6,0,5,1,0,43,75.44,Normal,Bed Management System,True
BED000690,KPJ_01,JCORP Specialist Hospital,2024-12-20,Surgical Ward,55,0,55,39,5,0,4,0,0,40,72.73,Underutilised,Bed Management System,True
BED000691,KPJ_01,JCORP Specialist Hospital,2024-12-20,Maternity Ward,45,2,43,33,3,0,3,0,0,33,76.74,Normal,Bed Management System,True
BED000692,KPJ_01,JCORP Specialist Hospital,2024-12-20,Paediatric Ward,40,0,40,27,3,0,3,0,0,27,67.5,Underutilised,Bed Management System,True
BED000693,KPJ_01,JCORP Specialist Hospital,2024-12-21,Medical Ward,60,0,60,43,4,1,4,1,0,43,71.67,Underutilised,Bed Management System,True
BED000694,KPJ_01,JCORP Specialist Hospital,2024-12-21,Surgical Ward,55,1,54,40,3,0,4,1,0,38,70.37,Underutilised,Bed Management System,True
BED000695,KPJ_01,JCORP Specialist Hospital,2024-12-21,Maternity Ward,45,0,45,33,3,0,3,0,0,33,73.33,Underutilised,Bed Management System,True
BED000696,KPJ_01,JCORP Specialist Hospital,2024-12-21,Paediatric Ward,40,1,39,27,2,0,2,0,0,27,69.23,Underutilised,Bed Management System,True
BED000697,KPJ_01,JCORP Specialist Hospital,2024-12-22,Medical Ward,60,0,60,43,5,1,6,1,0,42,70.0,Underutilised,Bed Management System,True
BED000698,KPJ_01,JCORP Specialist Hospital,2024-12-22,Surgical Ward,55,0,55,38,4,1,5,1,0,37,67.27,Underutilised,Bed Management System,True
BED000699,KPJ_01,JCORP Specialist Hospital,2024-12-22,Maternity Ward,45,2,43,33,3,0,4,0,1,31,72.09,Underutilised,Bed Management System,True
BED000700,KPJ_01,JCORP Specialist Hospital,2024-12-22,Paediatric Ward,40,0,40,27,3,0,3,0,0,27,67.5,Underutilised,Bed Management System,True
BED000701,KPJ_01,JCORP Specialist Hospital,2024-12-23,Medical Ward,60,0,60,42,4,1,3,1,0,43,71.67,Underutilised,Bed Management System,True
BED000702,KPJ_01,JCORP Specialist Hospital,2024-12-23,Surgical Ward,55,1,54,37,3,0,3,0,0,37,68.52,Underutilised,Bed Management System,True
BED000703,KPJ_01,JCORP Specialist Hospital,2024-12-23,Maternity Ward,45,0,45,31,3,0,2,0,0,32,71.11,Underutilised,Bed Management System,True
BED000704,KPJ_01,JCORP Specialist Hospital,2024-12-23,Paediatric Ward,40,1,39,27,2,0,2,0,0,27,69.23,Underutilised,Bed Management System,True
BED000705,KPJ_01,JCORP Specialist Hospital,2024-12-24,Medical Ward,60,2,58,43,5,0,4,1,0,43,74.14,Underutilised,Bed Management System,True
BED000706,KPJ_01,JCORP Specialist Hospital,2024-12-24,Surgical Ward,55,0,55,37,4,0,4,0,0,37,67.27,Underutilised,Bed Management System,True
BED000707,KPJ_01,JCORP Specialist Hospital,2024-12-24,Maternity Ward,45,1,44,32,3,0,3,0,0,32,72.73,Underutilised,Bed Management System,True
BED000708,KPJ_01,JCORP Specialist Hospital,2024-12-24,Paediatric Ward,40,0,40,27,3,0,2,0,0,28,70.0,Underutilised,Bed Management System,True
BED000709,KPJ_01,JCORP Specialist Hospital,2024-12-25,Medical Ward,60,1,59,43,5,1,6,1,0,42,71.19,Underutilised,Bed Management System,True
BED000710,KPJ_01,JCORP Specialist Hospital,2024-12-25,Surgical Ward,55,1,54,37,5,1,5,1,0,37,68.52,Underutilised,Bed Management System,True
BED000711,KPJ_01,JCORP Specialist Hospital,2024-12-25,Maternity Ward,45,1,44,32,3,1,3,0,0,33,75.0,Normal,Bed Management System,True
BED000712,KPJ_01,JCORP Specialist Hospital,2024-12-25,Paediatric Ward,40,1,39,28,3,0,3,0,0,28,71.79,Underutilised,Bed Management System,True
BED000713,KPJ_01,JCORP Specialist Hospital,2024-12-26,Medical Ward,60,1,59,42,5,1,5,1,0,42,71.19,Underutilised,Bed Management System,True
BED000714,KPJ_01,JCORP Specialist Hospital,2024-12-26,Surgical Ward,55,2,53,37,4,0,5,1,1,34,64.15,Underutilised,Bed Management System,True
BED000715,KPJ_01,JCORP Specialist Hospital,2024-12-26,Maternity Ward,45,0,45,33,3,0,3,0,1,32,71.11,Underutilised,Bed Management System,True
BED000716,KPJ_01,JCORP Specialist Hospital,2024-12-26,Paediatric Ward,40,0,40,28,3,0,3,0,0,28,70.0,Underutilised,Bed Management System,True
BED000717,KPJ_01,JCORP Specialist Hospital,2024-12-27,Medical Ward,60,0,60,42,5,1,6,1,0,41,68.33,Underutilised,Bed Management System,True
BED000718,KPJ_01,JCORP Specialist Hospital,2024-12-27,Surgical Ward,55,0,55,34,5,1,5,0,0,35,63.64,Underutilised,Bed Management System,True
BED000719,KPJ_01,JCORP Specialist Hospital,2024-12-27,Maternity Ward,45,0,45,32,3,1,3,0,0,33,73.33,Underutilised,Bed Management System,True
BED000720,KPJ_01,JCORP Specialist Hospital,2024-12-27,Paediatric Ward,40,0,40,28,3,0,3,0,0,28,70.0,Underutilised,Bed Management System,True
BED000721,KPJ_01,JCORP Specialist Hospital,2024-12-28,Medical Ward,60,0,60,41,4,1,4,1,0,41,68.33,Underutilised,Bed Management System,True
BED000722,KPJ_01,JCORP Specialist Hospital,2024-12-28,Surgical Ward,55,0,55,35,3,0,3,0,0,35,63.64,Underutilised,Bed Management System,True
BED000723,KPJ_01,JCORP Specialist Hospital,2024-12-28,Maternity Ward,45,0,45,33,3,0,2,0,0,34,75.56,Normal,Bed Management System,True
BED000724,KPJ_01,JCORP Specialist Hospital,2024-12-28,Paediatric Ward,40,0,40,28,2,0,2,0,0,28,70.0,Underutilised,Bed Management System,True
BED000725,KPJ_01,JCORP Specialist Hospital,2024-12-29,Medical Ward,60,0,60,41,4,1,3,1,0,42,70.0,Underutilised,Bed Management System,True
BED000726,KPJ_01,JCORP Specialist Hospital,2024-12-29,Surgical Ward,55,1,54,35,3,0,2,1,1,34,62.96,Underutilised,Bed Management System,True
BED000727,KPJ_01,JCORP Specialist Hospital,2024-12-29,Maternity Ward,45,0,45,34,2,0,2,0,1,33,73.33,Underutilised,Bed Management System,True
BED000728,KPJ_01,JCORP Specialist Hospital,2024-12-29,Paediatric Ward,40,2,38,28,2,0,1,0,0,29,76.32,Normal,Bed Management System,True
BED000729,KPJ_01,JCORP Specialist Hospital,2024-12-30,Medical Ward,60,0,60,42,5,1,5,1,0,42,70.0,Underutilised,Bed Management System,True
BED000730,KPJ_01,JCORP Specialist Hospital,2024-12-30,Surgical Ward,55,0,55,34,5,1,4,0,0,36,65.45,Underutilised,Bed Management System,True
BED000731,KPJ_01,JCORP Specialist Hospital,2024-12-30,Maternity Ward,45,0,45,33,3,0,3,0,0,33,73.33,Underutilised,Bed Management System,True
BED000732,KPJ_01,JCORP Specialist Hospital,2024-12-30,Paediatric Ward,40,1,39,29,3,0,3,0,0,29,74.36,Underutilised,Bed Management System,True
BED000733,KPJ_01,JCORP Specialist Hospital,2024-12-31,Medical Ward,60,1,59,42,4,1,5,1,0,41,69.49,Underutilised,Bed Management System,True
BED000734,KPJ_01,JCORP Specialist Hospital,2024-12-31,Surgical Ward,55,3,52,36,3,0,4,0,0,35,67.31,Underutilised,Bed Management System,True
BED000735,KPJ_01,JCORP Specialist Hospital,2024-12-31,Maternity Ward,45,0,45,33,3,0,3,0,0,33,73.33,Underutilised,Bed Management System,True
BED000736,KPJ_01,JCORP Specialist Hospital,2024-12-31,Paediatric Ward,40,0,40,29,2,0,2,0,0,29,72.5,Underutilised,Bed Management System,True
BED000737,KPJ_01,JCORP Specialist Hospital,2025-01-01,Medical Ward,60,1,59,41,5,1,6,1,0,40,67.8,Underutilised,Bed Management System,True
BED000738,KPJ_01,JCORP Specialist Hospital,2025-01-01,Surgical Ward,55,0,55,35,5,0,5,1,1,33,60.0,Underutilised,Bed Management System,True
BED000739,KPJ_01,JCORP Specialist Hospital,2025-01-01,Maternity Ward,45,0,45,33,3,0,3,1,0,32,71.11,Underutilised,Bed Management System,True
BED000740,KPJ_01,JCORP Specialist Hospital,2025-01-01,Paediatric Ward,40,3,37,29,3,0,3,0,1,28,75.68,Normal,Bed Management System,True
BED000741,KPJ_01,JCORP Specialist Hospital,2025-01-02,Medical Ward,60,0,60,40,5,1,5,1,0,40,66.67,Underutilised,Bed Management System,True
BED000742,KPJ_01,JCORP Specialist Hospital,2025-01-02,Surgical Ward,55,2,53,33,4,1,4,1,0,33,62.26,Underutilised,Bed Management System,True
BED000743,KPJ_01,JCORP Specialist Hospital,2025-01-02,Maternity Ward,45,0,45,32,3,0,3,1,1,30,66.67,Underutilised,Bed Management System,True
BED000744,KPJ_01,JCORP Specialist Hospital,2025-01-02,Paediatric Ward,40,0,40,28,3,0,3,0,0,28,70.0,Underutilised,Bed Management System,True
BED000745,KPJ_01,JCORP Specialist Hospital,2025-01-03,Medical Ward,60,0,60,40,5,0,4,1,1,39,65.0,Underutilised,Bed Management System,True
BED000746,KPJ_01,JCORP Specialist Hospital,2025-01-03,Surgical Ward,55,1,54,33,4,0,4,1,0,32,59.26,Underutilised,Bed Management System,True
BED000747,KPJ_01,JCORP Specialist Hospital,2025-01-03,Maternity Ward,45,0,45,30,3,0,3,0,0,30,66.67,Underutilised,Bed Management System,True
BED000748,KPJ_01,JCORP Specialist Hospital,2025-01-03,Paediatric Ward,40,2,38,28,3,0,2,0,0,29,76.32,Normal,Bed Management System,True
BED000749,KPJ_01,JCORP Specialist Hospital,2025-01-04,Medical Ward,60,0,60,39,4,1,4,1,0,39,65.0,Underutilised,Bed Management System,True
BED000750,KPJ_01,JCORP Specialist Hospital,2025-01-04,Surgical Ward,55,1,54,32,4,1,3,1,0,33,61.11,Underutilised,Bed Management System,True
BED000751,KPJ_01,JCORP Specialist Hospital,2025-01-04,Maternity Ward,45,1,44,30,3,0,3,1,0,29,65.91,Underutilised,Bed Management System,True
BED000752,KPJ_01,JCORP Specialist Hospital,2025-01-04,Paediatric Ward,40,0,40,29,2,0,2,1,0,28,70.0,Underutilised,Bed Management System,True
BED000753,KPJ_01,JCORP Specialist Hospital,2025-01-05,Medical Ward,60,0,60,39,6,1,5,1,0,40,66.67,Underutilised,Bed Management System,True
BED000754,KPJ_01,JCORP Specialist Hospital,2025-01-05,Surgical Ward,55,2,53,33,5,0,5,1,0,32,60.38,Underutilised,Bed Management System,True
BED000755,KPJ_01,JCORP Specialist Hospital,2025-01-05,Maternity Ward,45,0,45,29,4,0,3,1,0,29,64.44,Underutilised,Bed Management System,True
BED000756,KPJ_01,JCORP Specialist Hospital,2025-01-05,Paediatric Ward,40,3,37,28,3,0,3,0,0,28,75.68,Normal,Bed Management System,True
BED000757,KPJ_01,JCORP Specialist Hospital,2025-01-06,Medical Ward,60,0,60,40,5,1,5,1,0,40,66.67,Underutilised,Bed Management System,True
BED000758,KPJ_01,JCORP Specialist Hospital,2025-01-06,Surgical Ward,55,0,55,32,4,1,5,1,0,31,56.36,Underutilised,Bed Management System,True
BED000759,KPJ_01,JCORP Specialist Hospital,2025-01-06,Maternity Ward,45,2,43,29,3,1,3,0,0,30,69.77,Underutilised,Bed Management System,True
BED000760,KPJ_01,JCORP Specialist Hospital,2025-01-06,Paediatric Ward,40,0,40,28,3,0,3,0,0,28,70.0,Underutilised,Bed Management System,True
BED000761,KPJ_01,JCORP Specialist Hospital,2025-01-07,Medical Ward,60,2,58,40,5,1,5,1,0,40,68.97,Underutilised,Bed Management System,True
BED000762,KPJ_01,JCORP Specialist Hospital,2025-01-07,Surgical Ward,55,1,54,31,4,1,4,0,0,32,59.26,Underutilised,Bed Management System,True
BED000763,KPJ_01,JCORP Specialist Hospital,2025-01-07,Maternity Ward,45,1,44,30,3,0,3,0,0,30,68.18,Underutilised,Bed Management System,True
BED000764,KPJ_01,JCORP Specialist Hospital,2025-01-07,Paediatric Ward,40,3,37,28,2,0,3,0,0,27,72.97,Underutilised,Bed Management System,True
BED000765,KPJ_01,JCORP Specialist Hospital,2025-01-08,Medical Ward,60,0,60,40,6,1,5,0,1,41,68.33,Underutilised,Bed Management System,True
BED000766,KPJ_01,JCORP Specialist Hospital,2025-01-08,Surgical Ward,55,0,55,32,5,1,4,0,0,34,61.82,Underutilised,Bed Management System,True
BED000767,KPJ_01,JCORP Specialist Hospital,2025-01-08,Maternity Ward,45,2,43,30,3,1,3,0,0,31,72.09,Underutilised,Bed Management System,True
BED000768,KPJ_01,JCORP Specialist Hospital,2025-01-08,Paediatric Ward,40,1,39,27,3,0,2,0,0,28,71.79,Underutilised,Bed Management System,True
BED000769,KPJ_01,JCORP Specialist Hospital,2025-01-09,Medical Ward,60,0,60,41,6,1,6,1,0,41,68.33,Underutilised,Bed Management System,True
BED000770,KPJ_01,JCORP Specialist Hospital,2025-01-09,Surgical Ward,55,0,55,34,5,0,5,1,0,33,60.0,Underutilised,Bed Management System,True
BED000771,KPJ_01,JCORP Specialist Hospital,2025-01-09,Maternity Ward,45,0,45,31,3,0,4,0,0,30,66.67,Underutilised,Bed Management System,True
BED000772,KPJ_01,JCORP Specialist Hospital,2025-01-09,Paediatric Ward,40,3,37,28,3,0,3,0,0,28,75.68,Normal,Bed Management System,True
BED000773,KPJ_01,JCORP Specialist Hospital,2025-01-10,Medical Ward,60,0,60,41,4,1,4,1,0,41,68.33,Underutilised,Bed Management System,True
BED000774,KPJ_01,JCORP Specialist Hospital,2025-01-10,Surgical Ward,55,0,55,33,3,1,3,1,0,33,60.0,Underutilised,Bed Management System,True
BED000775,KPJ_01,JCORP Specialist Hospital,2025-01-10,Maternity Ward,45,3,42,30,2,0,3,1,0,28,66.67,Underutilised,Bed Management System,True
BED000776,KPJ_01,JCORP Specialist Hospital,2025-01-10,Paediatric Ward,40,0,40,28,2,0,2,0,0,28,70.0,Underutilised,Bed Management System,True
BED000777,KPJ_01,JCORP Specialist Hospital,2025-01-11,Medical Ward,60,3,57,41,3,1,2,1,0,42,73.68,Underutilised,Bed Management System,True
BED000778,KPJ_01,JCORP Specialist Hospital,2025-01-11,Surgical Ward,55,1,54,33,3,0,2,1,0,33,61.11,Underutilised,Bed Management System,True
BED000779,KPJ_01,JCORP Specialist Hospital,2025-01-11,Maternity Ward,45,1,44,28,2,0,1,0,0,29,65.91,Underutilised,Bed Management System,True
BED000780,KPJ_01,JCORP Specialist Hospital,2025-01-11,Paediatric Ward,40,0,40,28,2,0,1,0,0,29,72.5,Underutilised,Bed Management System,True
BED000781,KPJ_01,JCORP Specialist Hospital,2025-01-12,Medical Ward,60,1,59,42,5,1,6,1,0,41,69.49,Underutilised,Bed Management System,True
BED000782,KPJ_01,JCORP Specialist Hospital,2025-01-12,Surgical Ward,55,0,55,33,4,1,5,1,0,32,58.18,Underutilised,Bed Management System,True
BED000783,KPJ_01,JCORP Specialist Hospital,2025-01-12,Maternity Ward,45,1,44,29,3,0,3,0,0,29,65.91,Underutilised,Bed Management System,True
BED000784,KPJ_01,JCORP Specialist Hospital,2025-01-12,Paediatric Ward,40,0,40,29,2,0,3,0,0,28,70.0,Underutilised,Bed Management System,True
BED000785,KPJ_01,JCORP Specialist Hospital,2025-01-13,Medical Ward,60,0,60,41,3,1,4,1,0,40,66.67,Underutilised,Bed Management System,True
BED000786,KPJ_01,JCORP Specialist Hospital,2025-01-13,Surgical Ward,55,2,53,32,3,1,3,0,0,33,62.26,Underutilised,Bed Management System,True
BED000787,KPJ_01,JCORP Specialist Hospital,2025-01-13,Maternity Ward,45,1,44,29,2,0,3,0,0,28,63.64,Underutilised,Bed Management System,True
BED000788,KPJ_01,JCORP Specialist Hospital,2025-01-13,Paediatric Ward,40,0,40,28,2,0,2,0,0,28,70.0,Underutilised,Bed Management System,True
BED000789,KPJ_01,JCORP Specialist Hospital,2025-01-14,Medical Ward,60,2,58,40,5,1,5,1,1,39,67.24,Underutilised,Bed Management System,True
BED000790,KPJ_01,JCORP Specialist Hospital,2025-01-14,Surgical Ward,55,0,55,33,4,0,4,0,0,33,60.0,Underutilised,Bed Management System,True
BED000791,KPJ_01,JCORP Specialist Hospital,2025-01-14,Maternity Ward,45,0,45,28,3,0,3,0,0,28,62.22,Underutilised,Bed Management System,True
BED000792,KPJ_01,JCORP Specialist Hospital,2025-01-14,Paediatric Ward,40,0,40,28,3,0,3,0,0,28,70.0,Underutilised,Bed Management System,True
BED000793,KPJ_01,JCORP Specialist Hospital,2025-01-15,Medical Ward,60,0,60,39,4,1,5,1,0,38,63.33,Underutilised,Bed Management System,True
BED000794,KPJ_01,JCORP Specialist Hospital,2025-01-15,Surgical Ward,55,0,55,33,3,1,4,1,0,32,58.18,Underutilised,Bed Management System,True
BED000795,KPJ_01,JCORP Specialist Hospital,2025-01-15,Maternity Ward,45,1,44,28,3,0,3,0,0,28,63.64,Underutilised,Bed Management System,True
BED000796,KPJ_01,JCORP Specialist Hospital,2025-01-15,Paediatric Ward,40,0,40,28,2,0,2,0,0,28,70.0,Underutilised,Bed Management System,True
BED000797,KPJ_01,JCORP Specialist Hospital,2025-01-16,Medical Ward,60,0,60,38,4,1,3,1,0,39,65.0,Underutilised,Bed Management System,True
BED000798,KPJ_01,JCORP Specialist Hospital,2025-01-16,Surgical Ward,55,1,54,32,4,1,3,1,0,33,61.11,Underutilised,Bed Management System,True
BED000799,KPJ_01,JCORP Specialist Hospital,2025-01-16,Maternity Ward,45,0,45,28,3,0,2,0,1,28,62.22,Underutilised,Bed Management System,True
BED000800,KPJ_01,JCORP Specialist Hospital,2025-01-16,Paediatric Ward,40,0,40,28,2,0,2,0,0,28,70.0,Underutilised,Bed Management System,True
BED000801,KPJ_01,JCORP Specialist Hospital,2025-01-17,Medical Ward,60,0,60,39,6,1,5,1,0,40,66.67,Underutilised,Bed Management System,True
BED000802,KPJ_01,JCORP Specialist Hospital,2025-01-17,Surgical Ward,55,2,53,33,6,1,4,1,0,35,66.04,Underutilised,Bed Management System,True
BED000803,KPJ_01,JCORP Specialist Hospital,2025-01-17,Maternity Ward,45,0,45,28,4,0,3,1,0,28,62.22,Underutilised,Bed Management System,True
BED000804,KPJ_01,JCORP Specialist Hospital,2025-01-17,Paediatric Ward,40,0,40,28,3,0,3,0,0,28,70.0,Underutilised,Bed Management System,True
BED000805,KPJ_01,JCORP Specialist Hospital,2025-01-18,Medical Ward,60,0,60,40,4,1,4,1,0,40,66.67,Underutilised,Bed Management System,True
BED000806,KPJ_01,JCORP Specialist Hospital,2025-01-18,Surgical Ward,55,0,55,35,4,1,3,1,0,36,65.45,Underutilised,Bed Management System,True
BED000807,KPJ_01,JCORP Specialist Hospital,2025-01-18,Maternity Ward,45,1,44,28,3,0,3,0,0,28,63.64,Underutilised,Bed Management System,True
BED000808,KPJ_01,JCORP Specialist Hospital,2025-01-18,Paediatric Ward,40,1,39,28,2,0,2,0,0,28,71.79,Underutilised,Bed Management System,True
BED000809,KPJ_01,JCORP Specialist Hospital,2025-01-19,Medical Ward,60,0,60,40,3,1,3,1,0,40,66.67,Underutilised,Bed Management System,True
BED000810,KPJ_01,JCORP Specialist Hospital,2025-01-19,Surgical Ward,55,0,55,36,3,1,3,0,0,37,67.27,Underutilised,Bed Management System,True
BED000811,KPJ_01,JCORP Specialist Hospital,2025-01-19,Maternity Ward,45,0,45,28,2,0,2,0,0,28,62.22,Underutilised,Bed Management System,True
BED000812,KPJ_01,JCORP Specialist Hospital,2025-01-19,Paediatric Ward,40,1,39,28,2,0,2,0,1,27,69.23,Underutilised,Bed Management System,True
BED000813,KPJ_01,JCORP Specialist Hospital,2025-01-20,Medical Ward,60,0,60,40,5,1,6,1,0,39,65.0,Underutilised,Bed Management System,True
BED000814,KPJ_01,JCORP Specialist Hospital,2025-01-20,Surgical Ward,55,0,55,37,4,1,5,1,0,36,65.45,Underutilised,Bed Management System,True
BED000815,KPJ_01,JCORP Specialist Hospital,2025-01-20,Maternity Ward,45,0,45,28,3,1,3,0,0,29,64.44,Underutilised,Bed Management System,True
BED000816,KPJ_01,JCORP Specialist Hospital,2025-01-20,Paediatric Ward,40,1,39,27,2,0,3,0,0,26,66.67,Underutilised,Bed Management System,True
BED000817,KPJ_01,JCORP Specialist Hospital,2025-01-21,Medical Ward,60,1,59,39,6,1,5,1,0,40,67.8,Underutilised,Bed Management System,True
BED000818,KPJ_01,JCORP Specialist Hospital,2025-01-21,Surgical Ward,55,0,55,36,5,0,4,0,0,37,67.27,Underutilised,Bed Management System,True
BED000819,KPJ_01,JCORP Specialist Hospital,2025-01-21,Maternity Ward,45,3,42,29,3,0,3,0,0,29,69.05,Underutilised,Bed Management System,True
BED000820,KPJ_01,JCORP Specialist Hospital,2025-01-21,Paediatric Ward,40,1,39,26,3,0,3,0,0,26,66.67,Underutilised,Bed Management System,True
BED000821,KPJ_01,JCORP Specialist Hospital,2025-01-22,Medical Ward,60,0,60,40,4,1,4,1,0,40,66.67,Underutilised,Bed Management System,True
BED000822,KPJ_01,JCORP Specialist Hospital,2025-01-22,Surgical Ward,55,0,55,37,4,0,4,1,0,36,65.45,Underutilised,Bed Management System,True
BED000823,KPJ_01,JCORP Specialist Hospital,2025-01-22,Maternity Ward,45,0,45,29,3,0,3,0,0,29,64.44,Underutilised,Bed Management System,True
BED000824,KPJ_01,JCORP Specialist Hospital,2025-01-22,Paediatric Ward,40,2,38,26,2,0,2,0,0,26,68.42,Underutilised,Bed Management System,True
BED000825,KPJ_01,JCORP Specialist Hospital,2025-01-23,Medical Ward,60,1,59,40,6,1,6,1,0,40,67.8,Underutilised,Bed Management System,True
BED000826,KPJ_01,JCORP Specialist Hospital,2025-01-23,Surgical Ward,55,2,53,36,6,1,5,0,0,38,71.7,Underutilised,Bed Management System,True
BED000827,KPJ_01,JCORP Specialist Hospital,2025-01-23,Maternity Ward,45,0,45,29,4,0,4,0,0,29,64.44,Underutilised,Bed Management System,True
BED000828,KPJ_01,JCORP Specialist Hospital,2025-01-23,Paediatric Ward,40,0,40,26,3,0,3,0,0,26,65.0,Underutilised,Bed Management System,True
BED000829,KPJ_01,JCORP Specialist Hospital,2025-01-24,Medical Ward,60,1,59,40,6,1,5,1,0,41,69.49,Underutilised,Bed Management System,True
BED000830,KPJ_01,JCORP Specialist Hospital,2025-01-24,Surgical Ward,55,0,55,38,5,0,4,1,0,38,69.09,Underutilised,Bed Management System,True
BED000831,KPJ_01,JCORP Specialist Hospital,2025-01-24,Maternity Ward,45,0,45,29,3,0,3,0,0,29,64.44,Underutilised,Bed Management System,True
BED000832,KPJ_01,JCORP Specialist Hospital,2025-01-24,Paediatric Ward,40,0,40,26,3,0,2,0,0,27,67.5,Underutilised,Bed Management System,True
BED000833,KPJ_01,JCORP Specialist Hospital,2025-01-25,Medical Ward,60,1,59,41,4,0,4,1,1,39,66.1,Underutilised,Bed Management System,True
BED000834,KPJ_01,JCORP Specialist Hospital,2025-01-25,Surgical Ward,55,0,55,38,3,0,3,1,0,37,67.27,Underutilised,Bed Management System,True
BED000835,KPJ_01,JCORP Specialist Hospital,2025-01-25,Maternity Ward,45,0,45,29,3,0,2,0,0,30,66.67,Underutilised,Bed Management System,True
BED000836,KPJ_01,JCORP Specialist Hospital,2025-01-25,Paediatric Ward,40,1,39,27,2,0,2,0,0,27,69.23,Underutilised,Bed Management System,True
BED000837,KPJ_01,JCORP Specialist Hospital,2025-01-26,Medical Ward,60,0,60,39,4,1,4,1,0,39,65.0,Underutilised,Bed Management System,True
BED000838,KPJ_01,JCORP Specialist Hospital,2025-01-26,Surgical Ward,55,0,55,37,4,1,4,1,1,36,65.45,Underutilised,Bed Management System,True
BED000839,KPJ_01,JCORP Specialist Hospital,2025-01-26,Maternity Ward,45,0,45,30,3,1,3,1,0,30,66.67,Underutilised,Bed Management System,True
BED000840,KPJ_01,JCORP Specialist Hospital,2025-01-26,Paediatric Ward,40,0,40,27,2,0,2,0,0,27,67.5,Underutilised,Bed Management System,True
BED000841,KPJ_01,JCORP Specialist Hospital,2025-01-27,Medical Ward,60,1,59,39,3,1,2,1,0,40,67.8,Underutilised,Bed Management System,True
BED000842,KPJ_01,JCORP Specialist Hospital,2025-01-27,Surgical Ward,55,2,53,36,3,1,2,1,0,37,69.81,Underutilised,Bed Management System,True
BED000843,KPJ_01,JCORP Specialist Hospital,2025-01-27,Maternity Ward,45,2,43,30,2,0,2,0,0,30,69.77,Underutilised,Bed Management System,True
BED000844,KPJ_01,JCORP Specialist Hospital,2025-01-27,Paediatric Ward,40,0,40,27,1,0,1,0,0,27,67.5,Underutilised,Bed Management System,True
BED000845,KPJ_01,JCORP Specialist Hospital,2025-01-28,Medical Ward,60,0,60,40,6,1,6,1,0,40,66.67,Underutilised,Bed Management System,True
BED000846,KPJ_01,JCORP Specialist Hospital,2025-01-28,Surgical Ward,55,1,54,37,6,1,6,1,0,37,68.52,Underutilised,Bed Management System,True
BED000847,KPJ_01,JCORP Specialist Hospital,2025-01-28,Maternity Ward,45,1,44,30,4,0,4,0,0,30,68.18,Underutilised,Bed Management System,True
BED000848,KPJ_01,JCORP Specialist Hospital,2025-01-28,Paediatric Ward,40,0,40,27,3,0,3,0,0,27,67.5,Underutilised,Bed Management System,True
BED000849,KPJ_01,JCORP Specialist Hospital,2025-01-29,Medical Ward,60,1,59,40,5,1,5,1,0,40,67.8,Underutilised,Bed Management System,True
BED000850,KPJ_01,JCORP Specialist Hospital,2025-01-29,Surgical Ward,55,2,53,37,4,1,5,1,0,36,67.92,Underutilised,Bed Management System,True
BED000851,KPJ_01,JCORP Specialist Hospital,2025-01-29,Maternity Ward,45,0,45,30,3,1,3,1,0,30,66.67,Underutilised,Bed Management System,True
BED000852,KPJ_01,JCORP Specialist Hospital,2025-01-29,Paediatric Ward,40,0,40,27,3,0,3,0,0,27,67.5,Underutilised,Bed Management System,True
BED000853,KPJ_01,JCORP Specialist Hospital,2025-01-30,Medical Ward,60,1,59,40,6,1,8,1,0,38,64.41,Underutilised,Bed Management System,True
BED000854,KPJ_01,JCORP Specialist Hospital,2025-01-30,Surgical Ward,55,2,53,36,6,1,6,1,0,36,67.92,Underutilised,Bed Management System,True
BED000855,KPJ_01,JCORP Specialist Hospital,2025-01-30,Maternity Ward,45,1,44,30,4,0,5,0,0,29,65.91,Underutilised,Bed Management System,True
BED000856,KPJ_01,JCORP Specialist Hospital,2025-01-30,Paediatric Ward,40,2,38,27,3,0,4,0,0,26,68.42,Underutilised,Bed Management System,True
BED000857,KPJ_01,JCORP Specialist Hospital,2025-01-31,Medical Ward,60,1,59,38,6,1,5,1,0,39,66.1,Underutilised,Bed Management System,True
BED000858,KPJ_01,JCORP Specialist Hospital,2025-01-31,Surgical Ward,55,0,55,36,5,1,5,0,0,37,67.27,Underutilised,Bed Management System,True
BED000859,KPJ_01,JCORP Specialist Hospital,2025-01-31,Maternity Ward,45,0,45,29,4,1,3,0,0,31,68.89,Underutilised,Bed Management System,True
BED000860,KPJ_01,JCORP Specialist Hospital,2025-01-31,Paediatric Ward,40,0,40,26,3,0,3,0,0,26,65.0,Underutilised,Bed Management System,True
BED000861,KPJ_01,JCORP Specialist Hospital,2025-02-01,Medical Ward,60,2,58,39,4,1,5,1,0,38,65.52,Underutilised,Bed Management System,True
BED000862,KPJ_01,JCORP Specialist Hospital,2025-02-01,Surgical Ward,55,1,54,37,4,1,5,0,0,37,68.52,Underutilised,Bed Management System,True
BED000863,KPJ_01,JCORP Specialist Hospital,2025-02-01,Maternity Ward,45,1,44,31,3,1,3,0,0,32,72.73,Underutilised,Bed Management System,True
BED000864,KPJ_01,JCORP Specialist Hospital,2025-02-01,Paediatric Ward,40,1,39,26,2,0,3,0,0,25,64.1,Underutilised,Bed Management System,True
BED000865,KPJ_01,JCORP Specialist Hospital,2025-02-02,Medical Ward,60,0,60,38,4,1,5,1,0,37,61.67,Underutilised,Bed Management System,True
BED000866,KPJ_01,JCORP Specialist Hospital,2025-02-02,Surgical Ward,55,2,53,37,3,1,4,1,0,36,67.92,Underutilised,Bed Management System,True
BED000867,KPJ_01,JCORP Specialist Hospital,2025-02-02,Maternity Ward,45,0,45,32,3,1,3,1,0,32,71.11,Underutilised,Bed Management System,True
BED000868,KPJ_01,JCORP Specialist Hospital,2025-02-02,Paediatric Ward,40,0,40,25,2,0,2,0,0,25,62.5,Underutilised,Bed Management System,True
BED000869,KPJ_01,JCORP Specialist Hospital,2025-02-03,Medical Ward,60,1,59,37,4,1,5,1,0,36,61.02,Underutilised,Bed Management System,True
BED000870,KPJ_01,JCORP Specialist Hospital,2025-02-03,Surgical Ward,55,1,54,36,3,0,4,1,0,34,62.96,Underutilised,Bed Management System,True
BED000871,KPJ_01,JCORP Specialist Hospital,2025-02-03,Maternity Ward,45,0,45,32,3,0,3,1,0,31,68.89,Underutilised,Bed Management System,True
BED000872,KPJ_01,JCORP Specialist Hospital,2025-02-03,Paediatric Ward,40,0,40,25,2,0,2,0,0,25,62.5,Underutilised,Bed Management System,True
BED000873,KPJ_01,JCORP Specialist Hospital,2025-02-04,Medical Ward,60,0,60,36,5,1,5,1,0,36,60.0,Underutilised,Bed Management System,True
BED000874,KPJ_01,JCORP Specialist Hospital,2025-02-04,Surgical Ward,55,2,53,34,4,1,4,1,0,34,64.15,Underutilised,Bed Management System,True
BED000875,KPJ_01,JCORP Specialist Hospital,2025-02-04,Maternity Ward,45,1,44,31,3,0,3,0,0,31,70.45,Underutilised,Bed Management System,True
BED000876,KPJ_01,JCORP Specialist Hospital,2025-02-04,Paediatric Ward,40,0,40,25,3,0,3,0,0,25,62.5,Underutilised,Bed Management System,True
BED000877,KPJ_01,JCORP Specialist Hospital,2025-02-05,Medical Ward,60,0,60,36,5,1,5,0,1,36,60.0,Underutilised,Bed Management System,True
BED000878,KPJ_01,JCORP Specialist Hospital,2025-02-05,Surgical Ward,55,1,54,34,5,1,4,0,0,36,66.67,Underutilised,Bed Management System,True
BED000879,KPJ_01,JCORP Specialist Hospital,2025-02-05,Maternity Ward,45,1,44,31,3,0,3,0,0,31,70.45,Underutilised,Bed Management System,True
BED000880,KPJ_01,JCORP Specialist Hospital,2025-02-05,Paediatric Ward,40,0,40,25,3,0,3,0,0,25,62.5,Underutilised,Bed Management System,True
BED000881,KPJ_01,JCORP Specialist Hospital,2025-02-06,Medical Ward,60,0,60,36,4,1,4,1,0,36,60.0,Underutilised,Bed Management System,True
BED000882,KPJ_01,JCORP Specialist Hospital,2025-02-06,Surgical Ward,55,1,54,36,4,1,3,1,0,37,68.52,Underutilised,Bed Management System,True
BED000883,KPJ_01,JCORP Specialist Hospital,2025-02-06,Maternity Ward,45,0,45,31,3,1,3,0,1,31,68.89,Underutilised,Bed Management System,True
BED000884,KPJ_01,JCORP Specialist Hospital,2025-02-06,Paediatric Ward,40,0,40,25,2,0,2,0,0,25,62.5,Underutilised,Bed Management System,True
BED000885,KPJ_01,JCORP Specialist Hospital,2025-02-07,Medical Ward,60,0,60,36,6,1,6,1,0,36,60.0,Underutilised,Bed Management System,True
BED000886,KPJ_01,JCORP Specialist Hospital,2025-02-07,Surgical Ward,55,3,52,37,5,0,6,0,0,36,69.23,Underutilised,Bed Management System,True
BED000887,KPJ_01,JCORP Specialist Hospital,2025-02-07,Maternity Ward,45,1,44,31,3,0,4,0,0,30,68.18,Underutilised,Bed Management System,True
BED000888,KPJ_01,JCORP Specialist Hospital,2025-02-07,Paediatric Ward,40,1,39,25,3,0,3,0,0,25,64.1,Underutilised,Bed Management System,True
BED000889,KPJ_01,JCORP Specialist Hospital,2025-02-08,Medical Ward,60,0,60,36,5,1,5,1,0,36,60.0,Underutilised,Bed Management System,True
BED000890,KPJ_01,JCORP Specialist Hospital,2025-02-08,Surgical Ward,55,0,55,36,5,1,4,1,0,37,67.27,Underutilised,Bed Management System,True
BED000891,KPJ_01,JCORP Specialist Hospital,2025-02-08,Maternity Ward,45,1,44,30,3,0,3,0,1,29,65.91,Underutilised,Bed Management System,True
BED000892,KPJ_01,JCORP Specialist Hospital,2025-02-08,Paediatric Ward,40,1,39,25,3,0,2,0,0,26,66.67,Underutilised,Bed Management System,True
BED000893,KPJ_01,JCORP Specialist Hospital,2025-02-09,Medical Ward,60,0,60,36,4,1,5,1,1,34,56.67,Underutilised,Bed Management System,True
BED000894,KPJ_01,JCORP Specialist Hospital,2025-02-09,Surgical Ward,55,0,55,37,4,1,4,0,1,37,67.27,Underutilised,Bed Management System,True
BED000895,KPJ_01,JCORP Specialist Hospital,2025-02-09,Maternity Ward,45,0,45,29,3,0,3,0,0,29,64.44,Underutilised,Bed Management System,True
BED000896,KPJ_01,JCORP Specialist Hospital,2025-02-09,Paediatric Ward,40,2,38,26,2,0,3,0,0,25,65.79,Underutilised,Bed Management System,True
BED000897,KPJ_01,JCORP Specialist Hospital,2025-02-10,Medical Ward,60,1,59,34,4,1,4,1,0,34,57.63,Underutilised,Bed Management System,True
BED000898,KPJ_01,JCORP Specialist Hospital,2025-02-10,Surgical Ward,55,1,54,37,3,1,3,1,0,37,68.52,Underutilised,Bed Management System,True
BED000899,KPJ_01,JCORP Specialist Hospital,2025-02-10,Maternity Ward,45,1,44,29,3,1,3,0,0,30,68.18,Underutilised,Bed Management System,True
BED000900,KPJ_01,JCORP Specialist Hospital,2025-02-10,Paediatric Ward,40,2,38,25,2,0,2,0,0,25,65.79,Underutilised,Bed Management System,True
BED000901,KPJ_01,JCORP Specialist Hospital,2025-02-11,Medical Ward,60,1,59,34,4,0,4,1,0,33,55.93,Underutilised,Bed Management System,True
BED000902,KPJ_01,JCORP Specialist Hospital,2025-02-11,Surgical Ward,55,1,54,37,4,0,4,1,0,36,66.67,Underutilised,Bed Management System,True
BED000903,KPJ_01,JCORP Specialist Hospital,2025-02-11,Maternity Ward,45,0,45,30,3,0,3,0,0,30,66.67,Underutilised,Bed Management System,True
BED000904,KPJ_01,JCORP Specialist Hospital,2025-02-11,Paediatric Ward,40,1,39,25,2,0,2,0,0,25,64.1,Underutilised,Bed Management System,True
BED000905,KPJ_01,JCORP Specialist Hospital,2025-02-12,Medical Ward,60,0,60,33,5,1,5,0,0,34,56.67,Underutilised,Bed Management System,True
BED000906,KPJ_01,JCORP Specialist Hospital,2025-02-12,Surgical Ward,55,0,55,36,4,1,5,0,0,36,65.45,Underutilised,Bed Management System,True
BED000907,KPJ_01,JCORP Specialist Hospital,2025-02-12,Maternity Ward,45,0,45,30,3,0,3,0,1,29,64.44,Underutilised,Bed Management System,True
BED000908,KPJ_01,JCORP Specialist Hospital,2025-02-12,Paediatric Ward,40,0,40,25,3,0,3,0,0,25,62.5,Underutilised,Bed Management System,True
BED000909,KPJ_01,JCORP Specialist Hospital,2025-02-13,Medical Ward,60,0,60,34,5,1,4,1,0,35,58.33,Underutilised,Bed Management System,True
BED000910,KPJ_01,JCORP Specialist Hospital,2025-02-13,Surgical Ward,55,0,55,36,5,1,4,1,0,37,67.27,Underutilised,Bed Management System,True
BED000911,KPJ_01,JCORP Specialist Hospital,2025-02-13,Maternity Ward,45,0,45,29,3,0,3,0,0,29,64.44,Underutilised,Bed Management System,True
BED000912,KPJ_01,JCORP Specialist Hospital,2025-02-13,Paediatric Ward,40,0,40,25,3,0,2,0,0,26,65.0,Underutilised,Bed Management System,True
BED000913,KPJ_01,JCORP Specialist Hospital,2025-02-14,Medical Ward,60,0,60,35,5,1,5,1,0,35,58.33,Underutilised,Bed Management System,True
BED000914,KPJ_01,JCORP Specialist Hospital,2025-02-14,Surgical Ward,55,1,54,37,4,1,4,1,0,37,68.52,Underutilised,Bed Management System,True
BED000915,KPJ_01,JCORP Specialist Hospital,2025-02-14,Maternity Ward,45,0,45,29,3,0,3,0,0,29,64.44,Underutilised,Bed Management System,True
BED000916,KPJ_01,JCORP Specialist Hospital,2025-02-14,Paediatric Ward,40,2,38,26,2,0,2,0,0,26,68.42,Underutilised,Bed Management System,True
BED000917,KPJ_01,JCORP Specialist Hospital,2025-02-15,Medical Ward,60,1,59,35,4,1,4,1,0,35,59.32,Underutilised,Bed Management System,True
BED000918,KPJ_01,JCORP Specialist Hospital,2025-02-15,Surgical Ward,55,0,55,37,3,1,3,0,0,38,69.09,Underutilised,Bed Management System,True
BED000919,KPJ_01,JCORP Specialist Hospital,2025-02-15,Maternity Ward,45,1,44,29,3,0,3,0,0,29,65.91,Underutilised,Bed Management System,True
BED000920,KPJ_01,JCORP Specialist Hospital,2025-02-15,Paediatric Ward,40,1,39,26,2,0,2,0,0,26,66.67,Underutilised,Bed Management System,True
BED000921,KPJ_01,JCORP Specialist Hospital,2025-02-16,Medical Ward,60,1,59,35,5,1,5,1,0,35,59.32,Underutilised,Bed Management System,True
BED000922,KPJ_01,JCORP Specialist Hospital,2025-02-16,Surgical Ward,55,0,55,38,4,1,4,0,0,39,70.91,Underutilised,Bed Management System,True
BED000923,KPJ_01,JCORP Specialist Hospital,2025-02-16,Maternity Ward,45,0,45,29,3,0,3,0,0,29,64.44,Underutilised,Bed Management System,True
BED000924,KPJ_01,JCORP Specialist Hospital,2025-02-16,Paediatric Ward,40,1,39,26,3,0,2,0,0,27,69.23,Underutilised,Bed Management System,True
BED000925,KPJ_01,JCORP Specialist Hospital,2025-02-17,Medical Ward,60,0,60,35,5,1,4,1,0,36,60.0,Underutilised,Bed Management System,True
BED000926,KPJ_01,JCORP Specialist Hospital,2025-02-17,Surgical Ward,55,0,55,39,4,1,4,0,0,40,72.73,Underutilised,Bed Management System,True
BED000927,KPJ_01,JCORP Specialist Hospital,2025-02-17,Maternity Ward,45,1,44,29,3,0,3,0,0,29,65.91,Underutilised,Bed Management System,True
BED000928,KPJ_01,JCORP Specialist Hospital,2025-02-17,Paediatric Ward,40,1,39,27,2,0,2,0,0,27,69.23,Underutilised,Bed Management System,True
BED000929,KPJ_01,JCORP Specialist Hospital,2025-02-18,Medical Ward,60,2,58,36,4,1,5,1,0,35,60.34,Underutilised,Bed Management System,True
BED000930,KPJ_01,JCORP Specialist Hospital,2025-02-18,Surgical Ward,55,0,55,40,3,1,4,1,0,39,70.91,Underutilised,Bed Management System,True
BED000931,KPJ_01,JCORP Specialist Hospital,2025-02-18,Maternity Ward,45,1,44,29,3,0,3,0,1,28,63.64,Underutilised,Bed Management System,True
BED000932,KPJ_01,JCORP Specialist Hospital,2025-02-18,Paediatric Ward,40,0,40,27,2,0,2,0,1,26,65.0,Underutilised,Bed Management System,True
BED000933,KPJ_01,JCORP Specialist Hospital,2025-02-19,Medical Ward,60,0,60,35,5,1,6,1,0,34,56.67,Underutilised,Bed Management System,True
BED000934,KPJ_01,JCORP Specialist Hospital,2025-02-19,Surgical Ward,55,0,55,39,4,0,5,0,0,38,69.09,Underutilised,Bed Management System,True
BED000935,KPJ_01,JCORP Specialist Hospital,2025-02-19,Maternity Ward,45,0,45,28,3,0,3,0,0,28,62.22,Underutilised,Bed Management System,True
BED000936,KPJ_01,JCORP Specialist Hospital,2025-02-19,Paediatric Ward,40,1,39,26,3,0,3,0,0,26,66.67,Underutilised,Bed Management System,True
BED000937,KPJ_01,JCORP Specialist Hospital,2025-02-20,Medical Ward,60,3,57,34,6,1,5,1,0,35,61.4,Underutilised,Bed Management System,True
BED000938,KPJ_01,JCORP Specialist Hospital,2025-02-20,Surgical Ward,55,3,52,38,5,0,5,0,0,38,73.08,Underutilised,Bed Management System,True
BED000939,KPJ_01,JCORP Specialist Hospital,2025-02-20,Maternity Ward,45,0,45,28,3,0,3,0,0,28,62.22,Underutilised,Bed Management System,True
BED000940,KPJ_01,JCORP Specialist Hospital,2025-02-20,Paediatric Ward,40,1,39,26,3,0,3,0,0,26,66.67,Underutilised,Bed Management System,True
BED000941,KPJ_01,JCORP Specialist Hospital,2025-02-21,Medical Ward,60,0,60,35,6,1,6,1,0,35,58.33,Underutilised,Bed Management System,True
BED000942,KPJ_01,JCORP Specialist Hospital,2025-02-21,Surgical Ward,55,0,55,38,5,0,6,0,0,37,67.27,Underutilised,Bed Management System,True
BED000943,KPJ_01,JCORP Specialist Hospital,2025-02-21,Maternity Ward,45,0,45,28,3,0,4,0,0,27,60.0,Underutilised,Bed Management System,True
BED000944,KPJ_01,JCORP Specialist Hospital,2025-02-21,Paediatric Ward,40,3,37,26,3,0,3,0,0,26,70.27,Underutilised,Bed Management System,True
BED000945,KPJ_01,JCORP Specialist Hospital,2025-02-22,Medical Ward,60,0,60,35,6,1,7,1,0,34,56.67,Underutilised,Bed Management System,True
BED000946,KPJ_01,JCORP Specialist Hospital,2025-02-22,Surgical Ward,55,0,55,37,5,1,6,0,0,37,67.27,Underutilised,Bed Management System,True
BED000947,KPJ_01,JCORP Specialist Hospital,2025-02-22,Maternity Ward,45,1,44,27,4,0,5,0,0,26,59.09,Underutilised,Bed Management System,True
BED000948,KPJ_01,JCORP Specialist Hospital,2025-02-22,Paediatric Ward,40,0,40,26,3,0,4,0,0,25,62.5,Underutilised,Bed Management System,True
BED000949,KPJ_01,JCORP Specialist Hospital,2025-02-23,Medical Ward,60,2,58,34,4,1,5,1,0,33,56.9,Underutilised,Bed Management System,True
BED000950,KPJ_01,JCORP Specialist Hospital,2025-02-23,Surgical Ward,55,0,55,37,4,1,4,0,0,38,69.09,Underutilised,Bed Management System,True
BED000951,KPJ_01,JCORP Specialist Hospital,2025-02-23,Maternity Ward,45,3,42,26,3,0,3,0,0,26,61.9,Underutilised,Bed Management System,True
BED000952,KPJ_01,JCORP Specialist Hospital,2025-02-23,Paediatric Ward,40,0,40,25,2,0,2,0,0,25,62.5,Underutilised,Bed Management System,True
BED000953,KPJ_01,JCORP Specialist Hospital,2025-02-24,Medical Ward,60,0,60,33,4,1,4,0,1,33,55.0,Underutilised,Bed Management System,True
BED000954,KPJ_01,JCORP Specialist Hospital,2025-02-24,Surgical Ward,55,0,55,38,4,1,3,0,0,40,72.73,Underutilised,Bed Management System,True
BED000955,KPJ_01,JCORP Specialist Hospital,2025-02-24,Maternity Ward,45,1,44,26,3,0,2,0,0,27,61.36,Underutilised,Bed Management System,True
BED000956,KPJ_01,JCORP Specialist Hospital,2025-02-24,Paediatric Ward,40,0,40,25,2,0,2,0,0,25,62.5,Underutilised,Bed Management System,True
BED000957,KPJ_01,JCORP Specialist Hospital,2025-02-25,Medical Ward,60,1,59,33,5,1,6,1,0,32,54.24,Underutilised,Bed Management System,True
BED000958,KPJ_01,JCORP Specialist Hospital,2025-02-25,Surgical Ward,55,0,55,40,4,1,5,0,0,40,72.73,Underutilised,Bed Management System,True
BED000959,KPJ_01,JCORP Specialist Hospital,2025-02-25,Maternity Ward,45,0,45,27,3,0,4,0,0,26,57.78,Underutilised,Bed Management System,True
BED000960,KPJ_01,JCORP Specialist Hospital,2025-02-25,Paediatric Ward,40,0,40,25,2,0,3,0,0,24,60.0,Underutilised,Bed Management System,True
BED000961,KPJ_01,JCORP Specialist Hospital,2025-02-26,Medical Ward,60,0,60,32,5,1,6,1,1,30,50.0,Underutilised,Bed Management System,True
BED000962,KPJ_01,JCORP Specialist Hospital,2025-02-26,Surgical Ward,55,0,55,40,5,1,5,0,0,41,74.55,Underutilised,Bed Management System,True
BED000963,KPJ_01,JCORP Specialist Hospital,2025-02-26,Maternity Ward,45,0,45,26,3,1,4,0,0,26,57.78,Underutilised,Bed Management System,True
BED000964,KPJ_01,JCORP Specialist Hospital,2025-02-26,Paediatric Ward,40,1,39,24,3,0,3,0,0,24,61.54,Underutilised,Bed Management System,True
BED000965,KPJ_01,JCORP Specialist Hospital,2025-02-27,Medical Ward,60,0,60,30,5,1,5,1,0,30,50.0,Underutilised,Bed Management System,True
BED000966,KPJ_01,JCORP Specialist Hospital,2025-02-27,Surgical Ward,55,0,55,41,5,1,5,0,0,42,76.36,Normal,Bed Management System,True
BED000967,KPJ_01,JCORP Specialist Hospital,2025-02-27,Maternity Ward,45,0,45,26,3,0,3,0,1,25,55.56,Underutilised,Bed Management System,True
BED000968,KPJ_01,JCORP Specialist Hospital,2025-02-27,Paediatric Ward,40,0,40,24,3,0,3,0,0,24,60.0,Underutilised,Bed Management System,True
BED000969,KPJ_01,JCORP Specialist Hospital,2025-02-28,Medical Ward,60,1,59,30,5,1,5,1,0,30,50.85,Underutilised,Bed Management System,True
BED000970,KPJ_01,JCORP Specialist Hospital,2025-02-28,Surgical Ward,55,1,54,42,4,1,4,0,1,42,77.78,Normal,Bed Management System,True
BED000971,KPJ_01,JCORP Specialist Hospital,2025-02-28,Maternity Ward,45,2,43,25,3,1,3,0,0,26,60.47,Underutilised,Bed Management System,True
BED000972,KPJ_01,JCORP Specialist Hospital,2025-02-28,Paediatric Ward,40,0,40,24,2,1,3,0,0,24,60.0,Underutilised,Bed Management System,True
BED000973,KPJ_01,JCORP Specialist Hospital,2025-03-01,Medical Ward,60,2,58,30,4,1,5,1,0,29,50.0,Underutilised,Bed Management System,True
BED000974,KPJ_01,JCORP Specialist Hospital,2025-03-01,Surgical Ward,55,1,54,42,4,0,4,0,1,41,75.93,Normal,Bed Management System,True
BED000975,KPJ_01,JCORP Specialist Hospital,2025-03-01,Maternity Ward,45,0,45,26,3,0,3,0,1,25,55.56,Underutilised,Bed Management System,True
BED000976,KPJ_01,JCORP Specialist Hospital,2025-03-01,Paediatric Ward,40,0,40,24,2,0,2,0,0,24,60.0,Underutilised,Bed Management System,True
BED000977,KPJ_01,JCORP Specialist Hospital,2025-03-02,Medical Ward,60,0,60,29,4,1,3,1,0,30,50.0,Underutilised,Bed Management System,True
BED000978,KPJ_01,JCORP Specialist Hospital,2025-03-02,Surgical Ward,55,1,54,41,3,0,3,0,0,41,75.93,Normal,Bed Management System,True
BED000979,KPJ_01,JCORP Specialist Hospital,2025-03-02,Maternity Ward,45,0,45,25,2,0,2,0,0,25,55.56,Underutilised,Bed Management System,True
BED000980,KPJ_01,JCORP Specialist Hospital,2025-03-02,Paediatric Ward,40,0,40,24,2,0,1,0,0,25,62.5,Underutilised,Bed Management System,True
BED000981,KPJ_01,JCORP Specialist Hospital,2025-03-03,Medical Ward,60,3,57,30,5,1,4,1,0,31,54.39,Underutilised,Bed Management System,True
BED000982,KPJ_01,JCORP Specialist Hospital,2025-03-03,Surgical Ward,55,1,54,41,4,1,4,0,1,41,75.93,Normal,Bed Management System,True
BED000983,KPJ_01,JCORP Specialist Hospital,2025-03-03,Maternity Ward,45,0,45,25,3,0,3,0,1,24,53.33,Underutilised,Bed Management System,True
BED000984,KPJ_01,JCORP Specialist Hospital,2025-03-03,Paediatric Ward,40,0,40,25,2,0,2,0,0,25,62.5,Underutilised,Bed Management System,True
BED000985,KPJ_01,JCORP Specialist Hospital,2025-03-04,Medical Ward,60,1,59,31,6,1,5,1,0,32,54.24,Underutilised,Bed Management System,True
BED000986,KPJ_01,JCORP Specialist Hospital,2025-03-04,Surgical Ward,55,2,53,41,5,1,4,1,2,40,75.47,Normal,Bed Management System,True
BED000987,KPJ_01,JCORP Specialist Hospital,2025-03-04,Maternity Ward,45,0,45,24,3,0,3,0,0,24,53.33,Underutilised,Bed Management System,True
BED000988,KPJ_01,JCORP Specialist Hospital,2025-03-04,Paediatric Ward,40,0,40,25,3,0,3,0,0,25,62.5,Underutilised,Bed Management System,True
BED000989,KPJ_01,JCORP Specialist Hospital,2025-03-05,Medical Ward,60,2,58,32,4,0,4,1,0,31,53.45,Underutilised,Bed Management System,True
BED000990,KPJ_01,JCORP Specialist Hospital,2025-03-05,Surgical Ward,55,0,55,40,3,0,3,1,0,39,70.91,Underutilised,Bed Management System,True
BED000991,KPJ_01,JCORP Specialist Hospital,2025-03-05,Maternity Ward,45,0,45,24,2,0,2,0,0,24,53.33,Underutilised,Bed Management System,True
BED000992,KPJ_01,JCORP Specialist Hospital,2025-03-05,Paediatric Ward,40,1,39,25,2,0,2,0,0,25,64.1,Underutilised,Bed Management System,True
BED000993,KPJ_01,JCORP Specialist Hospital,2025-03-06,Medical Ward,60,1,59,31,4,1,5,1,0,30,50.85,Underutilised,Bed Management System,True
BED000994,KPJ_01,JCORP Specialist Hospital,2025-03-06,Surgical Ward,55,3,52,39,4,1,5,1,0,38,73.08,Underutilised,Bed Management System,True
BED000995,KPJ_01,JCORP Specialist Hospital,2025-03-06,Maternity Ward,45,0,45,24,3,0,3,0,0,24,53.33,Underutilised,Bed Management System,True
BED000996,KPJ_01,JCORP Specialist Hospital,2025-03-06,Paediatric Ward,40,0,40,25,2,0,3,0,0,24,60.0,Underutilised,Bed Management System,True
BED000997,KPJ_01,JCORP Specialist Hospital,2025-03-07,Medical Ward,60,0,60,30,4,0,4,1,0,29,48.33,Underutilised,Bed Management System,True
BED000998,KPJ_01,JCORP Specialist Hospital,2025-03-07,Surgical Ward,55,2,53,38,3,0,3,1,0,37,69.81,Underutilised,Bed Management System,True
BED000999,KPJ_01,JCORP Specialist Hospital,2025-03-07,Maternity Ward,45,1,44,24,3,0,2,0,0,25,56.82,Underutilised,Bed Management System,True
BED001000,KPJ_01,JCORP Specialist Hospital,2025-03-07,Paediatric Ward,40,0,40,24,2,0,2,0,0,24,60.0,Underutilised,Bed Management System,True
BED001001,KPJ_01,JCORP Specialist Hospital,2025-03-08,Medical Ward,60,1,59,29,4,1,4,1,0,29,49.15,Underutilised,Bed Management System,True
BED001002,KPJ_01,JCORP Specialist Hospital,2025-03-08,Surgical Ward,55,1,54,37,3,1,3,1,0,37,68.52,Underutilised,Bed Management System,True
BED001003,KPJ_01,JCORP Specialist Hospital,2025-03-08,Maternity Ward,45,0,45,25,3,0,3,0,0,25,55.56,Underutilised,Bed Management System,True
BED001004,KPJ_01,JCORP Specialist Hospital,2025-03-08,Paediatric Ward,40,0,40,24,2,0,2,0,0,24,60.0,Underutilised,Bed Management System,True
BED001005,KPJ_01,JCORP Specialist Hospital,2025-03-09,Medical Ward,60,0,60,29,4,1,4,1,0,29,48.33,Underutilised,Bed Management System,True
BED001006,KPJ_01,JCORP Specialist Hospital,2025-03-09,Surgical Ward,55,1,54,37,3,1,3,0,0,38,70.37,Underutilised,Bed Management System,True
BED001007,KPJ_01,JCORP Specialist Hospital,2025-03-09,Maternity Ward,45,1,44,25,3,0,2,0,0,26,59.09,Underutilised,Bed Management System,True
BED001008,KPJ_01,JCORP Specialist Hospital,2025-03-09,Paediatric Ward,40,1,39,24,2,0,2,0,0,24,61.54,Underutilised,Bed Management System,True
BED001009,KPJ_01,JCORP Specialist Hospital,2025-03-10,Medical Ward,60,1,59,29,4,1,5,1,0,28,47.46,Underutilised,Bed Management System,True
BED001010,KPJ_01,JCORP Specialist Hospital,2025-03-10,Surgical Ward,55,0,55,38,4,1,4,0,0,39,70.91,Underutilised,Bed Management System,True
BED001011,KPJ_01,JCORP Specialist Hospital,2025-03-10,Maternity Ward,45,0,45,26,3,0,3,0,0,26,57.78,Underutilised,Bed Management System,True
BED001012,KPJ_01,JCORP Specialist Hospital,2025-03-10,Paediatric Ward,40,0,40,24,2,0,3,0,0,23,57.5,Underutilised,Bed Management System,True
BED001013,KPJ_01,JCORP Specialist Hospital,2025-03-11,Medical Ward,60,0,60,28,5,1,5,1,0,28,46.67,Underutilised,Bed Management System,True
BED001014,KPJ_01,JCORP Specialist Hospital,2025-03-11,Surgical Ward,55,1,54,39,4,1,4,0,0,40,74.07,Underutilised,Bed Management System,True
BED001015,KPJ_01,JCORP Specialist Hospital,2025-03-11,Maternity Ward,45,0,45,26,3,0,3,0,0,26,57.78,Underutilised,Bed Management System,True
BED001016,KPJ_01,JCORP Specialist Hospital,2025-03-11,Paediatric Ward,40,0,40,23,2,0,3,0,0,22,55.0,Underutilised,Bed Management System,True
BED001017,KPJ_01,JCORP Specialist Hospital,2025-03-12,Medical Ward,60,2,58,28,5,1,5,1,0,28,48.28,Underutilised,Bed Management System,True
BED001018,KPJ_01,JCORP Specialist Hospital,2025-03-12,Surgical Ward,55,0,55,40,4,1,5,0,0,40,72.73,Underutilised,Bed Management System,True
BED001019,KPJ_01,JCORP Specialist Hospital,2025-03-12,Maternity Ward,45,1,44,26,3,1,3,0,0,27,61.36,Underutilised,Bed Management System,True
BED001020,KPJ_01,JCORP Specialist Hospital,2025-03-12,Paediatric Ward,40,1,39,22,2,0,3,0,1,20,51.28,Underutilised,Bed Management System,True
BED001021,KPJ_01,JCORP Specialist Hospital,2025-03-13,Medical Ward,60,0,60,28,5,1,5,1,0,28,46.67,Underutilised,Bed Management System,True
BED001022,KPJ_01,JCORP Specialist Hospital,2025-03-13,Surgical Ward,55,0,55,40,5,1,4,0,0,42,76.36,Normal,Bed Management System,True
BED001023,KPJ_01,JCORP Specialist Hospital,2025-03-13,Maternity Ward,45,0,45,27,3,0,3,0,0,27,60.0,Underutilised,Bed Management System,True
BED001024,KPJ_01,JCORP Specialist Hospital,2025-03-13,Paediatric Ward,40,0,40,20,3,0,3,0,0,20,50.0,Underutilised,Bed Management System,True
BED001025,KPJ_01,JCORP Specialist Hospital,2025-03-14,Medical Ward,60,0,60,28,6,1,4,1,0,30,50.0,Underutilised,Bed Management System,True
BED001026,KPJ_01,JCORP Specialist Hospital,2025-03-14,Surgical Ward,55,0,55,42,5,0,3,1,1,42,76.36,Normal,Bed Management System,True
BED001027,KPJ_01,JCORP Specialist Hospital,2025-03-14,Maternity Ward,45,0,45,27,3,0,3,0,0,27,60.0,Underutilised,Bed Management System,True
BED001028,KPJ_01,JCORP Specialist Hospital,2025-03-14,Paediatric Ward,40,2,38,20,3,0,2,0,0,21,55.26,Underutilised,Bed Management System,True
BED001029,KPJ_01,JCORP Specialist Hospital,2025-03-15,Medical Ward,60,0,60,30,5,1,5,1,0,30,50.0,Underutilised,Bed Management System,True
BED001030,KPJ_01,JCORP Specialist Hospital,2025-03-15,Surgical Ward,55,1,54,42,4,1,4,1,1,41,75.93,Normal,Bed Management System,True
BED001031,KPJ_01,JCORP Specialist Hospital,2025-03-15,Maternity Ward,45,3,42,27,3,0,3,0,0,27,64.29,Underutilised,Bed Management System,True
BED001032,KPJ_01,JCORP Specialist Hospital,2025-03-15,Paediatric Ward,40,0,40,21,3,0,3,0,0,21,52.5,Underutilised,Bed Management System,True
BED001033,KPJ_01,JCORP Specialist Hospital,2025-03-16,Medical Ward,60,0,60,30,4,1,3,1,0,31,51.67,Underutilised,Bed Management System,True
BED001034,KPJ_01,JCORP Specialist Hospital,2025-03-16,Surgical Ward,55,2,53,41,3,0,3,1,0,40,75.47,Normal,Bed Management System,True
BED001035,KPJ_01,JCORP Specialist Hospital,2025-03-16,Maternity Ward,45,0,45,27,2,0,2,0,0,27,60.0,Underutilised,Bed Management System,True
BED001036,KPJ_01,JCORP Specialist Hospital,2025-03-16,Paediatric Ward,40,0,40,21,2,0,1,0,0,22,55.0,Underutilised,Bed Management System,True
BED001037,KPJ_01,JCORP Specialist Hospital,2025-03-17,Medical Ward,60,0,60,31,5,1,5,1,0,31,51.67,Underutilised,Bed Management System,True
BED001038,KPJ_01,JCORP Specialist Hospital,2025-03-17,Surgical Ward,55,1,54,40,4,1,4,0,0,41,75.93,Normal,Bed Management System,True
BED001039,KPJ_01,JCORP Specialist Hospital,2025-03-17,Maternity Ward,45,0,45,27,3,0,3,0,0,27,60.0,Underutilised,Bed Management System,True
BED001040,KPJ_01,JCORP Specialist Hospital,2025-03-17,Paediatric Ward,40,1,39,22,3,0,2,0,0,23,58.97,Underutilised,Bed Management System,True
BED001041,KPJ_01,JCORP Specialist Hospital,2025-03-18,Medical Ward,60,0,60,31,5,0,4,1,0,31,51.67,Underutilised,Bed Management System,True
BED001042,KPJ_01,JCORP Specialist Hospital,2025-03-18,Surgical Ward,55,0,55,41,4,0,3,0,0,42,76.36,Normal,Bed Management System,True
BED001043,KPJ_01,JCORP Specialist Hospital,2025-03-18,Maternity Ward,45,0,45,27,3,0,3,0,0,27,60.0,Underutilised,Bed Management System,True
BED001044,KPJ_01,JCORP Specialist Hospital,2025-03-18,Paediatric Ward,40,0,40,23,2,0,2,0,0,23,57.5,Underutilised,Bed Management System,True
BED001045,KPJ_01,JCORP Specialist Hospital,2025-03-19,Medical Ward,60,0,60,31,5,1,4,1,0,32,53.33,Underutilised,Bed Management System,True
BED001046,KPJ_01,JCORP Specialist Hospital,2025-03-19,Surgical Ward,55,1,54,42,5,1,4,1,2,41,75.93,Normal,Bed Management System,True
BED001047,KPJ_01,JCORP Specialist Hospital,2025-03-19,Maternity Ward,45,1,44,27,3,0,3,0,0,27,61.36,Underutilised,Bed Management System,True
BED001048,KPJ_01,JCORP Specialist Hospital,2025-03-19,Paediatric Ward,40,0,40,23,3,0,2,0,0,24,60.0,Underutilised,Bed Management System,True
BED001049,KPJ_01,JCORP Specialist Hospital,2025-03-20,Medical Ward,60,0,60,32,5,1,5,1,0,32,53.33,Underutilised,Bed Management System,True
BED001050,KPJ_01,JCORP Specialist Hospital,2025-03-20,Surgical Ward,55,0,55,41,5,1,4,1,0,42,76.36,Normal,Bed Management System,True
BED001051,KPJ_01,JCORP Specialist Hospital,2025-03-20,Maternity Ward,45,1,44,27,3,1,3,0,0,28,63.64,Underutilised,Bed Management System,True
BED001052,KPJ_01,JCORP Specialist Hospital,2025-03-20,Paediatric Ward,40,0,40,24,3,0,3,0,1,23,57.5,Underutilised,Bed Management System,True
BED001053,KPJ_01,JCORP Specialist Hospital,2025-03-21,Medical Ward,60,0,60,32,5,1,4,1,0,33,55.0,Underutilised,Bed Management System,True
BED001054,KPJ_01,JCORP Specialist Hospital,2025-03-21,Surgical Ward,55,0,55,42,4,0,3,0,1,42,76.36,Normal,Bed Management System,True
BED001055,KPJ_01,JCORP Specialist Hospital,2025-03-21,Maternity Ward,45,0,45,28,3,0,3,0,0,28,62.22,Underutilised,Bed Management System,True
BED001056,KPJ_01,JCORP Specialist Hospital,2025-03-21,Paediatric Ward,40,1,39,23,2,0,2,0,0,23,58.97,Underutilised,Bed Management System,True
BED001057,KPJ_01,JCORP Specialist Hospital,2025-03-22,Medical Ward,60,0,60,33,4,1,4,1,0,33,55.0,Underutilised,Bed Management System,True
BED001058,KPJ_01,JCORP Specialist Hospital,2025-03-22,Surgical Ward,55,1,54,42,4,1,3,1,2,41,75.93,Normal,Bed Management System,True
BED001059,KPJ_01,JCORP Specialist Hospital,2025-03-22,Maternity Ward,45,1,44,28,3,0,3,0,0,28,63.64,Underutilised,Bed Management System,True
BED001060,KPJ_01,JCORP Specialist Hospital,2025-03-22,Paediatric Ward,40,1,39,23,2,0,2,0,0,23,58.97,Underutilised,Bed Management System,True
BED001061,KPJ_01,JCORP Specialist Hospital,2025-03-23,Medical Ward,60,0,60,33,6,1,6,1,0,33,55.0,Underutilised,Bed Management System,True
BED001062,KPJ_01,JCORP Specialist Hospital,2025-03-23,Surgical Ward,55,1,54,41,5,1,6,0,0,41,75.93,Normal,Bed Management System,True
BED001063,KPJ_01,JCORP Specialist Hospital,2025-03-23,Maternity Ward,45,2,43,28,3,1,4,0,0,28,65.12,Underutilised,Bed Management System,True
BED001064,KPJ_01,JCORP Specialist Hospital,2025-03-23,Paediatric Ward,40,0,40,23,3,0,3,0,0,23,57.5,Underutilised,Bed Management System,True
BED001065,KPJ_01,JCORP Specialist Hospital,2025-03-24,Medical Ward,60,0,60,33,5,1,5,1,0,33,55.0,Underutilised,Bed Management System,True
BED001066,KPJ_01,JCORP Specialist Hospital,2025-03-24,Surgical Ward,55,1,54,41,4,0,4,1,0,40,74.07,Underutilised,Bed Management System,True
BED001067,KPJ_01,JCORP Specialist Hospital,2025-03-24,Maternity Ward,45,0,45,28,3,0,3,0,0,28,62.22,Underutilised,Bed Management System,True
BED001068,KPJ_01,JCORP Specialist Hospital,2025-03-24,Paediatric Ward,40,0,40,23,3,0,3,0,0,23,57.5,Underutilised,Bed Management System,True
BED001069,KPJ_01,JCORP Specialist Hospital,2025-03-25,Medical Ward,60,0,60,33,5,1,4,1,1,33,55.0,Underutilised,Bed Management System,True
BED001070,KPJ_01,JCORP Specialist Hospital,2025-03-25,Surgical Ward,55,0,55,40,4,1,4,1,0,40,72.73,Underutilised,Bed Management System,True
BED001071,KPJ_01,JCORP Specialist Hospital,2025-03-25,Maternity Ward,45,1,44,28,3,0,3,1,0,27,61.36,Underutilised,Bed Management System,True
BED001072,KPJ_01,JCORP Specialist Hospital,2025-03-25,Paediatric Ward,40,0,40,23,3,0,2,0,0,24,60.0,Underutilised,Bed Management System,True
BED001073,KPJ_01,JCORP Specialist Hospital,2025-03-26,Medical Ward,60,0,60,33,4,1,4,1,0,33,55.0,Underutilised,Bed Management System,True
BED001074,KPJ_01,JCORP Specialist Hospital,2025-03-26,Surgical Ward,55,0,55,40,4,1,3,1,0,41,74.55,Underutilised,Bed Management System,True
BED001075,KPJ_01,JCORP Specialist Hospital,2025-03-26,Maternity Ward,45,0,45,27,3,0,2,0,0,28,62.22,Underutilised,Bed Management System,True
BED001076,KPJ_01,JCORP Specialist Hospital,2025-03-26,Paediatric Ward,40,1,39,24,2,0,2,0,1,23,58.97,Underutilised,Bed Management System,True
BED001077,KPJ_01,JCORP Specialist Hospital,2025-03-27,Medical Ward,60,2,58,33,5,1,5,1,0,33,56.9,Underutilised,Bed Management System,True
BED001078,KPJ_01,JCORP Specialist Hospital,2025-03-27,Surgical Ward,55,1,54,41,4,1,4,1,0,41,75.93,Normal,Bed Management System,True
BED001079,KPJ_01,JCORP Specialist Hospital,2025-03-27,Maternity Ward,45,0,45,28,3,0,3,1,0,27,60.0,Underutilised,Bed Management System,True
BED001080,KPJ_01,JCORP Specialist Hospital,2025-03-27,Paediatric Ward,40,0,40,23,2,0,3,0,0,22,55.0,Underutilised,Bed Management System,True
BED001081,KPJ_01,JCORP Specialist Hospital,2025-03-28,Medical Ward,60,0,60,33,4,1,3,1,0,34,56.67,Underutilised,Bed Management System,True
BED001082,KPJ_01,JCORP Specialist Hospital,2025-03-28,Surgical Ward,55,2,53,41,3,1,3,1,0,41,77.36,Normal,Bed Management System,True
BED001083,KPJ_01,JCORP Specialist Hospital,2025-03-28,Maternity Ward,45,0,45,27,3,0,2,0,0,28,62.22,Underutilised,Bed Management System,True
BED001084,KPJ_01,JCORP Specialist Hospital,2025-03-28,Paediatric Ward,40,3,37,22,2,0,1,0,0,23,62.16,Underutilised,Bed Management System,True
BED001085,KPJ_01,JCORP Specialist Hospital,2025-03-29,Medical Ward,60,0,60,34,3,1,4,1,0,33,55.0,Underutilised,Bed Management System,True
BED001086,KPJ_01,JCORP Specialist Hospital,2025-03-29,Surgical Ward,55,0,55,41,2,1,3,1,0,40,72.73,Underutilised,Bed Management System,True
BED001087,KPJ_01,JCORP Specialist Hospital,2025-03-29,Maternity Ward,45,1,44,28,2,1,2,1,0,28,63.64,Underutilised,Bed Management System,True
BED001088,KPJ_01,JCORP Specialist Hospital,2025-03-29,Paediatric Ward,40,0,40,23,1,0,2,0,0,22,55.0,Underutilised,Bed Management System,True
BED001089,KPJ_01,JCORP Specialist Hospital,2025-03-30,Medical Ward,60,0,60,33,5,1,5,1,0,33,55.0,Underutilised,Bed Management System,True
BED001090,KPJ_01,JCORP Specialist Hospital,2025-03-30,Surgical Ward,55,2,53,40,4,0,5,1,0,38,71.7,Underutilised,Bed Management System,True
BED001091,KPJ_01,JCORP Specialist Hospital,2025-03-30,Maternity Ward,45,1,44,28,3,0,3,0,0,28,63.64,Underutilised,Bed Management System,True
BED001092,KPJ_01,JCORP Specialist Hospital,2025-03-30,Paediatric Ward,40,0,40,22,3,0,3,0,0,22,55.0,Underutilised,Bed Management System,True
BED001093,KPJ_01,JCORP Specialist Hospital,2025-03-31,Medical Ward,60,2,58,33,5,1,5,1,0,33,56.9,Underutilised,Bed Management System,True
BED001094,KPJ_01,JCORP Specialist Hospital,2025-03-31,Surgical Ward,55,1,54,38,5,1,5,0,0,39,72.22,Underutilised,Bed Management System,True
BED001095,KPJ_01,JCORP Specialist Hospital,2025-03-31,Maternity Ward,45,1,44,28,3,0,3,0,1,27,61.36,Underutilised,Bed Management System,True
BED001096,KPJ_01,JCORP Specialist Hospital,2025-03-31,Paediatric Ward,40,2,38,22,3,0,3,0,0,22,57.89,Underutilised,Bed Management System,True
BED001097,KPJ_01,JCORP Specialist Hospital,2025-04-01,Medical Ward,60,1,59,33,3,1,2,1,0,34,57.63,Underutilised,Bed Management System,True
BED001098,KPJ_01,JCORP Specialist Hospital,2025-04-01,Surgical Ward,55,0,55,39,3,1,2,1,0,40,72.73,Underutilised,Bed Management System,True
BED001099,KPJ_01,JCORP Specialist Hospital,2025-04-01,Maternity Ward,45,2,43,27,2,1,2,1,1,26,60.47,Underutilised,Bed Management System,True
BED001100,KPJ_01,JCORP Specialist Hospital,2025-04-01,Paediatric Ward,40,3,37,22,2,0,1,0,0,23,62.16,Underutilised,Bed Management System,True
BED001101,KPJ_01,JCORP Specialist Hospital,2025-04-02,Medical Ward,60,1,59,34,5,1,5,1,0,34,57.63,Underutilised,Bed Management System,True
BED001102,KPJ_01,JCORP Specialist Hospital,2025-04-02,Surgical Ward,55,0,55,40,4,1,4,1,0,40,72.73,Underutilised,Bed Management System,True
BED001103,KPJ_01,JCORP Specialist Hospital,2025-04-02,Maternity Ward,45,0,45,26,3,0,3,1,0,25,55.56,Underutilised,Bed Management System,True
BED001104,KPJ_01,JCORP Specialist Hospital,2025-04-02,Paediatric Ward,40,1,39,23,3,0,3,0,0,23,58.97,Underutilised,Bed Management System,True
BED001105,KPJ_01,JCORP Specialist Hospital,2025-04-03,Medical Ward,60,0,60,34,5,1,4,0,0,36,60.0,Underutilised,Bed Management System,True
BED001106,KPJ_01,JCORP Specialist Hospital,2025-04-03,Surgical Ward,55,0,55,40,4,1,3,0,0,42,76.36,Normal,Bed Management System,True
BED001107,KPJ_01,JCORP Specialist Hospital,2025-04-03,Maternity Ward,45,1,44,25,3,0,2,0,0,26,59.09,Underutilised,Bed Management System,True
BED001108,KPJ_01,JCORP Specialist Hospital,2025-04-03,Paediatric Ward,40,3,37,23,2,0,2,0,0,23,62.16,Underutilised,Bed Management System,True
BED001109,KPJ_01,JCORP Specialist Hospital,2025-04-04,Medical Ward,60,0,60,36,5,1,3,1,0,38,63.33,Underutilised,Bed Management System,True
BED001110,KPJ_01,JCORP Specialist Hospital,2025-04-04,Surgical Ward,55,0,55,42,4,1,3,1,1,42,76.36,Normal,Bed Management System,True
BED001111,KPJ_01,JCORP Specialist Hospital,2025-04-04,Maternity Ward,45,0,45,26,3,1,2,0,0,28,62.22,Underutilised,Bed Management System,True
BED001112,KPJ_01,JCORP Specialist Hospital,2025-04-04,Paediatric Ward,40,1,39,23,2,0,2,0,0,23,58.97,Underutilised,Bed Management System,True
BED001113,KPJ_01,JCORP Specialist Hospital,2025-04-05,Medical Ward,60,0,60,38,5,1,4,0,0,40,66.67,Underutilised,Bed Management System,True
BED001114,KPJ_01,JCORP Specialist Hospital,2025-04-05,Surgical Ward,55,0,55,42,4,1,3,0,2,42,76.36,Normal,Bed Management System,True
BED001115,KPJ_01,JCORP Specialist Hospital,2025-04-05,Maternity Ward,45,1,44,28,3,0,2,0,0,29,65.91,Underutilised,Bed Management System,True
BED001116,KPJ_01,JCORP Specialist Hospital,2025-04-05,Paediatric Ward,40,2,38,23,2,0,2,0,1,22,57.89,Underutilised,Bed Management System,True
BED001117,KPJ_01,JCORP Specialist Hospital,2025-04-06,Medical Ward,60,1,59,40,5,1,7,1,0,38,64.41,Underutilised,Bed Management System,True
BED001118,KPJ_01,JCORP Specialist Hospital,2025-04-06,Surgical Ward,55,0,55,42,4,0,6,0,0,40,72.73,Underutilised,Bed Management System,True
BED001119,KPJ_01,JCORP Specialist Hospital,2025-04-06,Maternity Ward,45,0,45,29,3,0,4,0,0,28,62.22,Underutilised,Bed Management System,True
BED001120,KPJ_01,JCORP Specialist Hospital,2025-04-06,Paediatric Ward,40,1,39,22,3,0,3,0,0,22,56.41,Underutilised,Bed Management System,True
BED001121,KPJ_01,JCORP Specialist Hospital,2025-04-07,Medical Ward,60,0,60,38,2,1,2,1,0,38,63.33,Underutilised,Bed Management System,True
BED001122,KPJ_01,JCORP Specialist Hospital,2025-04-07,Surgical Ward,55,0,55,40,2,0,1,1,0,40,72.73,Underutilised,Bed Management System,True
BED001123,KPJ_01,JCORP Specialist Hospital,2025-04-07,Maternity Ward,45,0,45,28,2,0,1,0,0,29,64.44,Underutilised,Bed Management System,True
BED001124,KPJ_01,JCORP Specialist Hospital,2025-04-07,Paediatric Ward,40,0,40,22,1,0,1,0,0,22,55.0,Underutilised,Bed Management System,True
BED001125,KPJ_01,JCORP Specialist Hospital,2025-04-08,Medical Ward,60,1,59,38,4,1,4,1,0,38,64.41,Underutilised,Bed Management System,True
BED001126,KPJ_01,JCORP Specialist Hospital,2025-04-08,Surgical Ward,55,1,54,40,4,1,3,1,0,41,75.93,Normal,Bed Management System,True
BED001127,KPJ_01,JCORP Specialist Hospital,2025-04-08,Maternity Ward,45,3,42,29,3,1,3,0,0,30,71.43,Underutilised,Bed Management System,True
BED001128,KPJ_01,JCORP Specialist Hospital,2025-04-08,Paediatric Ward,40,0,40,22,2,0,2,0,0,22,55.0,Underutilised,Bed Management System,True
BED001129,KPJ_01,JCORP Specialist Hospital,2025-04-09,Medical Ward,60,0,60,38,5,1,5,1,0,38,63.33,Underutilised,Bed Management System,True
BED001130,KPJ_01,JCORP Specialist Hospital,2025-04-09,Surgical Ward,55,0,55,41,4,1,4,0,0,42,76.36,Normal,Bed Management System,True
BED001131,KPJ_01,JCORP Specialist Hospital,2025-04-09,Maternity Ward,45,0,45,30,3,0,3,0,0,30,66.67,Underutilised,Bed Management System,True
BED001132,KPJ_01,JCORP Specialist Hospital,2025-04-09,Paediatric Ward,40,0,40,22,3,0,2,0,0,23,57.5,Underutilised,Bed Management System,True
BED001133,KPJ_01,JCORP Specialist Hospital,2025-04-10,Medical Ward,60,1,59,38,5,1,4,1,0,39,66.1,Underutilised,Bed Management System,True
BED001134,KPJ_01,JCORP Specialist Hospital,2025-04-10,Surgical Ward,55,3,52,42,4,1,4,1,2,40,76.92,Normal,Bed Management System,True
BED001135,KPJ_01,JCORP Specialist Hospital,2025-04-10,Maternity Ward,45,1,44,30,3,1,3,0,0,31,70.45,Underutilised,Bed Management System,True
BED001136,KPJ_01,JCORP Specialist Hospital,2025-04-10,Paediatric Ward,40,0,40,23,2,0,2,0,0,23,57.5,Underutilised,Bed Management System,True
BED001137,KPJ_01,JCORP Specialist Hospital,2025-04-11,Medical Ward,60,1,59,39,5,1,4,0,0,41,69.49,Underutilised,Bed Management System,True
BED001138,KPJ_01,JCORP Specialist Hospital,2025-04-11,Surgical Ward,55,0,55,40,4,1,4,0,0,41,74.55,Underutilised,Bed Management System,True
BED001139,KPJ_01,JCORP Specialist Hospital,2025-04-11,Maternity Ward,45,0,45,31,3,1,3,0,0,32,71.11,Underutilised,Bed Management System,True
BED001140,KPJ_01,JCORP Specialist Hospital,2025-04-11,Paediatric Ward,40,0,40,23,2,0,2,0,0,23,57.5,Underutilised,Bed Management System,True
BED001141,KPJ_01,JCORP Specialist Hospital,2025-04-12,Medical Ward,60,0,60,41,4,1,3,1,0,42,70.0,Underutilised,Bed Management System,True
BED001142,KPJ_01,JCORP Specialist Hospital,2025-04-12,Surgical Ward,55,0,55,41,3,1,3,1,0,41,74.55,Underutilised,Bed Management System,True
BED001143,KPJ_01,JCORP Specialist Hospital,2025-04-12,Maternity Ward,45,0,45,32,3,0,2,0,0,33,73.33,Underutilised,Bed Management System,True
BED001144,KPJ_01,JCORP Specialist Hospital,2025-04-12,Paediatric Ward,40,0,40,23,2,0,2,0,0,23,57.5,Underutilised,Bed Management System,True
BED001145,KPJ_01,JCORP Specialist Hospital,2025-04-13,Medical Ward,60,1,59,42,4,1,3,1,0,43,72.88,Underutilised,Bed Management System,True
BED001146,KPJ_01,JCORP Specialist Hospital,2025-04-13,Surgical Ward,55,0,55,41,3,1,2,0,1,42,76.36,Normal,Bed Management System,True
BED001147,KPJ_01,JCORP Specialist Hospital,2025-04-13,Maternity Ward,45,1,44,33,2,0,2,0,1,32,72.73,Underutilised,Bed Management System,True
BED001148,KPJ_01,JCORP Specialist Hospital,2025-04-13,Paediatric Ward,40,1,39,23,2,0,1,0,0,24,61.54,Underutilised,Bed Management System,True
BED001149,KPJ_01,JCORP Specialist Hospital,2025-04-14,Medical Ward,60,1,59,43,3,1,2,0,0,45,76.27,Normal,Bed Management System,True
BED001150,KPJ_01,JCORP Specialist Hospital,2025-04-14,Surgical Ward,55,0,55,42,3,0,2,0,1,42,76.36,Normal,Bed Management System,True
BED001151,KPJ_01,JCORP Specialist Hospital,2025-04-14,Maternity Ward,45,2,43,32,2,0,2,0,0,32,74.42,Underutilised,Bed Management System,True
BED001152,KPJ_01,JCORP Specialist Hospital,2025-04-14,Paediatric Ward,40,1,39,24,2,0,1,0,0,25,64.1,Underutilised,Bed Management System,True
BED001153,KPJ_01,JCORP Specialist Hospital,2025-04-15,Medical Ward,60,3,57,45,5,1,5,1,1,44,77.19,Normal,Bed Management System,True
BED001154,KPJ_01,JCORP Specialist Hospital,2025-04-15,Surgical Ward,55,1,54,42,5,1,5,0,2,41,75.93,Normal,Bed Management System,True
BED001155,KPJ_01,JCORP Specialist Hospital,2025-04-15,Maternity Ward,45,0,45,32,3,0,3,0,0,32,71.11,Underutilised,Bed Management System,True
BED001156,KPJ_01,JCORP Specialist Hospital,2025-04-15,Paediatric Ward,40,0,40,25,3,0,3,0,0,25,62.5,Underutilised,Bed Management System,True
BED001157,KPJ_01,JCORP Specialist Hospital,2025-04-16,Medical Ward,60,0,60,44,5,1,4,0,0,46,76.67,Normal,Bed Management System,True
BED001158,KPJ_01,JCORP Specialist Hospital,2025-04-16,Surgical Ward,55,0,55,41,4,0,3,0,0,42,76.36,Normal,Bed Management System,True
BED001159,KPJ_01,JCORP Specialist Hospital,2025-04-16,Maternity Ward,45,0,45,32,3,0,3,0,0,32,71.11,Underutilised,Bed Management System,True
BED001160,KPJ_01,JCORP Specialist Hospital,2025-04-16,Paediatric Ward,40,0,40,25,3,0,2,0,0,26,65.0,Underutilised,Bed Management System,True
BED001161,KPJ_01,JCORP Specialist Hospital,2025-04-17,Medical Ward,60,0,60,46,4,1,3,1,1,46,76.67,Normal,Bed Management System,True
BED001162,KPJ_01,JCORP Specialist Hospital,2025-04-17,Surgical Ward,55,1,54,42,4,1,2,0,4,41,75.93,Normal,Bed Management System,True
BED001163,KPJ_01,JCORP Specialist Hospital,2025-04-17,Maternity Ward,45,0,45,32,3,1,2,0,1,33,73.33,Underutilised,Bed Management System,True
BED001164,KPJ_01,JCORP Specialist Hospital,2025-04-17,Paediatric Ward,40,0,40,26,2,0,1,0,0,27,67.5,Underutilised,Bed Management System,True
BED001165,KPJ_01,JCORP Specialist Hospital,2025-04-18,Medical Ward,60,1,59,46,4,1,5,1,0,45,76.27,Normal,Bed Management System,True
BED001166,KPJ_01,JCORP Specialist Hospital,2025-04-18,Surgical Ward,55,2,53,41,4,1,5,1,0,40,75.47,Normal,Bed Management System,True
BED001167,KPJ_01,JCORP Specialist Hospital,2025-04-18,Maternity Ward,45,0,45,33,3,1,3,1,0,33,73.33,Underutilised,Bed Management System,True
BED001168,KPJ_01,JCORP Specialist Hospital,2025-04-18,Paediatric Ward,40,0,40,27,2,0,3,0,0,26,65.0,Underutilised,Bed Management System,True
BED001169,KPJ_01,JCORP Specialist Hospital,2025-04-19,Medical Ward,60,3,57,45,4,1,3,1,2,44,77.19,Normal,Bed Management System,True
BED001170,KPJ_01,JCORP Specialist Hospital,2025-04-19,Surgical Ward,55,0,55,40,3,1,3,0,0,41,74.55,Underutilised,Bed Management System,True
BED001171,KPJ_01,JCORP Specialist Hospital,2025-04-19,Maternity Ward,45,0,45,33,2,1,2,0,1,33,73.33,Underutilised,Bed Management System,True
BED001172,KPJ_01,JCORP Specialist Hospital,2025-04-19,Paediatric Ward,40,0,40,26,2,1,1,0,0,28,70.0,Underutilised,Bed Management System,True
BED001173,KPJ_01,JCORP Specialist Hospital,2025-04-20,Medical Ward,60,1,59,44,3,1,3,0,0,45,76.27,Normal,Bed Management System,True
BED001174,KPJ_01,JCORP Specialist Hospital,2025-04-20,Surgical Ward,55,2,53,41,3,1,2,0,2,41,77.36,Normal,Bed Management System,True
BED001175,KPJ_01,JCORP Specialist Hospital,2025-04-20,Maternity Ward,45,0,45,33,2,0,2,0,0,33,73.33,Underutilised,Bed Management System,True
BED001176,KPJ_01,JCORP Specialist Hospital,2025-04-20,Paediatric Ward,40,0,40,28,2,0,1,0,0,29,72.5,Underutilised,Bed Management System,True
BED001177,KPJ_01,JCORP Specialist Hospital,2025-04-21,Medical Ward,60,0,60,45,5,0,5,1,0,44,73.33,Underutilised,Bed Management System,True
BED001178,KPJ_01,JCORP Specialist Hospital,2025-04-21,Surgical Ward,55,0,55,41,4,0,4,0,0,41,74.55,Underutilised,Bed Management System,True
BED001179,KPJ_01,JCORP Specialist Hospital,2025-04-21,Maternity Ward,45,0,45,33,3,0,3,0,0,33,73.33,Underutilised,Bed Management System,True
BED001180,KPJ_01,JCORP Specialist Hospital,2025-04-21,Paediatric Ward,40,2,38,29,2,0,2,0,1,28,73.68,Underutilised,Bed Management System,True
BED001181,KPJ_01,JCORP Specialist Hospital,2025-04-22,Medical Ward,60,0,60,44,4,1,4,1,0,44,73.33,Underutilised,Bed Management System,True
BED001182,KPJ_01,JCORP Specialist Hospital,2025-04-22,Surgical Ward,55,0,55,41,4,1,3,0,1,42,76.36,Normal,Bed Management System,True
BED001183,KPJ_01,JCORP Specialist Hospital,2025-04-22,Maternity Ward,45,0,45,33,3,0,3,0,0,33,73.33,Underutilised,Bed Management System,True
BED001184,KPJ_01,JCORP Specialist Hospital,2025-04-22,Paediatric Ward,40,0,40,28,2,0,2,0,0,28,70.0,Underutilised,Bed Management System,True
BED001185,KPJ_01,JCORP Specialist Hospital,2025-04-23,Medical Ward,60,2,58,44,3,1,4,1,0,43,74.14,Underutilised,Bed Management System,True
BED001186,KPJ_01,JCORP Specialist Hospital,2025-04-23,Surgical Ward,55,0,55,42,3,1,4,1,0,41,74.55,Underutilised,Bed Management System,True
BED001187,KPJ_01,JCORP Specialist Hospital,2025-04-23,Maternity Ward,45,0,45,33,2,0,3,0,0,32,71.11,Underutilised,Bed Management System,True
BED001188,KPJ_01,JCORP Specialist Hospital,2025-04-23,Paediatric Ward,40,1,39,28,1,0,2,0,0,27,69.23,Underutilised,Bed Management System,True
BED001189,KPJ_01,JCORP Specialist Hospital,2025-04-24,Medical Ward,60,1,59,43,5,1,5,1,0,43,72.88,Underutilised,Bed Management System,True
BED001190,KPJ_01,JCORP Specialist Hospital,2025-04-24,Surgical Ward,55,0,55,41,4,1,5,0,0,41,74.55,Underutilised,Bed Management System,True
BED001191,KPJ_01,JCORP Specialist Hospital,2025-04-24,Maternity Ward,45,0,45,32,3,1,3,0,0,33,73.33,Underutilised,Bed Management System,True
BED001192,KPJ_01,JCORP Specialist Hospital,2025-04-24,Paediatric Ward,40,0,40,27,3,0,3,0,0,27,67.5,Underutilised,Bed Management System,True
BED001193,KPJ_01,JCORP Specialist Hospital,2025-04-25,Medical Ward,60,2,58,43,6,1,6,1,0,43,74.14,Underutilised,Bed Management System,True
BED001194,KPJ_01,JCORP Specialist Hospital,2025-04-25,Surgical Ward,55,0,55,41,5,1,5,0,0,42,76.36,Normal,Bed Management System,True
BED001195,KPJ_01,JCORP Specialist Hospital,2025-04-25,Maternity Ward,45,0,45,33,3,0,3,0,0,33,73.33,Underutilised,Bed Management System,True
BED001196,KPJ_01,JCORP Specialist Hospital,2025-04-25,Paediatric Ward,40,0,40,27,3,0,3,0,0,27,67.5,Underutilised,Bed Management System,True
BED001197,KPJ_01,JCORP Specialist Hospital,2025-04-26,Medical Ward,60,0,60,43,4,1,3,0,0,45,75.0,Normal,Bed Management System,True
BED001198,KPJ_01,JCORP Specialist Hospital,2025-04-26,Surgical Ward,55,3,52,42,3,0,3,0,2,40,76.92,Normal,Bed Management System,True
BED001199,KPJ_01,JCORP Specialist Hospital,2025-04-26,Maternity Ward,45,1,44,33,3,0,2,0,2,32,72.73,Underutilised,Bed Management System,True
BED001200,KPJ_01,JCORP Specialist Hospital,2025-04-26,Paediatric Ward,40,0,40,27,2,0,1,0,0,28,70.0,Underutilised,Bed Management System,True
BED001201,KPJ_01,JCORP Specialist Hospital,2025-04-27,Medical Ward,60,0,60,45,3,1,2,1,0,46,76.67,Normal,Bed Management System,True
BED001202,KPJ_01,JCORP Specialist Hospital,2025-04-27,Surgical Ward,55,0,55,40,3,1,2,1,0,41,74.55,Underutilised,Bed Management System,True
BED001203,KPJ_01,JCORP Specialist Hospital,2025-04-27,Maternity Ward,45,0,45,32,2,0,2,1,0,31,68.89,Underutilised,Bed Management System,True
BED001204,KPJ_01,JCORP Specialist Hospital,2025-04-27,Paediatric Ward,40,0,40,28,1,0,1,0,1,27,67.5,Underutilised,Bed Management System,True
BED001205,KPJ_01,JCORP Specialist Hospital,2025-04-28,Medical Ward,60,1,59,46,4,1,3,1,1,46,77.97,Normal,Bed Management System,True
BED001206,KPJ_01,JCORP Specialist Hospital,2025-04-28,Surgical Ward,55,0,55,41,3,1,3,0,0,42,76.36,Normal,Bed Management System,True
BED001207,KPJ_01,JCORP Specialist Hospital,2025-04-28,Maternity Ward,45,3,42,31,3,0,2,0,1,31,73.81,Underutilised,Bed Management System,True
BED001208,KPJ_01,JCORP Specialist Hospital,2025-04-28,Paediatric Ward,40,1,39,27,2,0,2,0,0,27,69.23,Underutilised,Bed Management System,True
BED001209,KPJ_01,JCORP Specialist Hospital,2025-04-29,Medical Ward,60,1,59,46,6,0,6,1,0,45,76.27,Normal,Bed Management System,True
BED001210,KPJ_01,JCORP Specialist Hospital,2025-04-29,Surgical Ward,55,0,55,42,5,0,6,1,0,40,72.73,Underutilised,Bed Management System,True
BED001211,KPJ_01,JCORP Specialist Hospital,2025-04-29,Maternity Ward,45,0,45,31,4,0,4,1,0,30,66.67,Underutilised,Bed Management System,True
BED001212,KPJ_01,JCORP Specialist Hospital,2025-04-29,Paediatric Ward,40,0,40,27,3,0,3,0,0,27,67.5,Underutilised,Bed Management System,True
BED001213,KPJ_01,JCORP Specialist Hospital,2025-04-30,Medical Ward,60,0,60,45,6,1,5,1,0,46,76.67,Normal,Bed Management System,True
BED001214,KPJ_01,JCORP Specialist Hospital,2025-04-30,Surgical Ward,55,1,54,40,5,1,4,1,0,41,75.93,Normal,Bed Management System,True
BED001215,KPJ_01,JCORP Specialist Hospital,2025-04-30,Maternity Ward,45,0,45,30,3,0,3,0,0,30,66.67,Underutilised,Bed Management System,True
BED001216,KPJ_01,JCORP Specialist Hospital,2025-04-30,Paediatric Ward,40,2,38,27,3,0,3,0,0,27,71.05,Underutilised,Bed Management System,True
BED001217,KPJ_01,JCORP Specialist Hospital,2025-05-01,Medical Ward,60,1,59,46,4,1,5,1,0,45,76.27,Normal,Bed Management System,True
BED001218,KPJ_01,JCORP Specialist Hospital,2025-05-01,Surgical Ward,55,0,55,41,3,0,4,1,0,39,70.91,Underutilised,Bed Management System,True
BED001219,KPJ_01,JCORP Specialist Hospital,2025-05-01,Maternity Ward,45,2,43,30,3,0,3,0,0,30,69.77,Underutilised,Bed Management System,True
BED001220,KPJ_01,JCORP Specialist Hospital,2025-05-01,Paediatric Ward,40,1,39,27,2,0,2,0,0,27,69.23,Underutilised,Bed Management System,True
BED001221,KPJ_01,JCORP Specialist Hospital,2025-05-02,Medical Ward,60,1,59,45,4,1,4,1,1,44,74.58,Underutilised,Bed Management System,True
BED001222,KPJ_01,JCORP Specialist Hospital,2025-05-02,Surgical Ward,55,0,55,39,4,1,3,1,0,40,72.73,Underutilised,Bed Management System,True
BED001223,KPJ_01,JCORP Specialist Hospital,2025-05-02,Maternity Ward,45,0,45,30,3,0,2,0,0,31,68.89,Underutilised,Bed Management System,True
BED001224,KPJ_01,JCORP Specialist Hospital,2025-05-02,Paediatric Ward,40,0,40,27,2,0,2,0,0,27,67.5,Underutilised,Bed Management System,True
BED001225,KPJ_01,JCORP Specialist Hospital,2025-05-03,Medical Ward,60,0,60,44,3,1,3,1,0,44,73.33,Underutilised,Bed Management System,True
BED001226,KPJ_01,JCORP Specialist Hospital,2025-05-03,Surgical Ward,55,3,52,40,3,0,3,0,0,40,76.92,Normal,Bed Management System,True
BED001227,KPJ_01,JCORP Specialist Hospital,2025-05-03,Maternity Ward,45,3,42,31,2,0,2,0,0,31,73.81,Underutilised,Bed Management System,True
BED001228,KPJ_01,JCORP Specialist Hospital,2025-05-03,Paediatric Ward,40,0,40,27,2,0,2,0,0,27,67.5,Underutilised,Bed Management System,True
BED001229,KPJ_01,JCORP Specialist Hospital,2025-05-04,Medical Ward,60,2,58,44,4,1,2,1,1,45,77.59,Normal,Bed Management System,True
BED001230,KPJ_01,JCORP Specialist Hospital,2025-05-04,Surgical Ward,55,0,55,40,4,1,2,1,0,42,76.36,Normal,Bed Management System,True
BED001231,KPJ_01,JCORP Specialist Hospital,2025-05-04,Maternity Ward,45,3,42,31,3,1,2,1,1,31,73.81,Underutilised,Bed Management System,True
BED001232,KPJ_01,JCORP Specialist Hospital,2025-05-04,Paediatric Ward,40,0,40,27,2,0,1,0,1,27,67.5,Underutilised,Bed Management System,True
BED001233,KPJ_01,JCORP Specialist Hospital,2025-05-05,Medical Ward,60,2,58,45,5,1,5,1,0,45,77.59,Normal,Bed Management System,True
BED001234,KPJ_01,JCORP Specialist Hospital,2025-05-05,Surgical Ward,55,1,54,42,4,0,4,0,1,41,75.93,Normal,Bed Management System,True
BED001235,KPJ_01,JCORP Specialist Hospital,2025-05-05,Maternity Ward,45,0,45,31,3,0,3,0,1,30,66.67,Underutilised,Bed Management System,True
BED001236,KPJ_01,JCORP Specialist Hospital,2025-05-05,Paediatric Ward,40,0,40,27,2,0,2,0,1,26,65.0,Underutilised,Bed Management System,True
BED001237,KPJ_01,JCORP Specialist Hospital,2025-05-06,Medical Ward,60,1,59,45,4,1,4,0,0,46,77.97,Normal,Bed Management System,True
BED001238,KPJ_01,JCORP Specialist Hospital,2025-05-06,Surgical Ward,55,0,55,41,4,1,3,0,1,42,76.36,Normal,Bed Management System,True
BED001239,KPJ_01,JCORP Specialist Hospital,2025-05-06,Maternity Ward,45,3,42,30,3,0,2,0,0,31,73.81,Underutilised,Bed Management System,True
BED001240,KPJ_01,JCORP Specialist Hospital,2025-05-06,Paediatric Ward,40,0,40,26,2,0,2,0,0,26,65.0,Underutilised,Bed Management System,True
BED001241,KPJ_01,JCORP Specialist Hospital,2025-05-07,Medical Ward,60,0,60,46,5,1,4,1,0,47,78.33,Normal,Bed Management System,True
BED001242,KPJ_01,JCORP Specialist Hospital,2025-05-07,Surgical Ward,55,0,55,42,4,0,4,1,0,41,74.55,Underutilised,Bed Management System,True
BED001243,KPJ_01,JCORP Specialist Hospital,2025-05-07,Maternity Ward,45,1,44,31,3,0,3,0,0,31,70.45,Underutilised,Bed Management System,True
BED001244,KPJ_01,JCORP Specialist Hospital,2025-05-07,Paediatric Ward,40,0,40,26,2,0,2,0,0,26,65.0,Underutilised,Bed Management System,True
BED001245,KPJ_01,JCORP Specialist Hospital,2025-05-08,Medical Ward,60,1,59,47,4,1,5,1,0,46,77.97,Normal,Bed Management System,True
BED001246,KPJ_01,JCORP Specialist Hospital,2025-05-08,Surgical Ward,55,1,54,41,4,1,4,1,0,41,75.93,Normal,Bed Management System,True
BED001247,KPJ_01,JCORP Specialist Hospital,2025-05-08,Maternity Ward,45,0,45,31,3,1,3,0,0,32,71.11,Underutilised,Bed Management System,True
BED001248,KPJ_01,JCORP Specialist Hospital,2025-05-08,Paediatric Ward,40,1,39,26,2,0,2,0,0,26,66.67,Underutilised,Bed Management System,True
BED001249,KPJ_01,JCORP Specialist Hospital,2025-05-09,Medical Ward,60,1,59,46,4,1,4,1,1,45,76.27,Normal,Bed Management System,True
BED001250,KPJ_01,JCORP Specialist Hospital,2025-05-09,Surgical Ward,55,0,55,41,3,0,3,1,0,40,72.73,Underutilised,Bed Management System,True
BED001251,KPJ_01,JCORP Specialist Hospital,2025-05-09,Maternity Ward,45,0,45,32,3,0,2,1,0,32,71.11,Underutilised,Bed Management System,True
BED001252,KPJ_01,JCORP Specialist Hospital,2025-05-09,Paediatric Ward,40,1,39,26,2,0,2,1,0,25,64.1,Underutilised,Bed Management System,True
BED001253,KPJ_01,JCORP Specialist Hospital,2025-05-10,Medical Ward,60,0,60,45,5,1,4,0,0,47,78.33,Normal,Bed Management System,True
BED001254,KPJ_01,JCORP Specialist Hospital,2025-05-10,Surgical Ward,55,0,55,40,4,1,3,0,0,42,76.36,Normal,Bed Management System,True
BED001255,KPJ_01,JCORP Specialist Hospital,2025-05-10,Maternity Ward,45,0,45,32,3,0,3,0,0,32,71.11,Underutilised,Bed Management System,True
BED001256,KPJ_01,JCORP Specialist Hospital,2025-05-10,Paediatric Ward,40,3,37,25,2,0,2,0,0,25,67.57,Underutilised,Bed Management System,True
BED001257,KPJ_01,JCORP Specialist Hospital,2025-05-11,Medical Ward,60,0,60,47,4,1,5,1,0,46,76.67,Normal,Bed Management System,True
BED001258,KPJ_01,JCORP Specialist Hospital,2025-05-11,Surgical Ward,55,0,55,42,4,1,4,0,1,42,76.36,Normal,Bed Management System,True
BED001259,KPJ_01,JCORP Specialist Hospital,2025-05-11,Maternity Ward,45,0,45,32,3,0,3,0,0,32,71.11,Underutilised,Bed Management System,True
BED001260,KPJ_01,JCORP Specialist Hospital,2025-05-11,Paediatric Ward,40,1,39,25,2,0,2,0,0,25,64.1,Underutilised,Bed Management System,True
BED001261,KPJ_01,JCORP Specialist Hospital,2025-05-12,Medical Ward,60,0,60,46,4,1,3,1,0,47,78.33,Normal,Bed Management System,True
BED001262,KPJ_01,JCORP Specialist Hospital,2025-05-12,Surgical Ward,55,0,55,42,3,1,3,0,1,42,76.36,Normal,Bed Management System,True
BED001263,KPJ_01,JCORP Specialist Hospital,2025-05-12,Maternity Ward,45,0,45,32,2,1,2,0,0,33,73.33,Underutilised,Bed Management System,True
BED001264,KPJ_01,JCORP Specialist Hospital,2025-05-12,Paediatric Ward,40,0,40,25,2,0,2,0,0,25,62.5,Underutilised,Bed Management System,True
BED001265,KPJ_01,JCORP Specialist Hospital,2025-05-13,Medical Ward,60,1,59,47,6,1,5,1,2,46,77.97,Normal,Bed Management System,True
BED001266,KPJ_01,JCORP Specialist Hospital,2025-05-13,Surgical Ward,55,0,55,42,5,1,4,0,2,42,76.36,Normal,Bed Management System,True
BED001267,KPJ_01,JCORP Specialist Hospital,2025-05-13,Maternity Ward,45,0,45,33,3,1,3,0,1,33,73.33,Underutilised,Bed Management System,True
BED001268,KPJ_01,JCORP Specialist Hospital,2025-05-13,Paediatric Ward,40,0,40,25,3,0,2,0,0,26,65.0,Underutilised,Bed Management System,True
BED001269,KPJ_01,JCORP Specialist Hospital,2025-05-14,Medical Ward,60,2,58,46,4,0,4,1,0,45,77.59,Normal,Bed Management System,True
BED001270,KPJ_01,JCORP Specialist Hospital,2025-05-14,Surgical Ward,55,1,54,42,3,0,3,0,1,41,75.93,Normal,Bed Management System,True
BED001271,KPJ_01,JCORP Specialist Hospital,2025-05-14,Maternity Ward,45,0,45,33,3,0,3,0,0,33,73.33,Underutilised,Bed Management System,True
BED001272,KPJ_01,JCORP Specialist Hospital,2025-05-14,Paediatric Ward,40,1,39,26,2,0,2,0,0,26,66.67,Underutilised,Bed Management System,True
BED001273,KPJ_01,JCORP Specialist Hospital,2025-05-15,Medical Ward,60,0,60,45,4,1,4,1,0,45,75.0,Normal,Bed Management System,True
BED001274,KPJ_01,JCORP Specialist Hospital,2025-05-15,Surgical Ward,55,1,54,41,3,1,3,0,1,41,75.93,Normal,Bed Management System,True
BED001275,KPJ_01,JCORP Specialist Hospital,2025-05-15,Maternity Ward,45,1,44,33,3,0,3,0,1,32,72.73,Underutilised,Bed Management System,True
BED001276,KPJ_01,JCORP Specialist Hospital,2025-05-15,Paediatric Ward,40,1,39,26,2,0,2,0,0,26,66.67,Underutilised,Bed Management System,True
BED001277,KPJ_01,JCORP Specialist Hospital,2025-05-16,Medical Ward,60,1,59,45,4,1,4,1,0,45,76.27,Normal,Bed Management System,True
BED001278,KPJ_01,JCORP Specialist Hospital,2025-05-16,Surgical Ward,55,0,55,41,3,1,3,1,1,40,72.73,Underutilised,Bed Management System,True
BED001279,KPJ_01,JCORP Specialist Hospital,2025-05-16,Maternity Ward,45,1,44,32,2,1,2,1,0,32,72.73,Underutilised,Bed Management System,True
BED001280,KPJ_01,JCORP Specialist Hospital,2025-05-16,Paediatric Ward,40,0,40,26,2,1,2,0,0,27,67.5,Underutilised,Bed Management System,True
BED001281,KPJ_01,JCORP Specialist Hospital,2025-05-17,Medical Ward,60,0,60,45,4,1,3,1,0,46,76.67,Normal,Bed Management System,True
BED001282,KPJ_01,JCORP Specialist Hospital,2025-05-17,Surgical Ward,55,1,54,40,3,1,3,1,0,40,74.07,Underutilised,Bed Management System,True
BED001283,KPJ_01,JCORP Specialist Hospital,2025-05-17,Maternity Ward,45,0,45,32,3,0,2,0,0,33,73.33,Underutilised,Bed Management System,True
BED001284,KPJ_01,JCORP Specialist Hospital,2025-05-17,Paediatric Ward,40,1,39,27,2,0,2,0,0,27,69.23,Underutilised,Bed Management System,True
BED001285,KPJ_01,JCORP Specialist Hospital,2025-05-18,Medical Ward,60,0,60,46,5,1,5,1,0,46,76.67,Normal,Bed Management System,True
BED001286,KPJ_01,JCORP Specialist Hospital,2025-05-18,Surgical Ward,55,0,55,40,4,0,4,1,0,39,70.91,Underutilised,Bed Management System,True
BED001287,KPJ_01,JCORP Specialist Hospital,2025-05-18,Maternity Ward,45,1,44,33,3,0,3,0,1,32,72.73,Underutilised,Bed Management System,True
BED001288,KPJ_01,JCORP Specialist Hospital,2025-05-18,Paediatric Ward,40,2,38,27,2,0,3,0,1,25,65.79,Underutilised,Bed Management System,True
BED001289,KPJ_01,JCORP Specialist Hospital,2025-05-19,Medical Ward,60,1,59,46,6,1,6,1,0,46,77.97,Normal,Bed Management System,True
BED001290,KPJ_01,JCORP Specialist Hospital,2025-05-19,Surgical Ward,55,0,55,39,5,0,6,0,0,38,69.09,Underutilised,Bed Management System,True
BED001291,KPJ_01,JCORP Specialist Hospital,2025-05-19,Maternity Ward,45,0,45,32,3,0,4,0,0,31,68.89,Underutilised,Bed Management System,True
BED001292,KPJ_01,JCORP Specialist Hospital,2025-05-19,Paediatric Ward,40,0,40,25,3,0,3,0,0,25,62.5,Underutilised,Bed Management System,True
BED001293,KPJ_01,JCORP Specialist Hospital,2025-05-20,Medical Ward,60,2,58,46,4,1,5,1,0,45,77.59,Normal,Bed Management System,True
BED001294,KPJ_01,JCORP Specialist Hospital,2025-05-20,Surgical Ward,55,0,55,38,3,1,4,0,0,38,69.09,Underutilised,Bed Management System,True
BED001295,KPJ_01,JCORP Specialist Hospital,2025-05-20,Maternity Ward,45,1,44,31,3,1,3,0,0,32,72.73,Underutilised,Bed Management System,True
BED001296,KPJ_01,JCORP Specialist Hospital,2025-05-20,Paediatric Ward,40,1,39,25,2,0,2,0,0,25,64.1,Underutilised,Bed Management System,True
BED001297,KPJ_01,JCORP Specialist Hospital,2025-05-21,Medical Ward,60,0,60,45,6,1,5,1,0,46,76.67,Normal,Bed Management System,True
BED001298,KPJ_01,JCORP Specialist Hospital,2025-05-21,Surgical Ward,55,1,54,38,5,0,5,1,0,37,68.52,Underutilised,Bed Management System,True
BED001299,KPJ_01,JCORP Specialist Hospital,2025-05-21,Maternity Ward,45,0,45,32,3,0,3,1,0,31,68.89,Underutilised,Bed Management System,True
BED001300,KPJ_01,JCORP Specialist Hospital,2025-05-21,Paediatric Ward,40,0,40,25,3,0,3,0,0,25,62.5,Underutilised,Bed Management System,True
BED001301,KPJ_01,JCORP Specialist Hospital,2025-05-22,Medical Ward,60,0,60,46,5,1,5,1,0,46,76.67,Normal,Bed Management System,True
BED001302,KPJ_01,JCORP Specialist Hospital,2025-05-22,Surgical Ward,55,3,52,37,4,1,5,0,0,37,71.15,Underutilised,Bed Management System,True
BED001303,KPJ_01,JCORP Specialist Hospital,2025-05-22,Maternity Ward,45,0,45,31,3,0,3,0,0,31,68.89,Underutilised,Bed Management System,True
BED001304,KPJ_01,JCORP Specialist Hospital,2025-05-22,Paediatric Ward,40,0,40,25,2,0,3,0,0,24,60.0,Underutilised,Bed Management System,True
BED001305,KPJ_01,JCORP Specialist Hospital,2025-05-23,Medical Ward,60,2,58,46,4,1,3,1,2,45,77.59,Normal,Bed Management System,True
BED001306,KPJ_01,JCORP Specialist Hospital,2025-05-23,Surgical Ward,55,2,53,37,3,1,3,0,0,38,71.7,Underutilised,Bed Management System,True
BED001307,KPJ_01,JCORP Specialist Hospital,2025-05-23,Maternity Ward,45,2,43,31,2,1,2,0,0,32,74.42,Underutilised,Bed Management System,True
BED001308,KPJ_01,JCORP Specialist Hospital,2025-05-23,Paediatric Ward,40,3,37,24,2,1,1,0,0,26,70.27,Underutilised,Bed Management System,True
BED001309,KPJ_01,JCORP Specialist Hospital,2025-05-24,Medical Ward,60,0,60,45,4,1,4,1,0,45,75.0,Normal,Bed Management System,True
BED001310,KPJ_01,JCORP Specialist Hospital,2025-05-24,Surgical Ward,55,1,54,38,4,1,4,0,0,39,72.22,Underutilised,Bed Management System,True
BED001311,KPJ_01,JCORP Specialist Hospital,2025-05-24,Maternity Ward,45,0,45,32,3,0,3,0,0,32,71.11,Underutilised,Bed Management System,True
BED001312,KPJ_01,JCORP Specialist Hospital,2025-05-24,Paediatric Ward,40,0,40,26,2,0,2,0,0,26,65.0,Underutilised,Bed Management System,True
BED001313,KPJ_01,JCORP Specialist Hospital,2025-05-25,Medical Ward,60,0,60,45,4,1,4,1,0,45,75.0,Normal,Bed Management System,True
BED001314,KPJ_01,JCORP Specialist Hospital,2025-05-25,Surgical Ward,55,0,55,39,4,1,3,1,0,40,72.73,Underutilised,Bed Management System,True
BED001315,KPJ_01,JCORP Specialist Hospital,2025-05-25,Maternity Ward,45,0,45,32,3,1,2,0,1,33,73.33,Underutilised,Bed Management System,True
BED001316,KPJ_01,JCORP Specialist Hospital,2025-05-25,Paediatric Ward,40,2,38,26,2,0,2,0,1,25,65.79,Underutilised,Bed Management System,True
BED001317,KPJ_01,JCORP Specialist Hospital,2025-05-26,Medical Ward,60,0,60,45,5,1,4,1,0,46,76.67,Normal,Bed Management System,True
BED001318,KPJ_01,JCORP Specialist Hospital,2025-05-26,Surgical Ward,55,0,55,40,4,1,3,0,0,42,76.36,Normal,Bed Management System,True
BED001319,KPJ_01,JCORP Specialist Hospital,2025-05-26,Maternity Ward,45,1,44,33,3,1,3,0,2,32,72.73,Underutilised,Bed Management System,True
BED001320,KPJ_01,JCORP Specialist Hospital,2025-05-26,Paediatric Ward,40,0,40,25,3,0,2,0,0,26,65.0,Underutilised,Bed Management System,True
BED001321,KPJ_01,JCORP Specialist Hospital,2025-05-27,Medical Ward,60,2,58,46,5,0,5,1,0,45,77.59,Normal,Bed Management System,True
BED001322,KPJ_01,JCORP Specialist Hospital,2025-05-27,Surgical Ward,55,1,54,42,5,0,4,0,2,41,75.93,Normal,Bed Management System,True
BED001323,KPJ_01,JCORP Specialist Hospital,2025-05-27,Maternity Ward,45,1,44,32,3,0,3,0,0,32,72.73,Underutilised,Bed Management System,True
BED001324,KPJ_01,JCORP Specialist Hospital,2025-05-27,Paediatric Ward,40,0,40,26,3,0,2,0,0,27,67.5,Underutilised,Bed Management System,True
BED001325,KPJ_01,JCORP Specialist Hospital,2025-05-28,Medical Ward,60,2,58,45,7,1,7,1,0,45,77.59,Normal,Bed Management System,True
BED001326,KPJ_01,JCORP Specialist Hospital,2025-05-28,Surgical Ward,55,0,55,41,6,0,6,0,0,41,74.55,Underutilised,Bed Management System,True
BED001327,KPJ_01,JCORP Specialist Hospital,2025-05-28,Maternity Ward,45,2,43,32,5,0,5,0,0,32,74.42,Underutilised,Bed Management System,True
BED001328,KPJ_01,JCORP Specialist Hospital,2025-05-28,Paediatric Ward,40,0,40,27,4,0,3,0,0,28,70.0,Underutilised,Bed Management System,True
BED001329,KPJ_01,JCORP Specialist Hospital,2025-05-29,Medical Ward,60,0,60,45,5,1,5,1,0,45,75.0,Normal,Bed Management System,True
BED001330,KPJ_01,JCORP Specialist Hospital,2025-05-29,Surgical Ward,55,1,54,41,5,1,5,1,0,41,75.93,Normal,Bed Management System,True
BED001331,KPJ_01,JCORP Specialist Hospital,2025-05-29,Maternity Ward,45,0,45,32,3,0,3,0,0,32,71.11,Underutilised,Bed Management System,True
BED001332,KPJ_01,JCORP Specialist Hospital,2025-05-29,Paediatric Ward,40,2,38,28,3,0,3,0,0,28,73.68,Underutilised,Bed Management System,True
BED001333,KPJ_01,JCORP Specialist Hospital,2025-05-30,Medical Ward,60,0,60,45,6,1,6,1,0,45,75.0,Normal,Bed Management System,True
BED001334,KPJ_01,JCORP Specialist Hospital,2025-05-30,Surgical Ward,55,1,54,41,5,1,5,1,1,40,74.07,Underutilised,Bed Management System,True
BED001335,KPJ_01,JCORP Specialist Hospital,2025-05-30,Maternity Ward,45,0,45,32,3,0,3,0,1,31,68.89,Underutilised,Bed Management System,True
BED001336,KPJ_01,JCORP Specialist Hospital,2025-05-30,Paediatric Ward,40,0,40,28,3,0,3,0,0,28,70.0,Underutilised,Bed Management System,True
BED001337,KPJ_01,JCORP Specialist Hospital,2025-05-31,Medical Ward,60,0,60,45,4,1,6,1,0,43,71.67,Underutilised,Bed Management System,True
BED001338,KPJ_01,JCORP Specialist Hospital,2025-05-31,Surgical Ward,55,1,54,40,4,1,5,1,0,39,72.22,Underutilised,Bed Management System,True
BED001339,KPJ_01,JCORP Specialist Hospital,2025-05-31,Maternity Ward,45,0,45,31,3,0,3,1,0,30,66.67,Underutilised,Bed Management System,True
BED001340,KPJ_01,JCORP Specialist Hospital,2025-05-31,Paediatric Ward,40,1,39,28,2,0,3,0,0,27,69.23,Underutilised,Bed Management System,True
BED001341,KPJ_01,JCORP Specialist Hospital,2025-06-01,Medical Ward,60,0,60,43,5,1,4,1,0,44,73.33,Underutilised,Bed Management System,True
BED001342,KPJ_01,JCORP Specialist Hospital,2025-06-01,Surgical Ward,55,0,55,39,4,1,4,1,0,39,70.91,Underutilised,Bed Management System,True
BED001343,KPJ_01,JCORP Specialist Hospital,2025-06-01,Maternity Ward,45,0,45,30,3,1,3,0,0,31,68.89,Underutilised,Bed Management System,True
BED001344,KPJ_01,JCORP Specialist Hospital,2025-06-01,Paediatric Ward,40,0,40,27,3,0,2,0,0,28,70.0,Underutilised,Bed Management System,True
BED001345,KPJ_01,JCORP Specialist Hospital,2025-06-02,Medical Ward,60,1,59,44,4,1,5,1,0,43,72.88,Underutilised,Bed Management System,True
BED001346,KPJ_01,JCORP Specialist Hospital,2025-06-02,Surgical Ward,55,0,55,39,4,1,4,0,0,40,72.73,Underutilised,Bed Management System,True
BED001347,KPJ_01,JCORP Specialist Hospital,2025-06-02,Maternity Ward,45,0,45,31,3,1,3,0,0,32,71.11,Underutilised,Bed Management System,True
BED001348,KPJ_01,JCORP Specialist Hospital,2025-06-02,Paediatric Ward,40,0,40,28,2,1,3,0,0,28,70.0,Underutilised,Bed Management System,True
BED001349,KPJ_01,JCORP Specialist Hospital,2025-06-03,Medical Ward,60,0,60,43,4,1,4,0,0,44,73.33,Underutilised,Bed Management System,True
BED001350,KPJ_01,JCORP Specialist Hospital,2025-06-03,Surgical Ward,55,0,55,40,4,1,4,0,0,41,74.55,Underutilised,Bed Management System,True
BED001351,KPJ_01,JCORP Specialist Hospital,2025-06-03,Maternity Ward,45,0,45,32,3,0,3,0,0,32,71.11,Underutilised,Bed Management System,True
BED001352,KPJ_01,JCORP Specialist Hospital,2025-06-03,Paediatric Ward,40,1,39,28,2,0,2,0,0,28,71.79,Underutilised,Bed Management System,True
BED001353,KPJ_01,JCORP Specialist Hospital,2025-06-04,Medical Ward,60,1,59,44,5,1,6,1,0,43,72.88,Underutilised,Bed Management System,True
BED001354,KPJ_01,JCORP Specialist Hospital,2025-06-04,Surgical Ward,55,1,54,41,4,1,5,1,0,40,74.07,Underutilised,Bed Management System,True
BED001355,KPJ_01,JCORP Specialist Hospital,2025-06-04,Maternity Ward,45,2,43,32,3,1,3,1,0,32,74.42,Underutilised,Bed Management System,True
BED001356,KPJ_01,JCORP Specialist Hospital,2025-06-04,Paediatric Ward,40,0,40,28,3,0,3,0,0,28,70.0,Underutilised,Bed Management System,True
BED001357,KPJ_01,JCORP Specialist Hospital,2025-06-05,Medical Ward,60,0,60,43,5,1,5,1,0,43,71.67,Underutilised,Bed Management System,True
BED001358,KPJ_01,JCORP Specialist Hospital,2025-06-05,Surgical Ward,55,0,55,40,4,1,4,1,0,40,72.73,Underutilised,Bed Management System,True
BED001359,KPJ_01,JCORP Specialist Hospital,2025-06-05,Maternity Ward,45,1,44,32,3,0,3,1,0,31,70.45,Underutilised,Bed Management System,True
BED001360,KPJ_01,JCORP Specialist Hospital,2025-06-05,Paediatric Ward,40,2,38,28,2,0,2,0,0,28,73.68,Underutilised,Bed Management System,True
BED001361,KPJ_01,JCORP Specialist Hospital,2025-06-06,Medical Ward,60,1,59,43,6,1,6,1,0,43,72.88,Underutilised,Bed Management System,True
BED001362,KPJ_01,JCORP Specialist Hospital,2025-06-06,Surgical Ward,55,0,55,40,5,0,6,1,0,38,69.09,Underutilised,Bed Management System,True
BED001363,KPJ_01,JCORP Specialist Hospital,2025-06-06,Maternity Ward,45,1,44,31,3,0,4,1,0,29,65.91,Underutilised,Bed Management System,True
BED001364,KPJ_01,JCORP Specialist Hospital,2025-06-06,Paediatric Ward,40,1,39,28,3,0,3,0,0,28,71.79,Underutilised,Bed Management System,True
BED001365,KPJ_01,JCORP Specialist Hospital,2025-06-07,Medical Ward,60,1,59,43,6,1,5,1,0,44,74.58,Underutilised,Bed Management System,True
BED001366,KPJ_01,JCORP Specialist Hospital,2025-06-07,Surgical Ward,55,0,55,38,5,1,4,1,0,39,70.91,Underutilised,Bed Management System,True
BED001367,KPJ_01,JCORP Specialist Hospital,2025-06-07,Maternity Ward,45,1,44,29,3,0,3,0,0,29,65.91,Underutilised,Bed Management System,True
BED001368,KPJ_01,JCORP Specialist Hospital,2025-06-07,Paediatric Ward,40,0,40,28,3,0,2,0,0,29,72.5,Underutilised,Bed Management System,True
BED001369,KPJ_01,JCORP Specialist Hospital,2025-06-08,Medical Ward,60,0,60,44,4,1,5,1,0,43,71.67,Underutilised,Bed Management System,True
BED001370,KPJ_01,JCORP Specialist Hospital,2025-06-08,Surgical Ward,55,0,55,39,4,0,4,1,0,38,69.09,Underutilised,Bed Management System,True
BED001371,KPJ_01,JCORP Specialist Hospital,2025-06-08,Maternity Ward,45,0,45,29,3,0,3,0,0,29,64.44,Underutilised,Bed Management System,True
BED001372,KPJ_01,JCORP Specialist Hospital,2025-06-08,Paediatric Ward,40,0,40,29,2,0,2,0,0,29,72.5,Underutilised,Bed Management System,True
BED001373,KPJ_01,JCORP Specialist Hospital,2025-06-09,Medical Ward,60,3,57,43,6,1,6,1,1,42,73.68,Underutilised,Bed Management System,True
BED001374,KPJ_01,JCORP Specialist Hospital,2025-06-09,Surgical Ward,55,0,55,38,5,0,5,1,0,37,67.27,Underutilised,Bed Management System,True
BED001375,KPJ_01,JCORP Specialist Hospital,2025-06-09,Maternity Ward,45,1,44,29,4,0,3,1,0,29,65.91,Underutilised,Bed Management System,True
BED001376,KPJ_01,JCORP Specialist Hospital,2025-06-09,Paediatric Ward,40,0,40,29,3,0,3,0,0,29,72.5,Underutilised,Bed Management System,True
BED001377,KPJ_01,JCORP Specialist Hospital,2025-06-10,Medical Ward,60,0,60,42,4,1,4,1,0,42,70.0,Underutilised,Bed Management System,True
BED001378,KPJ_01,JCORP Specialist Hospital,2025-06-10,Surgical Ward,55,3,52,37,3,1,3,1,0,37,71.15,Underutilised,Bed Management System,True
BED001379,KPJ_01,JCORP Specialist Hospital,2025-06-10,Maternity Ward,45,1,44,29,3,1,3,0,0,30,68.18,Underutilised,Bed Management System,True
BED001380,KPJ_01,JCORP Specialist Hospital,2025-06-10,Paediatric Ward,40,0,40,29,2,0,2,0,0,29,72.5,Underutilised,Bed Management System,True
BED001381,KPJ_01,JCORP Specialist Hospital,2025-06-11,Medical Ward,60,0,60,42,5,1,6,1,1,40,66.67,Underutilised,Bed Management System,True
BED001382,KPJ_01,JCORP Specialist Hospital,2025-06-11,Surgical Ward,55,0,55,37,4,1,5,0,0,37,67.27,Underutilised,Bed Management System,True
BED001383,KPJ_01,JCORP Specialist Hospital,2025-06-11,Maternity Ward,45,2,43,30,3,1,3,0,0,31,72.09,Underutilised,Bed Management System,True
BED001384,KPJ_01,JCORP Specialist Hospital,2025-06-11,Paediatric Ward,40,1,39,29,2,0,3,0,0,28,71.79,Underutilised,Bed Management System,True
BED001385,KPJ_01,JCORP Specialist Hospital,2025-06-12,Medical Ward,60,2,58,40,6,1,6,1,1,39,67.24,Underutilised,Bed Management System,True
BED001386,KPJ_01,JCORP Specialist Hospital,2025-06-12,Surgical Ward,55,0,55,37,5,1,5,1,0,37,67.27,Underutilised,Bed Management System,True
BED001387,KPJ_01,JCORP Specialist Hospital,2025-06-12,Maternity Ward,45,0,45,31,3,0,4,0,0,30,66.67,Underutilised,Bed Management System,True
BED001388,KPJ_01,JCORP Specialist Hospital,2025-06-12,Paediatric Ward,40,0,40,28,3,0,3,0,0,28,70.0,Underutilised,Bed Management System,True
BED001389,KPJ_01,JCORP Specialist Hospital,2025-06-13,Medical Ward,60,0,60,39,6,1,6,1,0,39,65.0,Underutilised,Bed Management System,True
BED001390,KPJ_01,JCORP Specialist Hospital,2025-06-13,Surgical Ward,55,2,53,37,5,1,5,0,0,38,71.7,Underutilised,Bed Management System,True
BED001391,KPJ_01,JCORP Specialist Hospital,2025-06-13,Maternity Ward,45,2,43,30,4,1,3,0,0,32,74.42,Underutilised,Bed Management System,True
BED001392,KPJ_01,JCORP Specialist Hospital,2025-06-13,Paediatric Ward,40,2,38,28,3,1,3,0,0,29,76.32,Normal,Bed Management System,True
BED001393,KPJ_01,JCORP Specialist Hospital,2025-06-14,Medical Ward,60,1,59,39,5,1,4,1,0,40,67.8,Underutilised,Bed Management System,True
BED001394,KPJ_01,JCORP Specialist Hospital,2025-06-14,Surgical Ward,55,1,54,38,4,1,4,1,0,38,70.37,Underutilised,Bed Management System,True
BED001395,KPJ_01,JCORP Specialist Hospital,2025-06-14,Maternity Ward,45,0,45,32,3,0,3,0,0,32,71.11,Underutilised,Bed Management System,True
BED001396,KPJ_01,JCORP Specialist Hospital,2025-06-14,Paediatric Ward,40,0,40,29,2,0,2,0,0,29,72.5,Underutilised,Bed Management System,True
BED001397,KPJ_01,JCORP Specialist Hospital,2025-06-15,Medical Ward,60,1,59,40,5,1,4,0,0,42,71.19,Underutilised,Bed Management System,True
BED001398,KPJ_01,JCORP Specialist Hospital,2025-06-15,Surgical Ward,55,0,55,38,4,1,3,0,0,40,72.73,Underutilised,Bed Management System,True
BED001399,KPJ_01,JCORP Specialist Hospital,2025-06-15,Maternity Ward,45,0,45,32,3,0,3,0,0,32,71.11,Underutilised,Bed Management System,True
BED001400,KPJ_01,JCORP Specialist Hospital,2025-06-15,Paediatric Ward,40,0,40,29,2,0,2,0,0,29,72.5,Underutilised,Bed Management System,True
BED001401,KPJ_01,JCORP Specialist Hospital,2025-06-16,Medical Ward,60,1,59,42,4,0,3,1,0,42,71.19,Underutilised,Bed Management System,True
BED001402,KPJ_01,JCORP Specialist Hospital,2025-06-16,Surgical Ward,55,0,55,40,3,0,3,1,1,38,69.09,Underutilised,Bed Management System,True
BED001403,KPJ_01,JCORP Specialist Hospital,2025-06-16,Maternity Ward,45,1,44,32,2,0,2,1,1,30,68.18,Underutilised,Bed Management System,True
BED001404,KPJ_01,JCORP Specialist Hospital,2025-06-16,Paediatric Ward,40,0,40,29,2,0,2,1,0,28,70.0,Underutilised,Bed Management System,True
BED001405,KPJ_01,JCORP Specialist Hospital,2025-06-17,Medical Ward,60,0,60,42,5,1,4,1,0,43,71.67,Underutilised,Bed Management System,True
BED001406,KPJ_01,JCORP Specialist Hospital,2025-06-17,Surgical Ward,55,0,55,38,4,1,3,1,0,39,70.91,Underutilised,Bed Management System,True
BED001407,KPJ_01,JCORP Specialist Hospital,2025-06-17,Maternity Ward,45,0,45,30,3,0,3,0,0,30,66.67,Underutilised,Bed Management System,True
BED001408,KPJ_01,JCORP Specialist Hospital,2025-06-17,Paediatric Ward,40,0,40,28,2,0,2,0,0,28,70.0,Underutilised,Bed Management System,True
BED001409,KPJ_01,JCORP Specialist Hospital,2025-06-18,Medical Ward,60,0,60,43,5,1,4,1,0,44,73.33,Underutilised,Bed Management System,True
BED001410,KPJ_01,JCORP Specialist Hospital,2025-06-18,Surgical Ward,55,0,55,39,4,1,4,1,0,39,70.91,Underutilised,Bed Management System,True
BED001411,KPJ_01,JCORP Specialist Hospital,2025-06-18,Maternity Ward,45,2,43,30,3,1,3,0,0,31,72.09,Underutilised,Bed Management System,True
BED001412,KPJ_01,JCORP Specialist Hospital,2025-06-18,Paediatric Ward,40,0,40,28,2,0,2,0,0,28,70.0,Underutilised,Bed Management System,True
BED001413,KPJ_01,JCORP Specialist Hospital,2025-06-19,Medical Ward,60,1,59,44,4,1,3,1,0,45,76.27,Normal,Bed Management System,True
BED001414,KPJ_01,JCORP Specialist Hospital,2025-06-19,Surgical Ward,55,0,55,39,3,1,3,0,0,40,72.73,Underutilised,Bed Management System,True
BED001415,KPJ_01,JCORP Specialist Hospital,2025-06-19,Maternity Ward,45,2,43,31,3,0,2,0,0,32,74.42,Underutilised,Bed Management System,True
BED001416,KPJ_01,JCORP Specialist Hospital,2025-06-19,Paediatric Ward,40,0,40,28,2,0,2,0,0,28,70.0,Underutilised,Bed Management System,True
BED001417,KPJ_01,JCORP Specialist Hospital,2025-06-20,Medical Ward,60,0,60,45,3,0,2,1,1,44,73.33,Underutilised,Bed Management System,True
BED001418,KPJ_01,JCORP Specialist Hospital,2025-06-20,Surgical Ward,55,0,55,40,2,0,2,1,0,39,70.91,Underutilised,Bed Management System,True
BED001419,KPJ_01,JCORP Specialist Hospital,2025-06-20,Maternity Ward,45,0,45,32,2,0,1,0,0,33,73.33,Underutilised,Bed Management System,True
BED001420,KPJ_01,JCORP Specialist Hospital,2025-06-20,Paediatric Ward,40,1,39,28,1,0,1,0,0,28,71.79,Underutilised,Bed Management System,True
BED001421,KPJ_01,JCORP Specialist Hospital,2025-06-21,Medical Ward,60,0,60,44,5,1,5,1,1,43,71.67,Underutilised,Bed Management System,True
BED001422,KPJ_01,JCORP Specialist Hospital,2025-06-21,Surgical Ward,55,0,55,39,4,1,4,1,1,38,69.09,Underutilised,Bed Management System,True
BED001423,KPJ_01,JCORP Specialist Hospital,2025-06-21,Maternity Ward,45,0,45,33,3,1,3,0,1,33,73.33,Underutilised,Bed Management System,True
BED001424,KPJ_01,JCORP Specialist Hospital,2025-06-21,Paediatric Ward,40,0,40,28,3,1,2,0,0,30,75.0,Normal,Bed Management System,True
BED001425,KPJ_01,JCORP Specialist Hospital,2025-06-22,Medical Ward,60,0,60,43,3,1,2,1,0,44,73.33,Underutilised,Bed Management System,True
BED001426,KPJ_01,JCORP Specialist Hospital,2025-06-22,Surgical Ward,55,0,55,38,3,0,2,1,1,37,67.27,Underutilised,Bed Management System,True
BED001427,KPJ_01,JCORP Specialist Hospital,2025-06-22,Maternity Ward,45,0,45,33,2,0,2,0,1,32,71.11,Underutilised,Bed Management System,True
BED001428,KPJ_01,JCORP Specialist Hospital,2025-06-22,Paediatric Ward,40,0,40,30,1,0,1,0,0,30,75.0,Normal,Bed Management System,True
BED001429,KPJ_01,JCORP Specialist Hospital,2025-06-23,Medical Ward,60,0,60,44,4,1,3,1,1,44,73.33,Underutilised,Bed Management System,True
BED001430,KPJ_01,JCORP Specialist Hospital,2025-06-23,Surgical Ward,55,1,54,37,4,0,3,0,0,38,70.37,Underutilised,Bed Management System,True
BED001431,KPJ_01,JCORP Specialist Hospital,2025-06-23,Maternity Ward,45,0,45,32,3,0,2,0,0,33,73.33,Underutilised,Bed Management System,True
BED001432,KPJ_01,JCORP Specialist Hospital,2025-06-23,Paediatric Ward,40,0,40,30,2,0,2,0,0,30,75.0,Normal,Bed Management System,True
BED001433,KPJ_01,JCORP Specialist Hospital,2025-06-24,Medical Ward,60,2,58,44,6,0,5,1,0,44,75.86,Normal,Bed Management System,True
BED001434,KPJ_01,JCORP Specialist Hospital,2025-06-24,Surgical Ward,55,1,54,38,5,0,4,1,0,38,70.37,Underutilised,Bed Management System,True
BED001435,KPJ_01,JCORP Specialist Hospital,2025-06-24,Maternity Ward,45,0,45,33,4,0,3,1,0,33,73.33,Underutilised,Bed Management System,True
BED001436,KPJ_01,JCORP Specialist Hospital,2025-06-24,Paediatric Ward,40,1,39,30,3,0,2,0,2,29,74.36,Underutilised,Bed Management System,True
BED001437,KPJ_01,JCORP Specialist Hospital,2025-06-25,Medical Ward,60,0,60,44,4,1,4,1,1,43,71.67,Underutilised,Bed Management System,True
BED001438,KPJ_01,JCORP Specialist Hospital,2025-06-25,Surgical Ward,55,1,54,38,3,0,3,1,0,37,68.52,Underutilised,Bed Management System,True
BED001439,KPJ_01,JCORP Specialist Hospital,2025-06-25,Maternity Ward,45,0,45,33,3,0,3,1,0,32,71.11,Underutilised,Bed Management System,True
BED001440,KPJ_01,JCORP Specialist Hospital,2025-06-25,Paediatric Ward,40,1,39,29,2,0,2,0,0,29,74.36,Underutilised,Bed Management System,True
BED001441,KPJ_01,JCORP Specialist Hospital,2025-06-26,Medical Ward,60,1,59,43,3,1,3,1,0,43,72.88,Underutilised,Bed Management System,True
BED001442,KPJ_01,JCORP Specialist Hospital,2025-06-26,Surgical Ward,55,1,54,37,3,0,2,1,1,36,66.67,Underutilised,Bed Management System,True
BED001443,KPJ_01,JCORP Specialist Hospital,2025-06-26,Maternity Ward,45,1,44,32,2,0,2,0,0,32,72.73,Underutilised,Bed Management System,True
BED001444,KPJ_01,JCORP Specialist Hospital,2025-06-26,Paediatric Ward,40,1,39,29,2,0,1,0,1,29,74.36,Underutilised,Bed Management System,True
BED001445,KPJ_01,JCORP Specialist Hospital,2025-06-27,Medical Ward,60,1,59,43,5,1,5,1,0,43,72.88,Underutilised,Bed Management System,True
BED001446,KPJ_01,JCORP Specialist Hospital,2025-06-27,Surgical Ward,55,2,53,36,4,1,4,1,0,36,67.92,Underutilised,Bed Management System,True
BED001447,KPJ_01,JCORP Specialist Hospital,2025-06-27,Maternity Ward,45,1,44,32,3,0,3,1,0,31,70.45,Underutilised,Bed Management System,True
BED001448,KPJ_01,JCORP Specialist Hospital,2025-06-27,Paediatric Ward,40,0,40,29,2,0,2,0,0,29,72.5,Underutilised,Bed Management System,True
BED001449,KPJ_01,JCORP Specialist Hospital,2025-06-28,Medical Ward,60,3,57,43,3,1,4,1,0,42,73.68,Underutilised,Bed Management System,True
BED001450,KPJ_01,JCORP Specialist Hospital,2025-06-28,Surgical Ward,55,0,55,36,3,1,3,1,0,36,65.45,Underutilised,Bed Management System,True
BED001451,KPJ_01,JCORP Specialist Hospital,2025-06-28,Maternity Ward,45,1,44,31,2,0,2,1,0,30,68.18,Underutilised,Bed Management System,True
BED001452,KPJ_01,JCORP Specialist Hospital,2025-06-28,Paediatric Ward,40,0,40,29,1,0,2,0,0,28,70.0,Underutilised,Bed Management System,True
BED001453,KPJ_01,JCORP Specialist Hospital,2025-06-29,Medical Ward,60,0,60,42,5,0,6,1,0,40,66.67,Underutilised,Bed Management System,True
BED001454,KPJ_01,JCORP Specialist Hospital,2025-06-29,Surgical Ward,55,0,55,36,4,0,5,0,0,35,63.64,Underutilised,Bed Management System,True
BED001455,KPJ_01,JCORP Specialist Hospital,2025-06-29,Maternity Ward,45,2,43,30,3,0,3,0,0,30,69.77,Underutilised,Bed Management System,True
BED001456,KPJ_01,JCORP Specialist Hospital,2025-06-29,Paediatric Ward,40,0,40,28,2,0,3,0,0,27,67.5,Underutilised,Bed Management System,True
BED001457,KPJ_01,JCORP Specialist Hospital,2025-06-30,Medical Ward,60,0,60,40,4,1,4,1,1,39,65.0,Underutilised,Bed Management System,True
BED001458,KPJ_01,JCORP Specialist Hospital,2025-06-30,Surgical Ward,55,0,55,35,4,1,4,0,0,36,65.45,Underutilised,Bed Management System,True
BED001459,KPJ_01,JCORP Specialist Hospital,2025-06-30,Maternity Ward,45,0,45,30,3,0,3,0,0,30,66.67,Underutilised,Bed Management System,True
BED001460,KPJ_01,JCORP Specialist Hospital,2025-06-30,Paediatric Ward,40,1,39,27,2,0,2,0,0,27,69.23,Underutilised,Bed Management System,True
BED001461,KPJ_01,JCORP Specialist Hospital,2025-07-01,Medical Ward,60,0,60,39,6,1,6,1,0,39,65.0,Underutilised,Bed Management System,True
BED001462,KPJ_01,JCORP Specialist Hospital,2025-07-01,Surgical Ward,55,0,55,36,5,1,5,1,0,36,65.45,Underutilised,Bed Management System,True
BED001463,KPJ_01,JCORP Specialist Hospital,2025-07-01,Maternity Ward,45,2,43,30,4,0,4,0,0,30,69.77,Underutilised,Bed Management System,True
BED001464,KPJ_01,JCORP Specialist Hospital,2025-07-01,Paediatric Ward,40,0,40,27,3,0,3,0,0,27,67.5,Underutilised,Bed Management System,True
BED001465,KPJ_01,JCORP Specialist Hospital,2025-07-02,Medical Ward,60,1,59,39,4,1,4,1,0,39,66.1,Underutilised,Bed Management System,True
BED001466,KPJ_01,JCORP Specialist Hospital,2025-07-02,Surgical Ward,55,0,55,36,3,0,4,0,0,35,63.64,Underutilised,Bed Management System,True
BED001467,KPJ_01,JCORP Specialist Hospital,2025-07-02,Maternity Ward,45,0,45,30,3,0,3,0,0,30,66.67,Underutilised,Bed Management System,True
BED001468,KPJ_01,JCORP Specialist Hospital,2025-07-02,Paediatric Ward,40,1,39,27,2,0,2,0,1,26,66.67,Underutilised,Bed Management System,True
BED001469,KPJ_01,JCORP Specialist Hospital,2025-07-03,Medical Ward,60,0,60,39,6,1,6,1,0,39,65.0,Underutilised,Bed Management System,True
BED001470,KPJ_01,JCORP Specialist Hospital,2025-07-03,Surgical Ward,55,0,55,35,5,0,6,0,0,34,61.82,Underutilised,Bed Management System,True
BED001471,KPJ_01,JCORP Specialist Hospital,2025-07-03,Maternity Ward,45,1,44,30,3,0,4,0,0,29,65.91,Underutilised,Bed Management System,True
BED001472,KPJ_01,JCORP Specialist Hospital,2025-07-03,Paediatric Ward,40,0,40,26,3,0,3,0,0,26,65.0,Underutilised,Bed Management System,True
BED001473,KPJ_01,JCORP Specialist Hospital,2025-07-04,Medical Ward,60,2,58,39,5,1,3,1,1,40,68.97,Underutilised,Bed Management System,True
BED001474,KPJ_01,JCORP Specialist Hospital,2025-07-04,Surgical Ward,55,0,55,34,4,0,3,0,0,35,63.64,Underutilised,Bed Management System,True
BED001475,KPJ_01,JCORP Specialist Hospital,2025-07-04,Maternity Ward,45,0,45,29,3,0,2,0,0,30,66.67,Underutilised,Bed Management System,True
BED001476,KPJ_01,JCORP Specialist Hospital,2025-07-04,Paediatric Ward,40,2,38,26,3,0,2,0,0,27,71.05,Underutilised,Bed Management System,True
BED001477,KPJ_01,JCORP Specialist Hospital,2025-07-05,Medical Ward,60,2,58,40,5,1,4,1,0,41,70.69,Underutilised,Bed Management System,True
BED001478,KPJ_01,JCORP Specialist Hospital,2025-07-05,Surgical Ward,55,1,54,35,4,1,4,1,0,35,64.81,Underutilised,Bed Management System,True
BED001479,KPJ_01,JCORP Specialist Hospital,2025-07-05,Maternity Ward,45,0,45,30,3,1,3,1,0,30,66.67,Underutilised,Bed Management System,True
BED001480,KPJ_01,JCORP Specialist Hospital,2025-07-05,Paediatric Ward,40,0,40,27,2,0,2,0,0,27,67.5,Underutilised,Bed Management System,True
BED001481,KPJ_01,JCORP Specialist Hospital,2025-07-06,Medical Ward,60,1,59,41,4,1,4,1,1,40,67.8,Underutilised,Bed Management System,True
BED001482,KPJ_01,JCORP Specialist Hospital,2025-07-06,Surgical Ward,55,0,55,35,3,1,4,0,0,35,63.64,Underutilised,Bed Management System,True
BED001483,KPJ_01,JCORP Specialist Hospital,2025-07-06,Maternity Ward,45,0,45,30,2,0,3,0,0,29,64.44,Underutilised,Bed Management System,True
BED001484,KPJ_01,JCORP Specialist Hospital,2025-07-06,Paediatric Ward,40,0,40,27,2,0,2,0,0,27,67.5,Underutilised,Bed Management System,True
BED001485,KPJ_01,JCORP Specialist Hospital,2025-07-07,Medical Ward,60,0,60,40,4,0,3,1,0,40,66.67,Underutilised,Bed Management System,True
BED001486,KPJ_01,JCORP Specialist Hospital,2025-07-07,Surgical Ward,55,0,55,35,3,0,3,1,0,34,61.82,Underutilised,Bed Management System,True
BED001487,KPJ_01,JCORP Specialist Hospital,2025-07-07,Maternity Ward,45,0,45,29,2,0,2,0,0,29,64.44,Underutilised,Bed Management System,True
BED001488,KPJ_01,JCORP Specialist Hospital,2025-07-07,Paediatric Ward,40,1,39,27,2,0,2,0,0,27,69.23,Underutilised,Bed Management System,True
BED001489,KPJ_01,JCORP Specialist Hospital,2025-07-08,Medical Ward,60,1,59,40,5,1,6,1,0,39,66.1,Underutilised,Bed Management System,True
BED001490,KPJ_01,JCORP Specialist Hospital,2025-07-08,Surgical Ward,55,1,54,34,4,1,5,1,0,33,61.11,Underutilised,Bed Management System,True
BED001491,KPJ_01,JCORP Specialist Hospital,2025-07-08,Maternity Ward,45,0,45,29,3,0,3,0,0,29,64.44,Underutilised,Bed Management System,True
BED001492,KPJ_01,JCORP Specialist Hospital,2025-07-08,Paediatric Ward,40,0,40,27,3,0,3,0,0,27,67.5,Underutilised,Bed Management System,True
BED001493,KPJ_01,JCORP Specialist Hospital,2025-07-09,Medical Ward,60,0,60,39,6,1,7,0,0,39,65.0,Underutilised,Bed Management System,True
BED001494,KPJ_01,JCORP Specialist Hospital,2025-07-09,Surgical Ward,55,0,55,33,6,1,6,0,0,34,61.82,Underutilised,Bed Management System,True
BED001495,KPJ_01,JCORP Specialist Hospital,2025-07-09,Maternity Ward,45,0,45,29,4,0,4,0,1,28,62.22,Underutilised,Bed Management System,True
BED001496,KPJ_01,JCORP Specialist Hospital,2025-07-09,Paediatric Ward,40,0,40,27,3,0,3,0,0,27,67.5,Underutilised,Bed Management System,True
BED001497,KPJ_01,JCORP Specialist Hospital,2025-07-10,Medical Ward,60,1,59,39,6,1,6,0,0,40,67.8,Underutilised,Bed Management System,True
BED001498,KPJ_01,JCORP Specialist Hospital,2025-07-10,Surgical Ward,55,0,55,34,6,1,5,0,0,36,65.45,Underutilised,Bed Management System,True
BED001499,KPJ_01,JCORP Specialist Hospital,2025-07-10,Maternity Ward,45,0,45,28,4,0,3,0,0,29,64.44,Underutilised,Bed Management System,True
BED001500,KPJ_01,JCORP Specialist Hospital,2025-07-10,Paediatric Ward,40,1,39,27,3,0,3,0,0,27,69.23,Underutilised,Bed Management System,True
BED001501,KPJ_01,JCORP Specialist Hospital,2025-07-11,Medical Ward,60,2,58,40,6,1,6,1,1,39,67.24,Underutilised,Bed Management System,True
BED001502,KPJ_01,JCORP Specialist Hospital,2025-07-11,Surgical Ward,55,0,55,36,5,1,5,1,0,36,65.45,Underutilised,Bed Management System,True
BED001503,KPJ_01,JCORP Specialist Hospital,2025-07-11,Maternity Ward,45,2,43,29,3,0,4,0,0,28,65.12,Underutilised,Bed Management System,True
BED001504,KPJ_01,JCORP Specialist Hospital,2025-07-11,Paediatric Ward,40,0,40,27,3,0,3,0,0,27,67.5,Underutilised,Bed Management System,True
BED001505,KPJ_01,JCORP Specialist Hospital,2025-07-12,Medical Ward,60,0,60,39,6,1,6,1,0,39,65.0,Underutilised,Bed Management System,True
BED001506,KPJ_01,JCORP Specialist Hospital,2025-07-12,Surgical Ward,55,0,55,36,6,0,5,1,0,36,65.45,Underutilised,Bed Management System,True
BED001507,KPJ_01,JCORP Specialist Hospital,2025-07-12,Maternity Ward,45,1,44,28,4,0,3,1,0,28,63.64,Underutilised,Bed Management System,True
BED001508,KPJ_01,JCORP Specialist Hospital,2025-07-12,Paediatric Ward,40,0,40,27,3,0,3,0,0,27,67.5,Underutilised,Bed Management System,True
BED001509,KPJ_01,JCORP Specialist Hospital,2025-07-13,Medical Ward,60,1,59,39,6,1,7,1,0,38,64.41,Underutilised,Bed Management System,True
BED001510,KPJ_01,JCORP Specialist Hospital,2025-07-13,Surgical Ward,55,0,55,36,6,0,6,0,0,36,65.45,Underutilised,Bed Management System,True
BED001511,KPJ_01,JCORP Specialist Hospital,2025-07-13,Maternity Ward,45,1,44,28,4,0,4,0,1,27,61.36,Underutilised,Bed Management System,True
BED001512,KPJ_01,JCORP Specialist Hospital,2025-07-13,Paediatric Ward,40,0,40,27,3,0,3,0,0,27,67.5,Underutilised,Bed Management System,True
BED001513,KPJ_01,JCORP Specialist Hospital,2025-07-14,Medical Ward,60,3,57,38,5,1,4,1,0,39,68.42,Underutilised,Bed Management System,True
BED001514,KPJ_01,JCORP Specialist Hospital,2025-07-14,Surgical Ward,55,0,55,36,4,1,3,1,0,37,67.27,Underutilised,Bed Management System,True
BED001515,KPJ_01,JCORP Specialist Hospital,2025-07-14,Maternity Ward,45,0,45,27,3,1,2,0,0,29,64.44,Underutilised,Bed Management System,True
BED001516,KPJ_01,JCORP Specialist Hospital,2025-07-14,Paediatric Ward,40,0,40,27,3,0,2,0,0,28,70.0,Underutilised,Bed Management System,True
BED001517,KPJ_01,JCORP Specialist Hospital,2025-07-15,Medical Ward,60,0,60,39,5,1,5,1,0,39,65.0,Underutilised,Bed Management System,True
BED001518,KPJ_01,JCORP Specialist Hospital,2025-07-15,Surgical Ward,55,1,54,37,4,1,4,0,0,38,70.37,Underutilised,Bed Management System,True
BED001519,KPJ_01,JCORP Specialist Hospital,2025-07-15,Maternity Ward,45,0,45,29,3,0,3,0,0,29,64.44,Underutilised,Bed Management System,True
BED001520,KPJ_01,JCORP Specialist Hospital,2025-07-15,Paediatric Ward,40,3,37,28,2,0,2,0,0,28,75.68,Normal,Bed Management System,True
BED001521,KPJ_01,JCORP Specialist Hospital,2025-07-16,Medical Ward,60,0,60,39,3,1,4,1,0,38,63.33,Underutilised,Bed Management System,True
BED001522,KPJ_01,JCORP Specialist Hospital,2025-07-16,Surgical Ward,55,0,55,38,3,0,4,0,0,37,67.27,Underutilised,Bed Management System,True
BED001523,KPJ_01,JCORP Specialist Hospital,2025-07-16,Maternity Ward,45,0,45,29,2,0,3,0,0,28,62.22,Underutilised,Bed Management System,True
BED001524,KPJ_01,JCORP Specialist Hospital,2025-07-16,Paediatric Ward,40,0,40,28,2,0,2,0,0,28,70.0,Underutilised,Bed Management System,True
BED001525,KPJ_01,JCORP Specialist Hospital,2025-07-17,Medical Ward,60,0,60,38,5,1,5,1,0,38,63.33,Underutilised,Bed Management System,True
BED001526,KPJ_01,JCORP Specialist Hospital,2025-07-17,Surgical Ward,55,0,55,37,4,1,4,0,0,38,69.09,Underutilised,Bed Management System,True
BED001527,KPJ_01,JCORP Specialist Hospital,2025-07-17,Maternity Ward,45,1,44,28,3,0,3,0,0,28,63.64,Underutilised,Bed Management System,True
BED001528,KPJ_01,JCORP Specialist Hospital,2025-07-17,Paediatric Ward,40,0,40,28,2,0,3,0,0,27,67.5,Underutilised,Bed Management System,True
BED001529,KPJ_01,JCORP Specialist Hospital,2025-07-18,Medical Ward,60,0,60,38,6,0,6,1,0,37,61.67,Underutilised,Bed Management System,True
BED001530,KPJ_01,JCORP Specialist Hospital,2025-07-18,Surgical Ward,55,0,55,38,5,0,6,1,0,36,65.45,Underutilised,Bed Management System,True
BED001531,KPJ_01,JCORP Specialist Hospital,2025-07-18,Maternity Ward,45,3,42,28,4,0,4,0,1,27,64.29,Underutilised,Bed Management System,True
BED001532,KPJ_01,JCORP Specialist Hospital,2025-07-18,Paediatric Ward,40,0,40,27,3,0,3,0,0,27,67.5,Underutilised,Bed Management System,True
BED001533,KPJ_01,JCORP Specialist Hospital,2025-07-19,Medical Ward,60,2,58,37,5,1,4,0,0,39,67.24,Underutilised,Bed Management System,True
BED001534,KPJ_01,JCORP Specialist Hospital,2025-07-19,Surgical Ward,55,0,55,36,4,0,4,0,0,36,65.45,Underutilised,Bed Management System,True
BED001535,KPJ_01,JCORP Specialist Hospital,2025-07-19,Maternity Ward,45,1,44,27,3,0,3,0,0,27,61.36,Underutilised,Bed Management System,True
BED001536,KPJ_01,JCORP Specialist Hospital,2025-07-19,Paediatric Ward,40,0,40,27,2,0,2,0,0,27,67.5,Underutilised,Bed Management System,True
BED001537,KPJ_01,JCORP Specialist Hospital,2025-07-20,Medical Ward,60,0,60,39,4,1,3,1,0,40,66.67,Underutilised,Bed Management System,True
BED001538,KPJ_01,JCORP Specialist Hospital,2025-07-20,Surgical Ward,55,0,55,36,3,1,3,0,0,37,67.27,Underutilised,Bed Management System,True
BED001539,KPJ_01,JCORP Specialist Hospital,2025-07-20,Maternity Ward,45,0,45,27,3,0,2,0,0,28,62.22,Underutilised,Bed Management System,True
BED001540,KPJ_01,JCORP Specialist Hospital,2025-07-20,Paediatric Ward,40,2,38,27,2,0,2,0,0,27,71.05,Underutilised,Bed Management System,True
BED001541,KPJ_01,JCORP Specialist Hospital,2025-07-21,Medical Ward,60,0,60,40,4,1,4,1,0,40,66.67,Underutilised,Bed Management System,True
BED001542,KPJ_01,JCORP Specialist Hospital,2025-07-21,Surgical Ward,55,0,55,37,3,1,4,0,0,37,67.27,Underutilised,Bed Management System,True
BED001543,KPJ_01,JCORP Specialist Hospital,2025-07-21,Maternity Ward,45,1,44,28,3,0,3,0,0,28,63.64,Underutilised,Bed Management System,True
BED001544,KPJ_01,JCORP Specialist Hospital,2025-07-21,Paediatric Ward,40,1,39,27,2,0,2,0,0,27,69.23,Underutilised,Bed Management System,True
BED001545,KPJ_01,JCORP Specialist Hospital,2025-07-22,Medical Ward,60,1,59,40,6,1,7,1,0,39,66.1,Underutilised,Bed Management System,True
BED001546,KPJ_01,JCORP Specialist Hospital,2025-07-22,Surgical Ward,55,1,54,37,5,1,6,1,0,36,66.67,Underutilised,Bed Management System,True
BED001547,KPJ_01,JCORP Specialist Hospital,2025-07-22,Maternity Ward,45,0,45,28,3,0,4,1,0,26,57.78,Underutilised,Bed Management System,True
BED001548,KPJ_01,JCORP Specialist Hospital,2025-07-22,Paediatric Ward,40,1,39,27,3,0,3,0,1,26,66.67,Underutilised,Bed Management System,True
BED001549,KPJ_01,JCORP Specialist Hospital,2025-07-23,Medical Ward,60,0,60,39,5,1,6,0,0,39,65.0,Underutilised,Bed Management System,True
BED001550,KPJ_01,JCORP Specialist Hospital,2025-07-23,Surgical Ward,55,1,54,36,4,1,5,0,0,36,66.67,Underutilised,Bed Management System,True
BED001551,KPJ_01,JCORP Specialist Hospital,2025-07-23,Maternity Ward,45,1,44,26,3,0,4,0,0,25,56.82,Underutilised,Bed Management System,True
BED001552,KPJ_01,JCORP Specialist Hospital,2025-07-23,Paediatric Ward,40,2,38,26,2,0,3,0,0,25,65.79,Underutilised,Bed Management System,True
BED001553,KPJ_01,JCORP Specialist Hospital,2025-07-24,Medical Ward,60,0,60,39,5,1,4,1,0,40,66.67,Underutilised,Bed Management System,True
BED001554,KPJ_01,JCORP Specialist Hospital,2025-07-24,Surgical Ward,55,0,55,36,4,1,4,1,0,36,65.45,Underutilised,Bed Management System,True
BED001555,KPJ_01,JCORP Specialist Hospital,2025-07-24,Maternity Ward,45,1,44,25,3,1,3,0,0,26,59.09,Underutilised,Bed Management System,True
BED001556,KPJ_01,JCORP Specialist Hospital,2025-07-24,Paediatric Ward,40,1,39,25,3,1,2,0,0,27,69.23,Underutilised,Bed Management System,True
BED001557,KPJ_01,JCORP Specialist Hospital,2025-07-25,Medical Ward,60,0,60,40,5,1,6,1,0,39,65.0,Underutilised,Bed Management System,True
BED001558,KPJ_01,JCORP Specialist Hospital,2025-07-25,Surgical Ward,55,0,55,36,4,1,5,1,0,35,63.64,Underutilised,Bed Management System,True
BED001559,KPJ_01,JCORP Specialist Hospital,2025-07-25,Maternity Ward,45,0,45,26,3,0,3,1,0,25,55.56,Underutilised,Bed Management System,True
BED001560,KPJ_01,JCORP Specialist Hospital,2025-07-25,Paediatric Ward,40,1,39,27,3,0,3,1,0,26,66.67,Underutilised,Bed Management System,True
BED001561,KPJ_01,JCORP Specialist Hospital,2025-07-26,Medical Ward,60,0,60,39,2,1,2,1,0,39,65.0,Underutilised,Bed Management System,True
BED001562,KPJ_01,JCORP Specialist Hospital,2025-07-26,Surgical Ward,55,0,55,35,2,1,2,1,0,35,63.64,Underutilised,Bed Management System,True
BED001563,KPJ_01,JCORP Specialist Hospital,2025-07-26,Maternity Ward,45,1,44,25,1,0,1,0,1,24,54.55,Underutilised,Bed Management System,True
BED001564,KPJ_01,JCORP Specialist Hospital,2025-07-26,Paediatric Ward,40,1,39,26,1,0,1,0,0,26,66.67,Underutilised,Bed Management System,True
BED001565,KPJ_01,JCORP Specialist Hospital,2025-07-27,Medical Ward,60,1,59,39,5,1,4,1,0,40,67.8,Underutilised,Bed Management System,True
BED001566,KPJ_01,JCORP Specialist Hospital,2025-07-27,Surgical Ward,55,3,52,35,4,1,3,0,0,37,71.15,Underutilised,Bed Management System,True
BED001567,KPJ_01,JCORP Specialist Hospital,2025-07-27,Maternity Ward,45,1,44,24,3,0,3,0,0,24,54.55,Underutilised,Bed Management System,True
BED001568,KPJ_01,JCORP Specialist Hospital,2025-07-27,Paediatric Ward,40,0,40,26,2,0,2,0,0,26,65.0,Underutilised,Bed Management System,True
BED001569,KPJ_01,JCORP Specialist Hospital,2025-07-28,Medical Ward,60,2,58,40,3,1,4,1,0,39,67.24,Underutilised,Bed Management System,True
BED001570,KPJ_01,JCORP Specialist Hospital,2025-07-28,Surgical Ward,55,0,55,37,3,1,3,1,0,37,67.27,Underutilised,Bed Management System,True
BED001571,KPJ_01,JCORP Specialist Hospital,2025-07-28,Maternity Ward,45,0,45,24,2,1,3,0,1,23,51.11,Underutilised,Bed Management System,True
BED001572,KPJ_01,JCORP Specialist Hospital,2025-07-28,Paediatric Ward,40,3,37,26,2,0,2,0,0,26,70.27,Underutilised,Bed Management System,True
BED001573,KPJ_01,JCORP Specialist Hospital,2025-07-29,Medical Ward,60,0,60,39,5,1,5,1,0,39,65.0,Underutilised,Bed Management System,True
BED001574,KPJ_01,JCORP Specialist Hospital,2025-07-29,Surgical Ward,55,0,55,37,4,0,4,1,0,36,65.45,Underutilised,Bed Management System,True
BED001575,KPJ_01,JCORP Specialist Hospital,2025-07-29,Maternity Ward,45,0,45,23,3,0,3,0,1,22,48.89,Underutilised,Bed Management System,True
BED001576,KPJ_01,JCORP Specialist Hospital,2025-07-29,Paediatric Ward,40,0,40,26,3,0,3,0,1,25,62.5,Underutilised,Bed Management System,True
BED001577,KPJ_01,JCORP Specialist Hospital,2025-07-30,Medical Ward,60,0,60,39,4,1,5,1,0,38,63.33,Underutilised,Bed Management System,True
BED001578,KPJ_01,JCORP Specialist Hospital,2025-07-30,Surgical Ward,55,1,54,36,3,1,4,1,1,34,62.96,Underutilised,Bed Management System,True
BED001579,KPJ_01,JCORP Specialist Hospital,2025-07-30,Maternity Ward,45,0,45,22,3,1,3,0,0,23,51.11,Underutilised,Bed Management System,True
BED001580,KPJ_01,JCORP Specialist Hospital,2025-07-30,Paediatric Ward,40,1,39,25,2,0,3,0,0,24,61.54,Underutilised,Bed Management System,True
BED001581,KPJ_01,JCORP Specialist Hospital,2025-07-31,Medical Ward,60,0,60,38,4,1,4,1,0,38,63.33,Underutilised,Bed Management System,True
BED001582,KPJ_01,JCORP Specialist Hospital,2025-07-31,Surgical Ward,55,2,53,34,3,1,3,0,0,35,66.04,Underutilised,Bed Management System,True
BED001583,KPJ_01,JCORP Specialist Hospital,2025-07-31,Maternity Ward,45,0,45,23,3,0,3,0,0,23,51.11,Underutilised,Bed Management System,True
BED001584,KPJ_01,JCORP Specialist Hospital,2025-07-31,Paediatric Ward,40,3,37,24,2,0,2,0,1,23,62.16,Underutilised,Bed Management System,True
BED001585,KPJ_01,JCORP Specialist Hospital,2025-08-01,Medical Ward,60,3,57,38,6,1,6,1,0,38,66.67,Underutilised,Bed Management System,True
BED001586,KPJ_01,JCORP Specialist Hospital,2025-08-01,Surgical Ward,55,0,55,35,5,1,6,0,0,35,63.64,Underutilised,Bed Management System,True
BED001587,KPJ_01,JCORP Specialist Hospital,2025-08-01,Maternity Ward,45,0,45,23,3,0,4,0,0,22,48.89,Underutilised,Bed Management System,True
BED001588,KPJ_01,JCORP Specialist Hospital,2025-08-01,Paediatric Ward,40,0,40,23,3,0,3,0,0,23,57.5,Underutilised,Bed Management System,True
BED001589,KPJ_01,JCORP Specialist Hospital,2025-08-02,Medical Ward,60,0,60,38,4,1,5,1,0,37,61.67,Underutilised,Bed Management System,True
BED001590,KPJ_01,JCORP Specialist Hospital,2025-08-02,Surgical Ward,55,0,55,35,4,1,4,0,0,36,65.45,Underutilised,Bed Management System,True
BED001591,KPJ_01,JCORP Specialist Hospital,2025-08-02,Maternity Ward,45,0,45,22,3,0,3,0,0,22,48.89,Underutilised,Bed Management System,True
BED001592,KPJ_01,JCORP Specialist Hospital,2025-08-02,Paediatric Ward,40,0,40,23,2,0,2,0,1,22,55.0,Underutilised,Bed Management System,True
BED001593,KPJ_01,JCORP Specialist Hospital,2025-08-03,Medical Ward,60,0,60,37,4,1,3,1,0,38,63.33,Underutilised,Bed Management System,True
BED001594,KPJ_01,JCORP Specialist Hospital,2025-08-03,Surgical Ward,55,0,55,36,3,1,3,0,0,37,67.27,Underutilised,Bed Management System,True
BED001595,KPJ_01,JCORP Specialist Hospital,2025-08-03,Maternity Ward,45,0,45,22,3,0,2,0,0,23,51.11,Underutilised,Bed Management System,True
BED001596,KPJ_01,JCORP Specialist Hospital,2025-08-03,Paediatric Ward,40,0,40,22,2,0,2,0,0,22,55.0,Underutilised,Bed Management System,True
BED001597,KPJ_01,JCORP Specialist Hospital,2025-08-04,Medical Ward,60,0,60,38,5,1,5,1,0,38,63.33,Underutilised,Bed Management System,True
BED001598,KPJ_01,JCORP Specialist Hospital,2025-08-04,Surgical Ward,55,2,53,37,5,1,4,0,0,39,73.58,Underutilised,Bed Management System,True
BED001599,KPJ_01,JCORP Specialist Hospital,2025-08-04,Maternity Ward,45,2,43,23,3,1,3,0,0,24,55.81,Underutilised,Bed Management System,True
BED001600,KPJ_01,JCORP Specialist Hospital,2025-08-04,Paediatric Ward,40,0,40,22,3,0,2,0,0,23,57.5,Underutilised,Bed Management System,True
BED001601,KPJ_01,JCORP Specialist Hospital,2025-08-05,Medical Ward,60,1,59,38,5,1,5,1,1,37,62.71,Underutilised,Bed Management System,True
BED001602,KPJ_01,JCORP Specialist Hospital,2025-08-05,Surgical Ward,55,1,54,39,4,1,4,1,0,39,72.22,Underutilised,Bed Management System,True
BED001603,KPJ_01,JCORP Specialist Hospital,2025-08-05,Maternity Ward,45,2,43,24,3,1,3,0,0,25,58.14,Underutilised,Bed Management System,True
BED001604,KPJ_01,JCORP Specialist Hospital,2025-08-05,Paediatric Ward,40,0,40,23,2,0,3,0,0,22,55.0,Underutilised,Bed Management System,True
BED001605,KPJ_01,JCORP Specialist Hospital,2025-08-06,Medical Ward,60,0,60,37,5,1,5,1,0,37,61.67,Underutilised,Bed Management System,True
BED001606,KPJ_01,JCORP Specialist Hospital,2025-08-06,Surgical Ward,55,0,55,39,4,1,4,0,0,40,72.73,Underutilised,Bed Management System,True
BED001607,KPJ_01,JCORP Specialist Hospital,2025-08-06,Maternity Ward,45,0,45,25,3,1,3,0,0,26,57.78,Underutilised,Bed Management System,True
BED001608,KPJ_01,JCORP Specialist Hospital,2025-08-06,Paediatric Ward,40,0,40,22,3,0,2,0,0,23,57.5,Underutilised,Bed Management System,True
BED001609,KPJ_01,JCORP Specialist Hospital,2025-08-07,Medical Ward,60,0,60,37,4,1,4,1,0,37,61.67,Underutilised,Bed Management System,True
BED001610,KPJ_01,JCORP Specialist Hospital,2025-08-07,Surgical Ward,55,1,54,40,4,1,4,0,0,41,75.93,Normal,Bed Management System,True
BED001611,KPJ_01,JCORP Specialist Hospital,2025-08-07,Maternity Ward,45,1,44,26,3,0,3,0,0,26,59.09,Underutilised,Bed Management System,True
BED001612,KPJ_01,JCORP Specialist Hospital,2025-08-07,Paediatric Ward,40,0,40,23,2,0,2,0,0,23,57.5,Underutilised,Bed Management System,True
BED001613,KPJ_01,JCORP Specialist Hospital,2025-08-08,Medical Ward,60,1,59,37,5,1,5,0,0,38,64.41,Underutilised,Bed Management System,True
BED001614,KPJ_01,JCORP Specialist Hospital,2025-08-08,Surgical Ward,55,1,54,41,4,0,4,0,0,41,75.93,Normal,Bed Management System,True
BED001615,KPJ_01,JCORP Specialist Hospital,2025-08-08,Maternity Ward,45,0,45,26,3,0,3,0,0,26,57.78,Underutilised,Bed Management System,True
BED001616,KPJ_01,JCORP Specialist Hospital,2025-08-08,Paediatric Ward,40,0,40,23,2,0,2,0,0,23,57.5,Underutilised,Bed Management System,True
BED001617,KPJ_01,JCORP Specialist Hospital,2025-08-09,Medical Ward,60,1,59,38,4,1,4,1,0,38,64.41,Underutilised,Bed Management System,True
BED001618,KPJ_01,JCORP Specialist Hospital,2025-08-09,Surgical Ward,55,0,55,41,4,0,3,1,0,41,74.55,Underutilised,Bed Management System,True
BED001619,KPJ_01,JCORP Specialist Hospital,2025-08-09,Maternity Ward,45,0,45,26,3,0,2,0,0,27,60.0,Underutilised,Bed Management System,True
BED001620,KPJ_01,JCORP Specialist Hospital,2025-08-09,Paediatric Ward,40,1,39,23,2,0,2,0,0,23,58.97,Underutilised,Bed Management System,True
BED001621,KPJ_01,JCORP Specialist Hospital,2025-08-10,Medical Ward,60,0,60,38,5,1,5,1,0,38,63.33,Underutilised,Bed Management System,True
BED001622,KPJ_01,JCORP Specialist Hospital,2025-08-10,Surgical Ward,55,1,54,41,4,0,4,0,0,41,75.93,Normal,Bed Management System,True
BED001623,KPJ_01,JCORP Specialist Hospital,2025-08-10,Maternity Ward,45,1,44,27,3,0,3,0,0,27,61.36,Underutilised,Bed Management System,True
BED001624,KPJ_01,JCORP Specialist Hospital,2025-08-10,Paediatric Ward,40,1,39,23,2,0,3,0,0,22,56.41,Underutilised,Bed Management System,True
BED001625,KPJ_01,JCORP Specialist Hospital,2025-08-11,Medical Ward,60,0,60,38,5,1,4,1,0,39,65.0,Underutilised,Bed Management System,True
BED001626,KPJ_01,JCORP Specialist Hospital,2025-08-11,Surgical Ward,55,0,55,41,4,1,4,1,0,41,74.55,Underutilised,Bed Management System,True
BED001627,KPJ_01,JCORP Specialist Hospital,2025-08-11,Maternity Ward,45,0,45,27,3,0,3,1,0,26,57.78,Underutilised,Bed Management System,True
BED001628,KPJ_01,JCORP Specialist Hospital,2025-08-11,Paediatric Ward,40,0,40,22,2,0,2,0,0,22,55.0,Underutilised,Bed Management System,True
BED001629,KPJ_01,JCORP Specialist Hospital,2025-08-12,Medical Ward,60,0,60,39,4,1,3,1,0,40,66.67,Underutilised,Bed Management System,True
BED001630,KPJ_01,JCORP Specialist Hospital,2025-08-12,Surgical Ward,55,1,54,41,3,1,3,1,0,41,75.93,Normal,Bed Management System,True
BED001631,KPJ_01,JCORP Specialist Hospital,2025-08-12,Maternity Ward,45,2,43,26,3,0,2,0,0,27,62.79,Underutilised,Bed Management System,True
BED001632,KPJ_01,JCORP Specialist Hospital,2025-08-12,Paediatric Ward,40,0,40,22,2,0,2,0,0,22,55.0,Underutilised,Bed Management System,True
BED001633,KPJ_01,JCORP Specialist Hospital,2025-08-13,Medical Ward,60,0,60,40,5,1,5,1,0,40,66.67,Underutilised,Bed Management System,True
BED001634,KPJ_01,JCORP Specialist Hospital,2025-08-13,Surgical Ward,55,0,55,41,5,1,5,0,0,42,76.36,Normal,Bed Management System,True
BED001635,KPJ_01,JCORP Specialist Hospital,2025-08-13,Maternity Ward,45,1,44,27,3,0,3,0,0,27,61.36,Underutilised,Bed Management System,True
BED001636,KPJ_01,JCORP Specialist Hospital,2025-08-13,Paediatric Ward,40,0,40,22,3,0,3,0,0,22,55.0,Underutilised,Bed Management System,True
BED001637,KPJ_01,JCORP Specialist Hospital,2025-08-14,Medical Ward,60,1,59,40,5,1,5,0,0,41,69.49,Underutilised,Bed Management System,True
BED001638,KPJ_01,JCORP Specialist Hospital,2025-08-14,Surgical Ward,55,0,55,42,4,1,4,0,0,43,78.18,Normal,Bed Management System,True
BED001639,KPJ_01,JCORP Specialist Hospital,2025-08-14,Maternity Ward,45,0,45,27,3,1,3,0,0,28,62.22,Underutilised,Bed Management System,True
BED001640,KPJ_01,JCORP Specialist Hospital,2025-08-14,Paediatric Ward,40,0,40,22,3,0,2,0,0,23,57.5,Underutilised,Bed Management System,True
BED001641,KPJ_01,JCORP Specialist Hospital,2025-08-15,Medical Ward,60,0,60,41,6,1,4,1,0,43,71.67,Underutilised,Bed Management System,True
BED001642,KPJ_01,JCORP Specialist Hospital,2025-08-15,Surgical Ward,55,0,55,43,6,1,4,1,3,42,76.36,Normal,Bed Management System,True
BED001643,KPJ_01,JCORP Specialist Hospital,2025-08-15,Maternity Ward,45,1,44,28,4,0,3,0,0,29,65.91,Underutilised,Bed Management System,True
BED001644,KPJ_01,JCORP Specialist Hospital,2025-08-15,Paediatric Ward,40,1,39,23,3,0,2,0,0,24,61.54,Underutilised,Bed Management System,True
BED001645,KPJ_01,JCORP Specialist Hospital,2025-08-16,Medical Ward,60,3,57,43,5,1,4,1,0,44,77.19,Normal,Bed Management System,True
BED001646,KPJ_01,JCORP Specialist Hospital,2025-08-16,Surgical Ward,55,2,53,42,5,0,4,1,1,41,77.36,Normal,Bed Management System,True
BED001647,KPJ_01,JCORP Specialist Hospital,2025-08-16,Maternity Ward,45,1,44,29,3,0,3,1,0,28,63.64,Underutilised,Bed Management System,True
BED001648,KPJ_01,JCORP Specialist Hospital,2025-08-16,Paediatric Ward,40,3,37,24,3,0,2,0,0,25,67.57,Underutilised,Bed Management System,True
BED001649,KPJ_01,JCORP Specialist Hospital,2025-08-17,Medical Ward,60,0,60,44,6,1,6,0,0,45,75.0,Normal,Bed Management System,True
BED001650,KPJ_01,JCORP Specialist Hospital,2025-08-17,Surgical Ward,55,1,54,41,5,1,6,0,0,41,75.93,Normal,Bed Management System,True
BED001651,KPJ_01,JCORP Specialist Hospital,2025-08-17,Maternity Ward,45,1,44,28,4,1,4,0,0,29,65.91,Underutilised,Bed Management System,True
BED001652,KPJ_01,JCORP Specialist Hospital,2025-08-17,Paediatric Ward,40,0,40,25,3,0,3,0,0,25,62.5,Underutilised,Bed Management System,True
BED001653,KPJ_01,JCORP Specialist Hospital,2025-08-18,Medical Ward,60,0,60,45,6,1,5,1,0,46,76.67,Normal,Bed Management System,True
BED001654,KPJ_01,JCORP Specialist Hospital,2025-08-18,Surgical Ward,55,0,55,41,5,1,4,0,0,43,78.18,Normal,Bed Management System,True
BED001655,KPJ_01,JCORP Specialist Hospital,2025-08-18,Maternity Ward,45,0,45,29,3,0,3,0,0,29,64.44,Underutilised,Bed Management System,True
BED001656,KPJ_01,JCORP Specialist Hospital,2025-08-18,Paediatric Ward,40,0,40,25,3,0,3,0,0,25,62.5,Underutilised,Bed Management System,True
BED001657,KPJ_01,JCORP Specialist Hospital,2025-08-19,Medical Ward,60,0,60,46,6,1,4,1,0,48,80.0,Normal,Bed Management System,True
BED001658,KPJ_01,JCORP Specialist Hospital,2025-08-19,Surgical Ward,55,2,53,43,5,1,4,1,2,42,79.25,Normal,Bed Management System,True
BED001659,KPJ_01,JCORP Specialist Hospital,2025-08-19,Maternity Ward,45,0,45,29,3,0,3,0,0,29,64.44,Underutilised,Bed Management System,True
BED001660,KPJ_01,JCORP Specialist Hospital,2025-08-19,Paediatric Ward,40,0,40,25,3,0,2,0,0,26,65.0,Underutilised,Bed Management System,True
BED001661,KPJ_01,JCORP Specialist Hospital,2025-08-20,Medical Ward,60,0,60,48,4,1,4,1,0,48,80.0,Normal,Bed Management System,True
BED001662,KPJ_01,JCORP Specialist Hospital,2025-08-20,Surgical Ward,55,0,55,42,4,1,4,1,0,42,76.36,Normal,Bed Management System,True
BED001663,KPJ_01,JCORP Specialist Hospital,2025-08-20,Maternity Ward,45,0,45,29,3,0,3,0,0,29,64.44,Underutilised,Bed Management System,True
BED001664,KPJ_01,JCORP Specialist Hospital,2025-08-20,Paediatric Ward,40,1,39,26,2,0,2,0,0,26,66.67,Underutilised,Bed Management System,True
BED001665,KPJ_01,JCORP Specialist Hospital,2025-08-21,Medical Ward,60,0,60,48,4,1,3,1,1,48,80.0,Normal,Bed Management System,True
BED001666,KPJ_01,JCORP Specialist Hospital,2025-08-21,Surgical Ward,55,0,55,42,3,1,2,0,2,42,76.36,Normal,Bed Management System,True
BED001667,KPJ_01,JCORP Specialist Hospital,2025-08-21,Maternity Ward,45,1,44,29,3,0,2,0,0,30,68.18,Underutilised,Bed Management System,True
BED001668,KPJ_01,JCORP Specialist Hospital,2025-08-21,Paediatric Ward,40,1,39,26,2,0,1,0,0,27,69.23,Underutilised,Bed Management System,True
BED001669,KPJ_01,JCORP Specialist Hospital,2025-08-22,Medical Ward,60,0,60,48,6,1,7,1,0,47,78.33,Normal,Bed Management System,True
BED001670,KPJ_01,JCORP Specialist Hospital,2025-08-22,Surgical Ward,55,0,55,42,5,1,6,1,0,41,74.55,Underutilised,Bed Management System,True
BED001671,KPJ_01,JCORP Specialist Hospital,2025-08-22,Maternity Ward,45,0,45,30,4,1,5,1,0,29,64.44,Underutilised,Bed Management System,True
BED001672,KPJ_01,JCORP Specialist Hospital,2025-08-22,Paediatric Ward,40,0,40,27,3,0,3,0,0,27,67.5,Underutilised,Bed Management System,True
BED001673,KPJ_01,JCORP Specialist Hospital,2025-08-23,Medical Ward,60,1,59,47,3,1,3,1,0,47,79.66,Normal,Bed Management System,True
BED001674,KPJ_01,JCORP Specialist Hospital,2025-08-23,Surgical Ward,55,0,55,41,3,0,3,0,0,41,74.55,Underutilised,Bed Management System,True
BED001675,KPJ_01,JCORP Specialist Hospital,2025-08-23,Maternity Ward,45,0,45,29,2,0,2,0,0,29,64.44,Underutilised,Bed Management System,True
BED001676,KPJ_01,JCORP Specialist Hospital,2025-08-23,Paediatric Ward,40,0,40,27,2,0,1,0,0,28,70.0,Underutilised,Bed Management System,True
BED001677,KPJ_01,JCORP Specialist Hospital,2025-08-24,Medical Ward,60,1,59,47,6,0,6,0,0,47,79.66,Normal,Bed Management System,True
BED001678,KPJ_01,JCORP Specialist Hospital,2025-08-24,Surgical Ward,55,0,55,41,6,0,5,0,0,42,76.36,Normal,Bed Management System,True
BED001679,KPJ_01,JCORP Specialist Hospital,2025-08-24,Maternity Ward,45,1,44,29,4,0,3,0,0,30,68.18,Underutilised,Bed Management System,True
BED001680,KPJ_01,JCORP Specialist Hospital,2025-08-24,Paediatric Ward,40,0,40,28,3,0,3,0,0,28,70.0,Underutilised,Bed Management System,True
BED001681,KPJ_01,JCORP Specialist Hospital,2025-08-25,Medical Ward,60,0,60,47,5,1,4,0,1,48,80.0,Normal,Bed Management System,True
BED001682,KPJ_01,JCORP Specialist Hospital,2025-08-25,Surgical Ward,55,1,54,42,4,1,3,0,1,43,79.63,Normal,Bed Management System,True
BED001683,KPJ_01,JCORP Specialist Hospital,2025-08-25,Maternity Ward,45,0,45,30,3,1,2,0,0,32,71.11,Underutilised,Bed Management System,True
BED001684,KPJ_01,JCORP Specialist Hospital,2025-08-25,Paediatric Ward,40,0,40,28,2,0,2,0,0,28,70.0,Underutilised,Bed Management System,True
BED001685,KPJ_01,JCORP Specialist Hospital,2025-08-26,Medical Ward,60,1,59,48,7,1,6,1,2,47,79.66,Normal,Bed Management System,True
BED001686,KPJ_01,JCORP Specialist Hospital,2025-08-26,Surgical Ward,55,1,54,43,6,1,6,1,0,43,79.63,Normal,Bed Management System,True
BED001687,KPJ_01,JCORP Specialist Hospital,2025-08-26,Maternity Ward,45,0,45,32,4,0,4,0,0,32,71.11,Underutilised,Bed Management System,True
BED001688,KPJ_01,JCORP Specialist Hospital,2025-08-26,Paediatric Ward,40,0,40,28,3,0,3,0,0,28,70.0,Underutilised,Bed Management System,True
BED001689,KPJ_01,JCORP Specialist Hospital,2025-08-27,Medical Ward,60,0,60,47,5,1,5,1,0,47,78.33,Normal,Bed Management System,True
BED001690,KPJ_01,JCORP Specialist Hospital,2025-08-27,Surgical Ward,55,2,53,43,5,0,5,1,0,42,79.25,Normal,Bed Management System,True
BED001691,KPJ_01,JCORP Specialist Hospital,2025-08-27,Maternity Ward,45,0,45,32,3,0,3,0,0,32,71.11,Underutilised,Bed Management System,True
BED001692,KPJ_01,JCORP Specialist Hospital,2025-08-27,Paediatric Ward,40,0,40,28,3,0,3,0,0,28,70.0,Underutilised,Bed Management System,True
BED001693,KPJ_01,JCORP Specialist Hospital,2025-08-28,Medical Ward,60,0,60,47,5,1,5,1,0,47,78.33,Normal,Bed Management System,True
BED001694,KPJ_01,JCORP Specialist Hospital,2025-08-28,Surgical Ward,55,2,53,42,4,0,5,0,0,41,77.36,Normal,Bed Management System,True
BED001695,KPJ_01,JCORP Specialist Hospital,2025-08-28,Maternity Ward,45,0,45,32,3,0,3,0,0,32,71.11,Underutilised,Bed Management System,True
BED001696,KPJ_01,JCORP Specialist Hospital,2025-08-28,Paediatric Ward,40,3,37,28,3,0,3,0,0,28,75.68,Normal,Bed Management System,True
BED001697,KPJ_01,JCORP Specialist Hospital,2025-08-29,Medical Ward,60,2,58,47,5,1,5,1,1,46,79.31,Normal,Bed Management System,True
BED001698,KPJ_01,JCORP Specialist Hospital,2025-08-29,Surgical Ward,55,2,53,41,4,0,4,1,0,40,75.47,Normal,Bed Management System,True
BED001699,KPJ_01,JCORP Specialist Hospital,2025-08-29,Maternity Ward,45,3,42,32,3,0,3,0,0,32,76.19,Normal,Bed Management System,True
BED001700,KPJ_01,JCORP Specialist Hospital,2025-08-29,Paediatric Ward,40,0,40,28,2,0,2,0,0,28,70.0,Underutilised,Bed Management System,True
BED001701,KPJ_01,JCORP Specialist Hospital,2025-08-30,Medical Ward,60,0,60,46,5,1,4,1,0,47,78.33,Normal,Bed Management System,True
BED001702,KPJ_01,JCORP Specialist Hospital,2025-08-30,Surgical Ward,55,1,54,40,4,1,4,0,0,41,75.93,Normal,Bed Management System,True
BED001703,KPJ_01,JCORP Specialist Hospital,2025-08-30,Maternity Ward,45,2,43,32,3,1,3,0,1,32,74.42,Underutilised,Bed Management System,True
BED001704,KPJ_01,JCORP Specialist Hospital,2025-08-30,Paediatric Ward,40,0,40,28,3,0,2,0,0,29,72.5,Underutilised,Bed Management System,True
BED001705,KPJ_01,JCORP Specialist Hospital,2025-08-31,Medical Ward,60,0,60,47,4,1,4,0,0,48,80.0,Normal,Bed Management System,True
BED001706,KPJ_01,JCORP Specialist Hospital,2025-08-31,Surgical Ward,55,0,55,41,4,1,3,0,0,43,78.18,Normal,Bed Management System,True
BED001707,KPJ_01,JCORP Specialist Hospital,2025-08-31,Maternity Ward,45,0,45,32,3,0,2,0,0,33,73.33,Underutilised,Bed Management System,True
BED001708,KPJ_01,JCORP Specialist Hospital,2025-08-31,Paediatric Ward,40,0,40,29,2,0,2,0,0,29,72.5,Underutilised,Bed Management System,True
BED001709,KPJ_01,JCORP Specialist Hospital,2025-09-01,Medical Ward,60,0,60,48,4,0,4,1,0,47,78.33,Normal,Bed Management System,True
BED001710,KPJ_01,JCORP Specialist Hospital,2025-09-01,Surgical Ward,55,0,55,43,4,0,3,0,0,44,80.0,Normal,Bed Management System,True
BED001711,KPJ_01,JCORP Specialist Hospital,2025-09-01,Maternity Ward,45,1,44,33,3,0,2,0,0,34,77.27,Normal,Bed Management System,True
BED001712,KPJ_01,JCORP Specialist Hospital,2025-09-01,Paediatric Ward,40,0,40,29,2,0,2,0,0,29,72.5,Underutilised,Bed Management System,True
BED001713,KPJ_01,JCORP Specialist Hospital,2025-09-02,Medical Ward,60,0,60,47,6,1,5,1,0,48,80.0,Normal,Bed Management System,True
BED001714,KPJ_01,JCORP Specialist Hospital,2025-09-02,Surgical Ward,55,2,53,44,5,1,5,1,2,42,79.25,Normal,Bed Management System,True
BED001715,KPJ_01,JCORP Specialist Hospital,2025-09-02,Maternity Ward,45,0,45,34,3,0,3,0,0,34,75.56,Normal,Bed Management System,True
BED001716,KPJ_01,JCORP Specialist Hospital,2025-09-02,Paediatric Ward,40,1,39,29,3,0,3,0,0,29,74.36,Underutilised,Bed Management System,True
BED001717,KPJ_01,JCORP Specialist Hospital,2025-09-03,Medical Ward,60,0,60,48,6,1,6,1,0,48,80.0,Normal,Bed Management System,True
BED001718,KPJ_01,JCORP Specialist Hospital,2025-09-03,Surgical Ward,55,0,55,42,5,1,5,1,1,41,74.55,Underutilised,Bed Management System,True
BED001719,KPJ_01,JCORP Specialist Hospital,2025-09-03,Maternity Ward,45,1,44,34,4,1,3,0,3,33,75.0,Normal,Bed Management System,True
BED001720,KPJ_01,JCORP Specialist Hospital,2025-09-03,Paediatric Ward,40,0,40,29,3,1,3,0,0,30,75.0,Normal,Bed Management System,True
BED001721,KPJ_01,JCORP Specialist Hospital,2025-09-04,Medical Ward,60,0,60,48,6,1,5,1,1,48,80.0,Normal,Bed Management System,True
BED001722,KPJ_01,JCORP Specialist Hospital,2025-09-04,Surgical Ward,55,0,55,41,5,1,5,1,0,41,74.55,Underutilised,Bed Management System,True
BED001723,KPJ_01,JCORP Specialist Hospital,2025-09-04,Maternity Ward,45,0,45,33,3,0,3,1,0,32,71.11,Underutilised,Bed Management System,True
BED001724,KPJ_01,JCORP Specialist Hospital,2025-09-04,Paediatric Ward,40,0,40,30,3,0,3,0,1,29,72.5,Underutilised,Bed Management System,True
BED001725,KPJ_01,JCORP Specialist Hospital,2025-09-05,Medical Ward,60,1,59,48,5,1,5,0,2,47,79.66,Normal,Bed Management System,True
BED001726,KPJ_01,JCORP Specialist Hospital,2025-09-05,Surgical Ward,55,2,53,41,5,1,4,0,1,42,79.25,Normal,Bed Management System,True
BED001727,KPJ_01,JCORP Specialist Hospital,2025-09-05,Maternity Ward,45,0,45,32,3,0,3,0,0,32,71.11,Underutilised,Bed Management System,True
BED001728,KPJ_01,JCORP Specialist Hospital,2025-09-05,Paediatric Ward,40,0,40,29,3,0,3,0,0,29,72.5,Underutilised,Bed Management System,True
BED001729,KPJ_01,JCORP Specialist Hospital,2025-09-06,Medical Ward,60,1,59,47,5,1,5,1,0,47,79.66,Normal,Bed Management System,True
BED001730,KPJ_01,JCORP Specialist Hospital,2025-09-06,Surgical Ward,55,2,53,42,4,1,4,0,1,42,79.25,Normal,Bed Management System,True
BED001731,KPJ_01,JCORP Specialist Hospital,2025-09-06,Maternity Ward,45,0,45,32,3,0,3,0,0,32,71.11,Underutilised,Bed Management System,True
BED001732,KPJ_01,JCORP Specialist Hospital,2025-09-06,Paediatric Ward,40,0,40,29,3,0,3,0,0,29,72.5,Underutilised,Bed Management System,True
BED001733,KPJ_01,JCORP Specialist Hospital,2025-09-07,Medical Ward,60,0,60,47,5,1,4,1,0,48,80.0,Normal,Bed Management System,True
BED001734,KPJ_01,JCORP Specialist Hospital,2025-09-07,Surgical Ward,55,0,55,42,4,1,3,1,0,43,78.18,Normal,Bed Management System,True
BED001735,KPJ_01,JCORP Specialist Hospital,2025-09-07,Maternity Ward,45,0,45,32,3,0,2,0,0,33,73.33,Underutilised,Bed Management System,True
BED001736,KPJ_01,JCORP Specialist Hospital,2025-09-07,Paediatric Ward,40,2,38,29,2,0,2,0,0,29,76.32,Normal,Bed Management System,True
BED001737,KPJ_01,JCORP Specialist Hospital,2025-09-08,Medical Ward,60,0,60,48,5,1,6,1,0,47,78.33,Normal,Bed Management System,True
BED001738,KPJ_01,JCORP Specialist Hospital,2025-09-08,Surgical Ward,55,3,52,43,5,1,5,0,3,41,78.85,Normal,Bed Management System,True
BED001739,KPJ_01,JCORP Specialist Hospital,2025-09-08,Maternity Ward,45,2,43,33,3,1,3,0,1,33,76.74,Normal,Bed Management System,True
BED001740,KPJ_01,JCORP Specialist Hospital,2025-09-08,Paediatric Ward,40,1,39,29,3,0,3,0,0,29,74.36,Underutilised,Bed Management System,True
BED001741,KPJ_01,JCORP Specialist Hospital,2025-09-09,Medical Ward,60,1,59,47,4,1,4,1,0,47,79.66,Normal,Bed Management System,True
BED001742,KPJ_01,JCORP Specialist Hospital,2025-09-09,Surgical Ward,55,0,55,41,4,0,3,1,1,40,72.73,Underutilised,Bed Management System,True
BED001743,KPJ_01,JCORP Specialist Hospital,2025-09-09,Maternity Ward,45,0,45,33,3,0,2,0,0,34,75.56,Normal,Bed Management System,True
BED001744,KPJ_01,JCORP Specialist Hospital,2025-09-09,Paediatric Ward,40,1,39,29,2,0,2,0,0,29,74.36,Underutilised,Bed Management System,True
BED001745,KPJ_01,JCORP Specialist Hospital,2025-09-10,Medical Ward,60,0,60,47,4,1,6,1,0,45,75.0,Normal,Bed Management System,True
BED001746,KPJ_01,JCORP Specialist Hospital,2025-09-10,Surgical Ward,55,0,55,40,4,1,5,1,0,39,70.91,Underutilised,Bed Management System,True
BED001747,KPJ_01,JCORP Specialist Hospital,2025-09-10,Maternity Ward,45,0,45,34,3,0,3,0,0,34,75.56,Normal,Bed Management System,True
BED001748,KPJ_01,JCORP Specialist Hospital,2025-09-10,Paediatric Ward,40,0,40,29,2,0,3,0,0,28,70.0,Underutilised,Bed Management System,True
BED001749,KPJ_01,JCORP Specialist Hospital,2025-09-11,Medical Ward,60,0,60,45,4,1,5,1,0,44,73.33,Underutilised,Bed Management System,True
BED001750,KPJ_01,JCORP Specialist Hospital,2025-09-11,Surgical Ward,55,0,55,39,4,0,5,0,0,38,69.09,Underutilised,Bed Management System,True
BED001751,KPJ_01,JCORP Specialist Hospital,2025-09-11,Maternity Ward,45,0,45,34,3,0,3,0,0,34,75.56,Normal,Bed Management System,True
BED001752,KPJ_01,JCORP Specialist Hospital,2025-09-11,Paediatric Ward,40,3,37,28,2,0,3,0,0,27,72.97,Underutilised,Bed Management System,True
BED001753,KPJ_01,JCORP Specialist Hospital,2025-09-12,Medical Ward,60,1,59,44,4,1,4,1,0,44,74.58,Underutilised,Bed Management System,True
BED001754,KPJ_01,JCORP Specialist Hospital,2025-09-12,Surgical Ward,55,1,54,38,4,1,3,1,0,39,72.22,Underutilised,Bed Management System,True
BED001755,KPJ_01,JCORP Specialist Hospital,2025-09-12,Maternity Ward,45,1,44,34,3,0,3,0,0,34,77.27,Normal,Bed Management System,True
BED001756,KPJ_01,JCORP Specialist Hospital,2025-09-12,Paediatric Ward,40,0,40,27,2,0,2,0,1,26,65.0,Underutilised,Bed Management System,True
BED001757,KPJ_01,JCORP Specialist Hospital,2025-09-13,Medical Ward,60,1,59,44,5,1,4,1,0,45,76.27,Normal,Bed Management System,True
BED001758,KPJ_01,JCORP Specialist Hospital,2025-09-13,Surgical Ward,55,0,55,39,4,1,4,1,0,39,70.91,Underutilised,Bed Management System,True
BED001759,KPJ_01,JCORP Specialist Hospital,2025-09-13,Maternity Ward,45,1,44,34,3,1,3,0,1,34,77.27,Normal,Bed Management System,True
BED001760,KPJ_01,JCORP Specialist Hospital,2025-09-13,Paediatric Ward,40,0,40,26,3,0,2,0,0,27,67.5,Underutilised,Bed Management System,True
BED001761,KPJ_01,JCORP Specialist Hospital,2025-09-14,Medical Ward,60,0,60,45,4,1,3,1,0,46,76.67,Normal,Bed Management System,True
BED001762,KPJ_01,JCORP Specialist Hospital,2025-09-14,Surgical Ward,55,0,55,39,3,1,3,1,0,39,70.91,Underutilised,Bed Management System,True
BED001763,KPJ_01,JCORP Specialist Hospital,2025-09-14,Maternity Ward,45,0,45,34,2,0,2,0,0,34,75.56,Normal,Bed Management System,True
BED001764,KPJ_01,JCORP Specialist Hospital,2025-09-14,Paediatric Ward,40,1,39,27,2,0,1,0,0,28,71.79,Underutilised,Bed Management System,True
BED001765,KPJ_01,JCORP Specialist Hospital,2025-09-15,Medical Ward,60,2,58,46,6,0,5,1,1,45,77.59,Normal,Bed Management System,True
BED001766,KPJ_01,JCORP Specialist Hospital,2025-09-15,Surgical Ward,55,2,53,39,5,0,5,0,0,39,73.58,Underutilised,Bed Management System,True
BED001767,KPJ_01,JCORP Specialist Hospital,2025-09-15,Maternity Ward,45,2,43,34,4,0,3,0,2,33,76.74,Normal,Bed Management System,True
BED001768,KPJ_01,JCORP Specialist Hospital,2025-09-15,Paediatric Ward,40,0,40,28,3,0,3,0,0,28,70.0,Underutilised,Bed Management System,True
BED001769,KPJ_01,JCORP Specialist Hospital,2025-09-16,Medical Ward,60,0,60,45,4,1,4,1,0,45,75.0,Normal,Bed Management System,True
BED001770,KPJ_01,JCORP Specialist Hospital,2025-09-16,Surgical Ward,55,1,54,39,4,1,4,0,0,40,74.07,Underutilised,Bed Management System,True
BED001771,KPJ_01,JCORP Specialist Hospital,2025-09-16,Maternity Ward,45,1,44,33,3,0,3,0,0,33,75.0,Normal,Bed Management System,True
BED001772,KPJ_01,JCORP Specialist Hospital,2025-09-16,Paediatric Ward,40,0,40,28,2,0,2,0,0,28,70.0,Underutilised,Bed Management System,True
BED001773,KPJ_01,JCORP Specialist Hospital,2025-09-17,Medical Ward,60,2,58,45,6,1,6,0,0,46,79.31,Normal,Bed Management System,True
BED001774,KPJ_01,JCORP Specialist Hospital,2025-09-17,Surgical Ward,55,1,54,40,6,0,5,0,0,41,75.93,Normal,Bed Management System,True
BED001775,KPJ_01,JCORP Specialist Hospital,2025-09-17,Maternity Ward,45,1,44,33,4,0,4,0,0,33,75.0,Normal,Bed Management System,True
BED001776,KPJ_01,JCORP Specialist Hospital,2025-09-17,Paediatric Ward,40,1,39,28,3,0,3,0,0,28,71.79,Underutilised,Bed Management System,True
BED001777,KPJ_01,JCORP Specialist Hospital,2025-09-18,Medical Ward,60,0,60,46,6,1,7,1,0,45,75.0,Normal,Bed Management System,True
BED001778,KPJ_01,JCORP Specialist Hospital,2025-09-18,Surgical Ward,55,2,53,41,5,1,6,1,0,40,75.47,Normal,Bed Management System,True
BED001779,KPJ_01,JCORP Specialist Hospital,2025-09-18,Maternity Ward,45,0,45,33,3,0,4,0,1,31,68.89,Underutilised,Bed Management System,True
BED001780,KPJ_01,JCORP Specialist Hospital,2025-09-18,Paediatric Ward,40,3,37,28,3,0,3,0,0,28,75.68,Normal,Bed Management System,True
BED001781,KPJ_01,JCORP Specialist Hospital,2025-09-19,Medical Ward,60,0,60,45,6,1,6,0,0,46,76.67,Normal,Bed Management System,True
BED001782,KPJ_01,JCORP Specialist Hospital,2025-09-19,Surgical Ward,55,0,55,40,5,1,5,0,0,41,74.55,Underutilised,Bed Management System,True
BED001783,KPJ_01,JCORP Specialist Hospital,2025-09-19,Maternity Ward,45,1,44,31,3,0,3,0,0,31,70.45,Underutilised,Bed Management System,True
BED001784,KPJ_01,JCORP Specialist Hospital,2025-09-19,Paediatric Ward,40,2,38,28,3,0,3,0,0,28,73.68,Underutilised,Bed Management System,True
BED001785,KPJ_01,JCORP Specialist Hospital,2025-09-20,Medical Ward,60,0,60,46,6,1,5,1,0,47,78.33,Normal,Bed Management System,True
BED001786,KPJ_01,JCORP Specialist Hospital,2025-09-20,Surgical Ward,55,0,55,41,5,0,4,0,0,42,76.36,Normal,Bed Management System,True
BED001787,KPJ_01,JCORP Specialist Hospital,2025-09-20,Maternity Ward,45,1,44,31,3,0,3,0,0,31,70.45,Underutilised,Bed Management System,True
BED001788,KPJ_01,JCORP Specialist Hospital,2025-09-20,Paediatric Ward,40,0,40,28,3,0,2,0,0,29,72.5,Underutilised,Bed Management System,True
BED001789,KPJ_01,JCORP Specialist Hospital,2025-09-21,Medical Ward,60,2,58,47,5,1,4,1,1,47,81.03,Normal,Bed Management System,True
BED001790,KPJ_01,JCORP Specialist Hospital,2025-09-21,Surgical Ward,55,0,55,42,4,0,4,1,0,41,74.55,Underutilised,Bed Management System,True
BED001791,KPJ_01,JCORP Specialist Hospital,2025-09-21,Maternity Ward,45,0,45,31,3,0,3,0,0,31,68.89,Underutilised,Bed Management System,True
BED001792,KPJ_01,JCORP Specialist Hospital,2025-09-21,Paediatric Ward,40,0,40,29,2,0,2,0,1,28,70.0,Underutilised,Bed Management System,True
BED001793,KPJ_01,JCORP Specialist Hospital,2025-09-22,Medical Ward,60,0,60,47,5,1,4,1,1,47,78.33,Normal,Bed Management System,True
BED001794,KPJ_01,JCORP Specialist Hospital,2025-09-22,Surgical Ward,55,0,55,41,4,1,4,1,0,41,74.55,Underutilised,Bed Management System,True
BED001795,KPJ_01,JCORP Specialist Hospital,2025-09-22,Maternity Ward,45,1,44,31,3,0,3,0,0,31,70.45,Underutilised,Bed Management System,True
BED001796,KPJ_01,JCORP Specialist Hospital,2025-09-22,Paediatric Ward,40,0,40,28,3,0,2,0,0,29,72.5,Underutilised,Bed Management System,True
BED001797,KPJ_01,JCORP Specialist Hospital,2025-09-23,Medical Ward,60,1,59,47,4,1,5,1,0,46,77.97,Normal,Bed Management System,True
BED001798,KPJ_01,JCORP Specialist Hospital,2025-09-23,Surgical Ward,55,0,55,41,4,0,5,0,0,40,72.73,Underutilised,Bed Management System,True
BED001799,KPJ_01,JCORP Specialist Hospital,2025-09-23,Maternity Ward,45,0,45,31,3,0,3,0,0,31,68.89,Underutilised,Bed Management System,True
BED001800,KPJ_01,JCORP Specialist Hospital,2025-09-23,Paediatric Ward,40,3,37,29,2,0,3,0,0,28,75.68,Normal,Bed Management System,True
BED001801,KPJ_01,JCORP Specialist Hospital,2025-09-24,Medical Ward,60,0,60,46,5,1,5,1,0,46,76.67,Normal,Bed Management System,True
BED001802,KPJ_01,JCORP Specialist Hospital,2025-09-24,Surgical Ward,55,1,54,40,5,0,4,0,0,41,75.93,Normal,Bed Management System,True
BED001803,KPJ_01,JCORP Specialist Hospital,2025-09-24,Maternity Ward,45,2,43,31,3,0,3,0,0,31,72.09,Underutilised,Bed Management System,True
BED001804,KPJ_01,JCORP Specialist Hospital,2025-09-24,Paediatric Ward,40,0,40,28,3,0,3,0,0,28,70.0,Underutilised,Bed Management System,True
BED001805,KPJ_01,JCORP Specialist Hospital,2025-09-25,Medical Ward,60,0,60,46,5,1,5,0,0,47,78.33,Normal,Bed Management System,True
BED001806,KPJ_01,JCORP Specialist Hospital,2025-09-25,Surgical Ward,55,0,55,41,4,0,4,0,0,41,74.55,Underutilised,Bed Management System,True
BED001807,KPJ_01,JCORP Specialist Hospital,2025-09-25,Maternity Ward,45,1,44,31,3,0,3,0,0,31,70.45,Underutilised,Bed Management System,True
BED001808,KPJ_01,JCORP Specialist Hospital,2025-09-25,Paediatric Ward,40,0,40,28,2,0,2,0,0,28,70.0,Underutilised,Bed Management System,True
BED001809,KPJ_01,JCORP Specialist Hospital,2025-09-26,Medical Ward,60,2,58,47,6,1,6,1,0,47,81.03,Normal,Bed Management System,True
BED001810,KPJ_01,JCORP Specialist Hospital,2025-09-26,Surgical Ward,55,0,55,41,5,1,5,1,0,41,74.55,Underutilised,Bed Management System,True
BED001811,KPJ_01,JCORP Specialist Hospital,2025-09-26,Maternity Ward,45,0,45,31,4,0,3,1,0,31,68.89,Underutilised,Bed Management System,True
BED001812,KPJ_01,JCORP Specialist Hospital,2025-09-26,Paediatric Ward,40,1,39,28,3,0,3,0,0,28,71.79,Underutilised,Bed Management System,True
BED001813,KPJ_01,JCORP Specialist Hospital,2025-09-27,Medical Ward,60,0,60,47,6,1,7,1,0,46,76.67,Normal,Bed Management System,True
BED001814,KPJ_01,JCORP Specialist Hospital,2025-09-27,Surgical Ward,55,0,55,41,5,1,6,1,0,40,72.73,Underutilised,Bed Management System,True
BED001815,KPJ_01,JCORP Specialist Hospital,2025-09-27,Maternity Ward,45,0,45,31,4,0,5,0,0,30,66.67,Underutilised,Bed Management System,True
BED001816,KPJ_01,JCORP Specialist Hospital,2025-09-27,Paediatric Ward,40,0,40,28,3,0,3,0,0,28,70.0,Underutilised,Bed Management System,True
BED001817,KPJ_01,JCORP Specialist Hospital,2025-09-28,Medical Ward,60,1,59,46,5,1,5,1,0,46,77.97,Normal,Bed Management System,True
BED001818,KPJ_01,JCORP Specialist Hospital,2025-09-28,Surgical Ward,55,0,55,40,4,1,4,0,0,41,74.55,Underutilised,Bed Management System,True
BED001819,KPJ_01,JCORP Specialist Hospital,2025-09-28,Maternity Ward,45,0,45,30,3,0,3,0,0,30,66.67,Underutilised,Bed Management System,True
BED001820,KPJ_01,JCORP Specialist Hospital,2025-09-28,Paediatric Ward,40,0,40,28,3,0,3,0,0,28,70.0,Underutilised,Bed Management System,True
BED001821,KPJ_01,JCORP Specialist Hospital,2025-09-29,Medical Ward,60,0,60,46,5,1,6,1,0,45,75.0,Normal,Bed Management System,True
BED001822,KPJ_01,JCORP Specialist Hospital,2025-09-29,Surgical Ward,55,0,55,41,4,1,5,1,0,40,72.73,Underutilised,Bed Management System,True
BED001823,KPJ_01,JCORP Specialist Hospital,2025-09-29,Maternity Ward,45,2,43,30,3,0,3,0,0,30,69.77,Underutilised,Bed Management System,True
BED001824,KPJ_01,JCORP Specialist Hospital,2025-09-29,Paediatric Ward,40,1,39,28,3,0,3,0,0,28,71.79,Underutilised,Bed Management System,True
BED001825,KPJ_01,JCORP Specialist Hospital,2025-09-30,Medical Ward,60,2,58,45,3,1,3,1,1,44,75.86,Normal,Bed Management System,True
BED001826,KPJ_01,JCORP Specialist Hospital,2025-09-30,Surgical Ward,55,0,55,40,3,1,3,1,0,40,72.73,Underutilised,Bed Management System,True
BED001827,KPJ_01,JCORP Specialist Hospital,2025-09-30,Maternity Ward,45,1,44,30,2,1,2,0,0,31,70.45,Underutilised,Bed Management System,True
BED001828,KPJ_01,JCORP Specialist Hospital,2025-09-30,Paediatric Ward,40,0,40,28,2,0,1,0,0,29,72.5,Underutilised,Bed Management System,True
BED001829,KPJ_01,JCORP Specialist Hospital,2025-10-01,Medical Ward,60,3,57,44,6,1,6,1,0,44,77.19,Normal,Bed Management System,True
BED001830,KPJ_01,JCORP Specialist Hospital,2025-10-01,Surgical Ward,55,2,53,40,5,0,5,1,0,39,73.58,Underutilised,Bed Management System,True
BED001831,KPJ_01,JCORP Specialist Hospital,2025-10-01,Maternity Ward,45,0,45,31,4,0,3,1,0,31,68.89,Underutilised,Bed Management System,True
BED001832,KPJ_01,JCORP Specialist Hospital,2025-10-01,Paediatric Ward,40,0,40,29,3,0,3,0,0,29,72.5,Underutilised,Bed Management System,True
BED001833,KPJ_01,JCORP Specialist Hospital,2025-10-02,Medical Ward,60,1,59,44,6,1,6,1,0,44,74.58,Underutilised,Bed Management System,True
BED001834,KPJ_01,JCORP Specialist Hospital,2025-10-02,Surgical Ward,55,0,55,39,6,1,5,0,0,41,74.55,Underutilised,Bed Management System,True
BED001835,KPJ_01,JCORP Specialist Hospital,2025-10-02,Maternity Ward,45,1,44,31,4,0,4,0,0,31,70.45,Underutilised,Bed Management System,True
BED001836,KPJ_01,JCORP Specialist Hospital,2025-10-02,Paediatric Ward,40,0,40,29,3,0,3,0,0,29,72.5,Underutilised,Bed Management System,True
BED001837,KPJ_01,JCORP Specialist Hospital,2025-10-03,Medical Ward,60,1,59,44,5,0,5,1,0,43,72.88,Underutilised,Bed Management System,True
BED001838,KPJ_01,JCORP Specialist Hospital,2025-10-03,Surgical Ward,55,0,55,41,5,0,4,0,0,42,76.36,Normal,Bed Management System,True
BED001839,KPJ_01,JCORP Specialist Hospital,2025-10-03,Maternity Ward,45,0,45,31,3,0,3,0,0,31,68.89,Underutilised,Bed Management System,True
BED001840,KPJ_01,JCORP Specialist Hospital,2025-10-03,Paediatric Ward,40,1,39,29,3,0,3,0,0,29,74.36,Underutilised,Bed Management System,True
BED001841,KPJ_01,JCORP Specialist Hospital,2025-10-04,Medical Ward,60,0,60,43,4,1,4,0,0,44,73.33,Underutilised,Bed Management System,True
BED001842,KPJ_01,JCORP Specialist Hospital,2025-10-04,Surgical Ward,55,1,54,42,4,0,4,0,0,42,77.78,Normal,Bed Management System,True
BED001843,KPJ_01,JCORP Specialist Hospital,2025-10-04,Maternity Ward,45,1,44,31,3,0,3,0,0,31,70.45,Underutilised,Bed Management System,True
BED001844,KPJ_01,JCORP Specialist Hospital,2025-10-04,Paediatric Ward,40,0,40,29,2,0,2,0,0,29,72.5,Underutilised,Bed Management System,True
BED001845,KPJ_01,JCORP Specialist Hospital,2025-10-05,Medical Ward,60,1,59,44,5,1,5,1,0,44,74.58,Underutilised,Bed Management System,True
BED001846,KPJ_01,JCORP Specialist Hospital,2025-10-05,Surgical Ward,55,0,55,42,4,1,4,1,0,42,76.36,Normal,Bed Management System,True
BED001847,KPJ_01,JCORP Specialist Hospital,2025-10-05,Maternity Ward,45,0,45,31,3,0,3,1,0,30,66.67,Underutilised,Bed Management System,True
BED001848,KPJ_01,JCORP Specialist Hospital,2025-10-05,Paediatric Ward,40,0,40,29,3,0,3,0,0,29,72.5,Underutilised,Bed Management System,True
BED001849,KPJ_01,JCORP Specialist Hospital,2025-10-06,Medical Ward,60,0,60,44,5,1,5,1,0,44,73.33,Underutilised,Bed Management System,True
BED001850,KPJ_01,JCORP Specialist Hospital,2025-10-06,Surgical Ward,55,0,55,42,4,0,4,0,0,42,76.36,Normal,Bed Management System,True
BED001851,KPJ_01,JCORP Specialist Hospital,2025-10-06,Maternity Ward,45,0,45,30,3,0,3,0,0,30,66.67,Underutilised,Bed Management System,True
BED001852,KPJ_01,JCORP Specialist Hospital,2025-10-06,Paediatric Ward,40,0,40,29,2,0,2,0,0,29,72.5,Underutilised,Bed Management System,True
BED001853,KPJ_01,JCORP Specialist Hospital,2025-10-07,Medical Ward,60,0,60,44,4,1,5,1,0,43,71.67,Underutilised,Bed Management System,True
BED001854,KPJ_01,JCORP Specialist Hospital,2025-10-07,Surgical Ward,55,0,55,42,4,1,4,0,0,43,78.18,Normal,Bed Management System,True
BED001855,KPJ_01,JCORP Specialist Hospital,2025-10-07,Maternity Ward,45,0,45,30,3,0,3,0,0,30,66.67,Underutilised,Bed Management System,True
BED001856,KPJ_01,JCORP Specialist Hospital,2025-10-07,Paediatric Ward,40,0,40,29,2,0,2,0,0,29,72.5,Underutilised,Bed Management System,True
BED001857,KPJ_01,JCORP Specialist Hospital,2025-10-08,Medical Ward,60,0,60,43,6,1,5,1,0,44,73.33,Underutilised,Bed Management System,True
BED001858,KPJ_01,JCORP Specialist Hospital,2025-10-08,Surgical Ward,55,0,55,43,5,1,5,1,0,43,78.18,Normal,Bed Management System,True
BED001859,KPJ_01,JCORP Specialist Hospital,2025-10-08,Maternity Ward,45,0,45,30,4,0,3,0,0,31,68.89,Underutilised,Bed Management System,True
BED001860,KPJ_01,JCORP Specialist Hospital,2025-10-08,Paediatric Ward,40,2,38,29,3,0,3,0,0,29,76.32,Normal,Bed Management System,True
BED001861,KPJ_01,JCORP Specialist Hospital,2025-10-09,Medical Ward,60,1,59,44,6,1,5,1,0,45,76.27,Normal,Bed Management System,True
BED001862,KPJ_01,JCORP Specialist Hospital,2025-10-09,Surgical Ward,55,3,52,43,5,1,5,1,0,43,82.69,Normal,Bed Management System,True
BED001863,KPJ_01,JCORP Specialist Hospital,2025-10-09,Maternity Ward,45,1,44,31,3,0,3,0,0,31,70.45,Underutilised,Bed Management System,True
BED001864,KPJ_01,JCORP Specialist Hospital,2025-10-09,Paediatric Ward,40,0,40,29,3,0,3,0,0,29,72.5,Underutilised,Bed Management System,True
BED001865,KPJ_01,JCORP Specialist Hospital,2025-10-10,Medical Ward,60,0,60,45,5,1,4,1,0,46,76.67,Normal,Bed Management System,True
BED001866,KPJ_01,JCORP Specialist Hospital,2025-10-10,Surgical Ward,55,1,54,43,5,1,4,1,0,44,81.48,Normal,Bed Management System,True
BED001867,KPJ_01,JCORP Specialist Hospital,2025-10-10,Maternity Ward,45,1,44,31,3,0,3,0,0,31,70.45,Underutilised,Bed Management System,True
BED001868,KPJ_01,JCORP Specialist Hospital,2025-10-10,Paediatric Ward,40,1,39,29,3,0,2,0,0,30,76.92,Normal,Bed Management System,True
BED001869,KPJ_01,JCORP Specialist Hospital,2025-10-11,Medical Ward,60,0,60,46,6,1,6,1,0,46,76.67,Normal,Bed Management System,True
BED001870,KPJ_01,JCORP Specialist Hospital,2025-10-11,Surgical Ward,55,0,55,44,6,1,5,0,0,46,83.64,Normal,Bed Management System,True
BED001871,KPJ_01,JCORP Specialist Hospital,2025-10-11,Maternity Ward,45,1,44,31,4,0,3,0,0,32,72.73,Underutilised,Bed Management System,True
BED001872,KPJ_01,JCORP Specialist Hospital,2025-10-11,Paediatric Ward,40,0,40,30,3,0,3,0,0,30,75.0,Normal,Bed Management System,True
BED001873,KPJ_01,JCORP Specialist Hospital,2025-10-12,Medical Ward,60,1,59,46,6,1,5,1,0,47,79.66,Normal,Bed Management System,True
BED001874,KPJ_01,JCORP Specialist Hospital,2025-10-12,Surgical Ward,55,0,55,46,5,1,5,1,0,46,83.64,Normal,Bed Management System,True
BED001875,KPJ_01,JCORP Specialist Hospital,2025-10-12,Maternity Ward,45,0,45,32,3,0,3,0,0,32,71.11,Underutilised,Bed Management System,True
BED001876,KPJ_01,JCORP Specialist Hospital,2025-10-12,Paediatric Ward,40,0,40,30,3,0,3,0,0,30,75.0,Normal,Bed Management System,True
BED001877,KPJ_01,JCORP Specialist Hospital,2025-10-13,Medical Ward,60,0,60,47,6,1,5,1,1,47,78.33,Normal,Bed Management System,True
BED001878,KPJ_01,JCORP Specialist Hospital,2025-10-13,Surgical Ward,55,1,54,46,5,1,4,0,3,45,83.33,Normal,Bed Management System,True
BED001879,KPJ_01,JCORP Specialist Hospital,2025-10-13,Maternity Ward,45,1,44,32,4,0,3,0,0,33,75.0,Normal,Bed Management System,True
BED001880,KPJ_01,JCORP Specialist Hospital,2025-10-13,Paediatric Ward,40,1,39,30,3,0,3,0,1,29,74.36,Underutilised,Bed Management System,True
BED001881,KPJ_01,JCORP Specialist Hospital,2025-10-14,Medical Ward,60,0,60,47,5,1,4,1,0,48,80.0,Normal,Bed Management System,True
BED001882,KPJ_01,JCORP Specialist Hospital,2025-10-14,Surgical Ward,55,0,55,45,4,1,4,1,0,45,81.82,Normal,Bed Management System,True
BED001883,KPJ_01,JCORP Specialist Hospital,2025-10-14,Maternity Ward,45,0,45,33,3,1,3,1,0,33,73.33,Underutilised,Bed Management System,True
BED001884,KPJ_01,JCORP Specialist Hospital,2025-10-14,Paediatric Ward,40,0,40,29,2,1,2,0,0,30,75.0,Normal,Bed Management System,True
BED001885,KPJ_01,JCORP Specialist Hospital,2025-10-15,Medical Ward,60,0,60,48,6,1,5,1,0,49,81.67,Normal,Bed Management System,True
BED001886,KPJ_01,JCORP Specialist Hospital,2025-10-15,Surgical Ward,55,1,54,45,5,0,4,0,1,45,83.33,Normal,Bed Management System,True
BED001887,KPJ_01,JCORP Specialist Hospital,2025-10-15,Maternity Ward,45,0,45,33,3,0,3,0,0,33,73.33,Underutilised,Bed Management System,True
BED001888,KPJ_01,JCORP Specialist Hospital,2025-10-15,Paediatric Ward,40,0,40,30,3,0,2,0,1,30,75.0,Normal,Bed Management System,True
BED001889,KPJ_01,JCORP Specialist Hospital,2025-10-16,Medical Ward,60,0,60,49,6,1,5,1,0,50,83.33,Normal,Bed Management System,True
BED001890,KPJ_01,JCORP Specialist Hospital,2025-10-16,Surgical Ward,55,0,55,45,5,1,5,1,0,45,81.82,Normal,Bed Management System,True
BED001891,KPJ_01,JCORP Specialist Hospital,2025-10-16,Maternity Ward,45,0,45,33,3,0,3,1,0,32,71.11,Underutilised,Bed Management System,True
BED001892,KPJ_01,JCORP Specialist Hospital,2025-10-16,Paediatric Ward,40,0,40,30,3,0,3,0,0,30,75.0,Normal,Bed Management System,True
BED001893,KPJ_01,JCORP Specialist Hospital,2025-10-17,Medical Ward,60,0,60,50,5,1,4,1,0,51,85.0,Normal,Bed Management System,True
BED001894,KPJ_01,JCORP Specialist Hospital,2025-10-17,Surgical Ward,55,1,54,45,4,1,3,1,1,45,83.33,Normal,Bed Management System,True
BED001895,KPJ_01,JCORP Specialist Hospital,2025-10-17,Maternity Ward,45,0,45,32,3,0,2,0,0,33,73.33,Underutilised,Bed Management System,True
BED001896,KPJ_01,JCORP Specialist Hospital,2025-10-17,Paediatric Ward,40,2,38,30,3,0,2,0,0,31,81.58,Normal,Bed Management System,True
BED001897,KPJ_01,JCORP Specialist Hospital,2025-10-18,Medical Ward,60,2,58,51,6,1,6,0,3,49,84.48,Normal,Bed Management System,True
BED001898,KPJ_01,JCORP Specialist Hospital,2025-10-18,Surgical Ward,55,1,54,45,5,1,5,0,1,45,83.33,Normal,Bed Management System,True
BED001899,KPJ_01,JCORP Specialist Hospital,2025-10-18,Maternity Ward,45,1,44,33,4,1,4,0,0,34,77.27,Normal,Bed Management System,True
BED001900,KPJ_01,JCORP Specialist Hospital,2025-10-18,Paediatric Ward,40,1,39,31,3,0,3,0,0,31,79.49,Normal,Bed Management System,True
BED001901,KPJ_01,JCORP Specialist Hospital,2025-10-19,Medical Ward,60,0,60,49,4,1,4,1,0,49,81.67,Normal,Bed Management System,True
BED001902,KPJ_01,JCORP Specialist Hospital,2025-10-19,Surgical Ward,55,2,53,45,3,1,3,0,2,44,83.02,Normal,Bed Management System,True
BED001903,KPJ_01,JCORP Specialist Hospital,2025-10-19,Maternity Ward,45,0,45,34,3,1,3,0,0,35,77.78,Normal,Bed Management System,True
BED001904,KPJ_01,JCORP Specialist Hospital,2025-10-19,Paediatric Ward,40,0,40,31,2,0,2,0,0,31,77.5,Normal,Bed Management System,True
BED001905,KPJ_01,JCORP Specialist Hospital,2025-10-20,Medical Ward,60,1,59,49,6,1,6,1,0,49,83.05,Normal,Bed Management System,True
BED001906,KPJ_01,JCORP Specialist Hospital,2025-10-20,Surgical Ward,55,0,55,44,5,1,5,0,1,44,80.0,Normal,Bed Management System,True
BED001907,KPJ_01,JCORP Specialist Hospital,2025-10-20,Maternity Ward,45,0,45,35,3,1,3,0,0,36,80.0,Normal,Bed Management System,True
BED001908,KPJ_01,JCORP Specialist Hospital,2025-10-20,Paediatric Ward,40,0,40,31,3,0,3,0,0,31,77.5,Normal,Bed Management System,True
BED001909,KPJ_01,JCORP Specialist Hospital,2025-10-21,Medical Ward,60,1,59,49,6,1,5,1,0,50,84.75,Normal,Bed Management System,True
BED001910,KPJ_01,JCORP Specialist Hospital,2025-10-21,Surgical Ward,55,2,53,44,5,1,5,1,0,44,83.02,Normal,Bed Management System,True
BED001911,KPJ_01,JCORP Specialist Hospital,2025-10-21,Maternity Ward,45,1,44,36,3,1,3,1,1,35,79.55,Normal,Bed Management System,True
BED001912,KPJ_01,JCORP Specialist Hospital,2025-10-21,Paediatric Ward,40,0,40,31,3,0,3,0,0,31,77.5,Normal,Bed Management System,True
BED001913,KPJ_01,JCORP Specialist Hospital,2025-10-22,Medical Ward,60,0,60,50,5,1,5,1,0,50,83.33,Normal,Bed Management System,True
BED001914,KPJ_01,JCORP Specialist Hospital,2025-10-22,Surgical Ward,55,2,53,44,4,1,5,1,0,43,81.13,Normal,Bed Management System,True
BED001915,KPJ_01,JCORP Specialist Hospital,2025-10-22,Maternity Ward,45,1,44,35,3,0,3,1,0,34,77.27,Normal,Bed Management System,True
BED001916,KPJ_01,JCORP Specialist Hospital,2025-10-22,Paediatric Ward,40,0,40,31,3,0,3,0,0,31,77.5,Normal,Bed Management System,True
BED001917,KPJ_01,JCORP Specialist Hospital,2025-10-23,Medical Ward,60,1,59,50,6,1,5,1,1,50,84.75,Normal,Bed Management System,True
BED001918,KPJ_01,JCORP Specialist Hospital,2025-10-23,Surgical Ward,55,1,54,43,5,0,5,0,0,43,79.63,Normal,Bed Management System,True
BED001919,KPJ_01,JCORP Specialist Hospital,2025-10-23,Maternity Ward,45,0,45,34,3,0,3,0,0,34,75.56,Normal,Bed Management System,True
BED001920,KPJ_01,JCORP Specialist Hospital,2025-10-23,Paediatric Ward,40,0,40,31,3,0,3,0,0,31,77.5,Normal,Bed Management System,True
BED001921,KPJ_01,JCORP Specialist Hospital,2025-10-24,Medical Ward,60,0,60,50,6,0,6,1,0,49,81.67,Normal,Bed Management System,True
BED001922,KPJ_01,JCORP Specialist Hospital,2025-10-24,Surgical Ward,55,0,55,43,5,0,6,1,0,41,74.55,Underutilised,Bed Management System,True
BED001923,KPJ_01,JCORP Specialist Hospital,2025-10-24,Maternity Ward,45,0,45,34,3,0,4,0,0,33,73.33,Underutilised,Bed Management System,True
BED001924,KPJ_01,JCORP Specialist Hospital,2025-10-24,Paediatric Ward,40,2,38,31,3,0,3,0,0,31,81.58,Normal,Bed Management System,True
BED001925,KPJ_01,JCORP Specialist Hospital,2025-10-25,Medical Ward,60,0,60,49,5,1,4,1,0,50,83.33,Normal,Bed Management System,True
BED001926,KPJ_01,JCORP Specialist Hospital,2025-10-25,Surgical Ward,55,0,55,41,4,0,3,1,0,41,74.55,Underutilised,Bed Management System,True
BED001927,KPJ_01,JCORP Specialist Hospital,2025-10-25,Maternity Ward,45,1,44,33,3,0,3,0,0,33,75.0,Normal,Bed Management System,True
BED001928,KPJ_01,JCORP Specialist Hospital,2025-10-25,Paediatric Ward,40,0,40,31,3,0,2,0,0,32,80.0,Normal,Bed Management System,True
BED001929,KPJ_01,JCORP Specialist Hospital,2025-10-26,Medical Ward,60,0,60,50,4,1,3,1,0,51,85.0,Normal,Bed Management System,True
BED001930,KPJ_01,JCORP Specialist Hospital,2025-10-26,Surgical Ward,55,0,55,41,3,1,3,0,0,42,76.36,Normal,Bed Management System,True
BED001931,KPJ_01,JCORP Specialist Hospital,2025-10-26,Maternity Ward,45,0,45,33,3,0,2,0,0,34,75.56,Normal,Bed Management System,True
BED001932,KPJ_01,JCORP Specialist Hospital,2025-10-26,Paediatric Ward,40,1,39,32,2,0,2,0,0,32,82.05,Normal,Bed Management System,True
BED001933,KPJ_01,JCORP Specialist Hospital,2025-10-27,Medical Ward,60,1,59,51,5,1,5,1,1,50,84.75,Normal,Bed Management System,True
BED001934,KPJ_01,JCORP Specialist Hospital,2025-10-27,Surgical Ward,55,0,55,42,4,0,4,0,0,42,76.36,Normal,Bed Management System,True
BED001935,KPJ_01,JCORP Specialist Hospital,2025-10-27,Maternity Ward,45,0,45,34,3,0,3,0,0,34,75.56,Normal,Bed Management System,True
BED001936,KPJ_01,JCORP Specialist Hospital,2025-10-27,Paediatric Ward,40,0,40,32,3,0,2,0,0,33,82.5,Normal,Bed Management System,True
BED001937,KPJ_01,JCORP Specialist Hospital,2025-10-28,Medical Ward,60,0,60,50,6,1,6,1,0,50,83.33,Normal,Bed Management System,True
BED001938,KPJ_01,JCORP Specialist Hospital,2025-10-28,Surgical Ward,55,3,52,42,6,1,5,0,1,43,82.69,Normal,Bed Management System,True
BED001939,KPJ_01,JCORP Specialist Hospital,2025-10-28,Maternity Ward,45,0,45,34,4,0,4,0,0,34,75.56,Normal,Bed Management System,True
BED001940,KPJ_01,JCORP Specialist Hospital,2025-10-28,Paediatric Ward,40,3,37,33,3,0,3,0,3,30,81.08,Normal,Bed Management System,True
BED001941,KPJ_01,JCORP Specialist Hospital,2025-10-29,Medical Ward,60,0,60,50,7,1,7,1,0,50,83.33,Normal,Bed Management System,True
BED001942,KPJ_01,JCORP Specialist Hospital,2025-10-29,Surgical Ward,55,1,54,43,6,1,6,1,0,43,79.63,Normal,Bed Management System,True
BED001943,KPJ_01,JCORP Specialist Hospital,2025-10-29,Maternity Ward,45,0,45,34,5,0,5,0,0,34,75.56,Normal,Bed Management System,True
BED001944,KPJ_01,JCORP Specialist Hospital,2025-10-29,Paediatric Ward,40,0,40,30,4,0,4,0,0,30,75.0,Normal,Bed Management System,True
BED001945,KPJ_01,JCORP Specialist Hospital,2025-10-30,Medical Ward,60,0,60,50,5,0,3,1,0,51,85.0,Normal,Bed Management System,True
BED001946,KPJ_01,JCORP Specialist Hospital,2025-10-30,Surgical Ward,55,0,55,43,4,0,3,1,0,43,78.18,Normal,Bed Management System,True
BED001947,KPJ_01,JCORP Specialist Hospital,2025-10-30,Maternity Ward,45,0,45,34,3,0,2,1,0,34,75.56,Normal,Bed Management System,True
BED001948,KPJ_01,JCORP Specialist Hospital,2025-10-30,Paediatric Ward,40,2,38,30,2,0,1,0,0,31,81.58,Normal,Bed Management System,True
BED001949,KPJ_01,JCORP Specialist Hospital,2025-10-31,Medical Ward,60,0,60,51,5,0,6,1,0,49,81.67,Normal,Bed Management System,True
BED001950,KPJ_01,JCORP Specialist Hospital,2025-10-31,Surgical Ward,55,0,55,43,5,0,6,1,0,41,74.55,Underutilised,Bed Management System,True
BED001951,KPJ_01,JCORP Specialist Hospital,2025-10-31,Maternity Ward,45,0,45,34,3,0,4,0,0,33,73.33,Underutilised,Bed Management System,True
BED001952,KPJ_01,JCORP Specialist Hospital,2025-10-31,Paediatric Ward,40,0,40,31,3,0,3,0,0,31,77.5,Normal,Bed Management System,True
BED001953,KPJ_01,JCORP Specialist Hospital,2025-11-01,Medical Ward,60,1,59,49,4,1,3,1,0,50,84.75,Normal,Bed Management System,True
BED001954,KPJ_01,JCORP Specialist Hospital,2025-11-01,Surgical Ward,55,0,55,41,3,1,3,0,0,42,76.36,Normal,Bed Management System,True
BED001955,KPJ_01,JCORP Specialist Hospital,2025-11-01,Maternity Ward,45,0,45,33,2,1,2,0,0,34,75.56,Normal,Bed Management System,True
BED001956,KPJ_01,JCORP Specialist Hospital,2025-11-01,Paediatric Ward,40,0,40,31,2,0,2,0,0,31,77.5,Normal,Bed Management System,True
BED001957,KPJ_01,JCORP Specialist Hospital,2025-11-02,Medical Ward,60,2,58,50,6,1,6,1,1,49,84.48,Normal,Bed Management System,True
BED001958,KPJ_01,JCORP Specialist Hospital,2025-11-02,Surgical Ward,55,1,54,42,5,1,5,0,0,43,79.63,Normal,Bed Management System,True
BED001959,KPJ_01,JCORP Specialist Hospital,2025-11-02,Maternity Ward,45,3,42,34,4,0,4,0,0,34,80.95,Normal,Bed Management System,True
BED001960,KPJ_01,JCORP Specialist Hospital,2025-11-02,Paediatric Ward,40,2,38,31,3,0,3,0,0,31,81.58,Normal,Bed Management System,True
BED001961,KPJ_01,JCORP Specialist Hospital,2025-11-03,Medical Ward,60,1,59,49,5,1,5,1,0,49,83.05,Normal,Bed Management System,True
BED001962,KPJ_01,JCORP Specialist Hospital,2025-11-03,Surgical Ward,55,0,55,43,5,0,4,1,0,43,78.18,Normal,Bed Management System,True
BED001963,KPJ_01,JCORP Specialist Hospital,2025-11-03,Maternity Ward,45,2,43,34,3,0,3,0,0,34,79.07,Normal,Bed Management System,True
BED001964,KPJ_01,JCORP Specialist Hospital,2025-11-03,Paediatric Ward,40,0,40,31,3,0,3,0,0,31,77.5,Normal,Bed Management System,True
BED001965,KPJ_01,JCORP Specialist Hospital,2025-11-04,Medical Ward,60,0,60,49,4,1,5,1,0,48,80.0,Normal,Bed Management System,True
BED001966,KPJ_01,JCORP Specialist Hospital,2025-11-04,Surgical Ward,55,0,55,43,3,1,4,0,0,43,78.18,Normal,Bed Management System,True
BED001967,KPJ_01,JCORP Specialist Hospital,2025-11-04,Maternity Ward,45,0,45,34,3,0,3,0,0,34,75.56,Normal,Bed Management System,True
BED001968,KPJ_01,JCORP Specialist Hospital,2025-11-04,Paediatric Ward,40,1,39,31,2,0,2,0,1,30,76.92,Normal,Bed Management System,True
BED001969,KPJ_01,JCORP Specialist Hospital,2025-11-05,Medical Ward,60,1,59,48,4,1,4,1,0,48,81.36,Normal,Bed Management System,True
BED001970,KPJ_01,JCORP Specialist Hospital,2025-11-05,Surgical Ward,55,1,54,43,4,0,4,1,0,42,77.78,Normal,Bed Management System,True
BED001971,KPJ_01,JCORP Specialist Hospital,2025-11-05,Maternity Ward,45,2,43,34,3,0,3,0,0,34,79.07,Normal,Bed Management System,True
BED001972,KPJ_01,JCORP Specialist Hospital,2025-11-05,Paediatric Ward,40,0,40,30,2,0,2,0,0,30,75.0,Normal,Bed Management System,True
BED001973,KPJ_01,JCORP Specialist Hospital,2025-11-06,Medical Ward,60,1,59,48,5,1,5,1,0,48,81.36,Normal,Bed Management System,True
BED001974,KPJ_01,JCORP Specialist Hospital,2025-11-06,Surgical Ward,55,0,55,42,4,0,4,0,0,42,76.36,Normal,Bed Management System,True
BED001975,KPJ_01,JCORP Specialist Hospital,2025-11-06,Maternity Ward,45,0,45,34,3,0,3,0,0,34,75.56,Normal,Bed Management System,True
BED001976,KPJ_01,JCORP Specialist Hospital,2025-11-06,Paediatric Ward,40,0,40,30,3,0,2,0,0,31,77.5,Normal,Bed Management System,True
BED001977,KPJ_01,JCORP Specialist Hospital,2025-11-07,Medical Ward,60,2,58,48,6,1,5,1,0,49,84.48,Normal,Bed Management System,True
BED001978,KPJ_01,JCORP Specialist Hospital,2025-11-07,Surgical Ward,55,0,55,42,5,0,4,1,0,42,76.36,Normal,Bed Management System,True
BED001979,KPJ_01,JCORP Specialist Hospital,2025-11-07,Maternity Ward,45,1,44,34,3,0,3,0,0,34,77.27,Normal,Bed Management System,True
BED001980,KPJ_01,JCORP Specialist Hospital,2025-11-07,Paediatric Ward,40,0,40,31,3,0,2,0,0,32,80.0,Normal,Bed Management System,True
BED001981,KPJ_01,JCORP Specialist Hospital,2025-11-08,Medical Ward,60,0,60,49,4,1,3,1,0,50,83.33,Normal,Bed Management System,True
BED001982,KPJ_01,JCORP Specialist Hospital,2025-11-08,Surgical Ward,55,0,55,42,3,1,3,1,0,42,76.36,Normal,Bed Management System,True
BED001983,KPJ_01,JCORP Specialist Hospital,2025-11-08,Maternity Ward,45,0,45,34,3,0,2,0,0,35,77.78,Normal,Bed Management System,True
BED001984,KPJ_01,JCORP Specialist Hospital,2025-11-08,Paediatric Ward,40,1,39,32,2,0,2,0,0,32,82.05,Normal,Bed Management System,True
BED001985,KPJ_01,JCORP Specialist Hospital,2025-11-09,Medical Ward,60,1,59,50,5,1,5,1,0,50,84.75,Normal,Bed Management System,True
BED001986,KPJ_01,JCORP Specialist Hospital,2025-11-09,Surgical Ward,55,0,55,42,5,1,4,1,0,43,78.18,Normal,Bed Management System,True
BED001987,KPJ_01,JCORP Specialist Hospital,2025-11-09,Maternity Ward,45,3,42,35,3,0,3,0,2,33,78.57,Normal,Bed Management System,True
BED001988,KPJ_01,JCORP Specialist Hospital,2025-11-09,Paediatric Ward,40,0,40,32,3,0,3,0,1,31,77.5,Normal,Bed Management System,True
BED001989,KPJ_01,JCORP Specialist Hospital,2025-11-10,Medical Ward,60,1,59,50,7,1,6,1,1,50,84.75,Normal,Bed Management System,True
BED001990,KPJ_01,JCORP Specialist Hospital,2025-11-10,Surgical Ward,55,1,54,43,6,1,5,1,1,43,79.63,Normal,Bed Management System,True
BED001991,KPJ_01,JCORP Specialist Hospital,2025-11-10,Maternity Ward,45,0,45,33,4,1,3,1,0,34,75.56,Normal,Bed Management System,True
BED001992,KPJ_01,JCORP Specialist Hospital,2025-11-10,Paediatric Ward,40,0,40,31,3,0,3,0,0,31,77.5,Normal,Bed Management System,True
BED001993,KPJ_01,JCORP Specialist Hospital,2025-11-11,Medical Ward,60,1,59,50,4,1,4,1,0,50,84.75,Normal,Bed Management System,True
BED001994,KPJ_01,JCORP Specialist Hospital,2025-11-11,Surgical Ward,55,1,54,43,4,1,3,1,0,44,81.48,Normal,Bed Management System,True
BED001995,KPJ_01,JCORP Specialist Hospital,2025-11-11,Maternity Ward,45,1,44,34,3,0,3,0,0,34,77.27,Normal,Bed Management System,True
BED001996,KPJ_01,JCORP Specialist Hospital,2025-11-11,Paediatric Ward,40,0,40,31,2,0,2,0,0,31,77.5,Normal,Bed Management System,True
BED001997,KPJ_01,JCORP Specialist Hospital,2025-11-12,Medical Ward,60,0,60,50,6,1,6,1,0,50,83.33,Normal,Bed Management System,True
BED001998,KPJ_01,JCORP Specialist Hospital,2025-11-12,Surgical Ward,55,0,55,44,5,0,6,1,0,42,76.36,Normal,Bed Management System,True
BED001999,KPJ_01,JCORP Specialist Hospital,2025-11-12,Maternity Ward,45,0,45,34,3,0,4,0,0,33,73.33,Underutilised,Bed Management System,True
BED002000,KPJ_01,JCORP Specialist Hospital,2025-11-12,Paediatric Ward,40,1,39,31,3,0,3,0,0,31,79.49,Normal,Bed Management System,True
BED002001,KPJ_01,JCORP Specialist Hospital,2025-11-13,Medical Ward,60,0,60,50,5,1,5,0,0,51,85.0,Normal,Bed Management System,True
BED002002,KPJ_01,JCORP Specialist Hospital,2025-11-13,Surgical Ward,55,0,55,42,4,1,4,0,0,43,78.18,Normal,Bed Management System,True
BED002003,KPJ_01,JCORP Specialist Hospital,2025-11-13,Maternity Ward,45,0,45,33,3,0,3,0,0,33,73.33,Underutilised,Bed Management System,True
BED002004,KPJ_01,JCORP Specialist Hospital,2025-11-13,Paediatric Ward,40,0,40,31,2,0,3,0,0,30,75.0,Normal,Bed Management System,True
BED002005,KPJ_01,JCORP Specialist Hospital,2025-11-14,Medical Ward,60,2,58,51,6,1,5,1,3,49,84.48,Normal,Bed Management System,True
BED002006,KPJ_01,JCORP Specialist Hospital,2025-11-14,Surgical Ward,55,0,55,43,5,1,5,1,0,43,78.18,Normal,Bed Management System,True
BED002007,KPJ_01,JCORP Specialist Hospital,2025-11-14,Maternity Ward,45,0,45,33,3,0,3,0,0,33,73.33,Underutilised,Bed Management System,True
BED002008,KPJ_01,JCORP Specialist Hospital,2025-11-14,Paediatric Ward,40,0,40,30,3,0,3,0,0,30,75.0,Normal,Bed Management System,True
BED002009,KPJ_01,JCORP Specialist Hospital,2025-11-15,Medical Ward,60,3,57,49,5,0,6,1,0,47,82.46,Normal,Bed Management System,True
BED002010,KPJ_01,JCORP Specialist Hospital,2025-11-15,Surgical Ward,55,1,54,43,5,0,5,1,1,41,75.93,Normal,Bed Management System,True
BED002011,KPJ_01,JCORP Specialist Hospital,2025-11-15,Maternity Ward,45,1,44,33,3,0,3,0,0,33,75.0,Normal,Bed Management System,True
BED002012,KPJ_01,JCORP Specialist Hospital,2025-11-15,Paediatric Ward,40,0,40,30,3,0,3,0,0,30,75.0,Normal,Bed Management System,True
BED002013,KPJ_01,JCORP Specialist Hospital,2025-11-16,Medical Ward,60,0,60,47,4,0,4,1,0,46,76.67,Normal,Bed Management System,True
BED002014,KPJ_01,JCORP Specialist Hospital,2025-11-16,Surgical Ward,55,0,55,41,4,0,3,1,0,41,74.55,Underutilised,Bed Management System,True
BED002015,KPJ_01,JCORP Specialist Hospital,2025-11-16,Maternity Ward,45,0,45,33,3,0,2,0,0,34,75.56,Normal,Bed Management System,True
BED002016,KPJ_01,JCORP Specialist Hospital,2025-11-16,Paediatric Ward,40,2,38,30,2,0,2,0,0,30,78.95,Normal,Bed Management System,True
BED002017,KPJ_01,JCORP Specialist Hospital,2025-11-17,Medical Ward,60,2,58,46,5,1,5,1,0,46,79.31,Normal,Bed Management System,True
BED002018,KPJ_01,JCORP Specialist Hospital,2025-11-17,Surgical Ward,55,0,55,41,4,1,4,0,0,42,76.36,Normal,Bed Management System,True
BED002019,KPJ_01,JCORP Specialist Hospital,2025-11-17,Maternity Ward,45,1,44,34,3,1,3,0,0,35,79.55,Normal,Bed Management System,True
BED002020,KPJ_01,JCORP Specialist Hospital,2025-11-17,Paediatric Ward,40,0,40,30,2,0,2,0,0,30,75.0,Normal,Bed Management System,True
BED002021,KPJ_01,JCORP Specialist Hospital,2025-11-18,Medical Ward,60,0,60,46,5,1,5,1,0,46,76.67,Normal,Bed Management System,True
BED002022,KPJ_01,JCORP Specialist Hospital,2025-11-18,Surgical Ward,55,1,54,42,5,0,4,1,1,41,75.93,Normal,Bed Management System,True
BED002023,KPJ_01,JCORP Specialist Hospital,2025-11-18,Maternity Ward,45,1,44,35,3,0,3,0,0,35,79.55,Normal,Bed Management System,True
BED002024,KPJ_01,JCORP Specialist Hospital,2025-11-18,Paediatric Ward,40,0,40,30,3,0,2,0,0,31,77.5,Normal,Bed Management System,True
BED002025,KPJ_01,JCORP Specialist Hospital,2025-11-19,Medical Ward,60,0,60,46,5,1,4,1,0,47,78.33,Normal,Bed Management System,True
BED002026,KPJ_01,JCORP Specialist Hospital,2025-11-19,Surgical Ward,55,1,54,41,4,1,3,1,0,42,77.78,Normal,Bed Management System,True
BED002027,KPJ_01,JCORP Specialist Hospital,2025-11-19,Maternity Ward,45,0,45,35,3,0,3,0,0,35,77.78,Normal,Bed Management System,True
BED002028,KPJ_01,JCORP Specialist Hospital,2025-11-19,Paediatric Ward,40,1,39,31,3,0,2,0,0,32,82.05,Normal,Bed Management System,True
BED002029,KPJ_01,JCORP Specialist Hospital,2025-11-20,Medical Ward,60,2,58,47,5,1,5,1,0,47,81.03,Normal,Bed Management System,True
BED002030,KPJ_01,JCORP Specialist Hospital,2025-11-20,Surgical Ward,55,0,55,42,4,0,5,1,0,40,72.73,Underutilised,Bed Management System,True
BED002031,KPJ_01,JCORP Specialist Hospital,2025-11-20,Maternity Ward,45,0,45,35,3,0,3,0,0,35,77.78,Normal,Bed Management System,True
BED002032,KPJ_01,JCORP Specialist Hospital,2025-11-20,Paediatric Ward,40,3,37,32,3,0,3,0,2,30,81.08,Normal,Bed Management System,True
BED002033,KPJ_01,JCORP Specialist Hospital,2025-11-21,Medical Ward,60,0,60,47,5,1,4,1,0,48,80.0,Normal,Bed Management System,True
BED002034,KPJ_01,JCORP Specialist Hospital,2025-11-21,Surgical Ward,55,0,55,40,5,1,3,0,0,43,78.18,Normal,Bed Management System,True
BED002035,KPJ_01,JCORP Specialist Hospital,2025-11-21,Maternity Ward,45,2,43,35,3,0,2,0,2,34,79.07,Normal,Bed Management System,True
BED002036,KPJ_01,JCORP Specialist Hospital,2025-11-21,Paediatric Ward,40,3,37,30,3,0,2,0,1,30,81.08,Normal,Bed Management System,True
BED002037,KPJ_01,JCORP Specialist Hospital,2025-11-22,Medical Ward,60,2,58,48,5,0,4,1,0,48,82.76,Normal,Bed Management System,True
BED002038,KPJ_01,JCORP Specialist Hospital,2025-11-22,Surgical Ward,55,0,55,43,4,0,3,1,0,43,78.18,Normal,Bed Management System,True
BED002039,KPJ_01,JCORP Specialist Hospital,2025-11-22,Maternity Ward,45,0,45,34,3,0,3,1,0,33,73.33,Underutilised,Bed Management System,True
BED002040,KPJ_01,JCORP Specialist Hospital,2025-11-22,Paediatric Ward,40,0,40,30,2,0,2,0,0,30,75.0,Normal,Bed Management System,True
BED002041,KPJ_01,JCORP Specialist Hospital,2025-11-23,Medical Ward,60,0,60,48,5,1,4,1,0,49,81.67,Normal,Bed Management System,True
BED002042,KPJ_01,JCORP Specialist Hospital,2025-11-23,Surgical Ward,55,3,52,43,4,0,3,0,1,43,82.69,Normal,Bed Management System,True
BED002043,KPJ_01,JCORP Specialist Hospital,2025-11-23,Maternity Ward,45,0,45,33,3,0,3,0,0,33,73.33,Underutilised,Bed Management System,True
BED002044,KPJ_01,JCORP Specialist Hospital,2025-11-23,Paediatric Ward,40,0,40,30,3,0,2,0,0,31,77.5,Normal,Bed Management System,True
BED002045,KPJ_01,JCORP Specialist Hospital,2025-11-24,Medical Ward,60,1,59,49,5,1,4,1,0,50,84.75,Normal,Bed Management System,True
BED002046,KPJ_01,JCORP Specialist Hospital,2025-11-24,Surgical Ward,55,1,54,43,4,1,3,1,0,44,81.48,Normal,Bed Management System,True
BED002047,KPJ_01,JCORP Specialist Hospital,2025-11-24,Maternity Ward,45,3,42,33,3,1,2,0,1,34,80.95,Normal,Bed Management System,True
BED002048,KPJ_01,JCORP Specialist Hospital,2025-11-24,Paediatric Ward,40,0,40,31,2,1,2,0,0,32,80.0,Normal,Bed Management System,True
BED002049,KPJ_01,JCORP Specialist Hospital,2025-11-25,Medical Ward,60,1,59,50,6,1,5,1,1,50,84.75,Normal,Bed Management System,True
BED002050,KPJ_01,JCORP Specialist Hospital,2025-11-25,Surgical Ward,55,0,55,44,5,1,5,1,0,44,80.0,Normal,Bed Management System,True
BED002051,KPJ_01,JCORP Specialist Hospital,2025-11-25,Maternity Ward,45,0,45,34,4,0,3,0,0,35,77.78,Normal,Bed Management System,True
BED002052,KPJ_01,JCORP Specialist Hospital,2025-11-25,Paediatric Ward,40,0,40,32,3,0,3,0,0,32,80.0,Normal,Bed Management System,True
BED002053,KPJ_01,JCORP Specialist Hospital,2025-11-26,Medical Ward,60,1,59,50,4,1,5,1,0,49,83.05,Normal,Bed Management System,True
BED002054,KPJ_01,JCORP Specialist Hospital,2025-11-26,Surgical Ward,55,0,55,44,4,1,4,1,0,44,80.0,Normal,Bed Management System,True
BED002055,KPJ_01,JCORP Specialist Hospital,2025-11-26,Maternity Ward,45,3,42,35,3,1,3,0,2,34,80.95,Normal,Bed Management System,True
BED002056,KPJ_01,JCORP Specialist Hospital,2025-11-26,Paediatric Ward,40,0,40,32,2,0,3,0,0,31,77.5,Normal,Bed Management System,True
BED002057,KPJ_01,JCORP Specialist Hospital,2025-11-27,Medical Ward,60,2,58,49,6,1,6,1,0,49,84.48,Normal,Bed Management System,True
BED002058,KPJ_01,JCORP Specialist Hospital,2025-11-27,Surgical Ward,55,1,54,44,6,0,5,1,0,44,81.48,Normal,Bed Management System,True
BED002059,KPJ_01,JCORP Specialist Hospital,2025-11-27,Maternity Ward,45,0,45,34,4,0,3,1,0,34,75.56,Normal,Bed Management System,True
BED002060,KPJ_01,JCORP Specialist Hospital,2025-11-27,Paediatric Ward,40,3,37,31,3,0,3,0,1,30,81.08,Normal,Bed Management System,True
BED002061,KPJ_01,JCORP Specialist Hospital,2025-11-28,Medical Ward,60,1,59,49,5,1,3,1,1,50,84.75,Normal,Bed Management System,True
BED002062,KPJ_01,JCORP Specialist Hospital,2025-11-28,Surgical Ward,55,0,55,44,4,1,3,1,1,44,80.0,Normal,Bed Management System,True
BED002063,KPJ_01,JCORP Specialist Hospital,2025-11-28,Maternity Ward,45,1,44,34,3,1,2,0,1,35,79.55,Normal,Bed Management System,True
BED002064,KPJ_01,JCORP Specialist Hospital,2025-11-28,Paediatric Ward,40,2,38,30,3,0,1,0,1,31,81.58,Normal,Bed Management System,True
BED002065,KPJ_01,JCORP Specialist Hospital,2025-11-29,Medical Ward,60,1,59,50,4,1,3,1,1,50,84.75,Normal,Bed Management System,True
BED002066,KPJ_01,JCORP Specialist Hospital,2025-11-29,Surgical Ward,55,1,54,44,4,0,3,1,0,44,81.48,Normal,Bed Management System,True
BED002067,KPJ_01,JCORP Specialist Hospital,2025-11-29,Maternity Ward,45,1,44,35,3,0,2,0,1,35,79.55,Normal,Bed Management System,True
BED002068,KPJ_01,JCORP Specialist Hospital,2025-11-29,Paediatric Ward,40,0,40,31,2,0,1,0,0,32,80.0,Normal,Bed Management System,True
BED002069,KPJ_01,JCORP Specialist Hospital,2025-11-30,Medical Ward,60,0,60,50,6,1,5,1,0,51,85.0,Normal,Bed Management System,True
BED002070,KPJ_01,JCORP Specialist Hospital,2025-11-30,Surgical Ward,55,1,54,44,5,1,5,1,0,44,81.48,Normal,Bed Management System,True
BED002071,KPJ_01,JCORP Specialist Hospital,2025-11-30,Maternity Ward,45,1,44,35,4,0,3,0,1,35,79.55,Normal,Bed Management System,True
BED002072,KPJ_01,JCORP Specialist Hospital,2025-11-30,Paediatric Ward,40,2,38,32,3,0,3,0,1,31,81.58,Normal,Bed Management System,True
BED002073,KPJ_01,JCORP Specialist Hospital,2025-12-01,Medical Ward,60,1,59,51,6,1,6,1,2,49,83.05,Normal,Bed Management System,True
BED002074,KPJ_01,JCORP Specialist Hospital,2025-12-01,Surgical Ward,55,0,55,44,5,0,6,1,0,42,76.36,Normal,Bed Management System,True
BED002075,KPJ_01,JCORP Specialist Hospital,2025-12-01,Maternity Ward,45,1,44,35,4,0,4,0,0,35,79.55,Normal,Bed Management System,True
BED002076,KPJ_01,JCORP Specialist Hospital,2025-12-01,Paediatric Ward,40,2,38,31,3,0,3,0,0,31,81.58,Normal,Bed Management System,True
BED002077,KPJ_01,JCORP Specialist Hospital,2025-12-02,Medical Ward,60,0,60,49,5,1,6,1,0,48,80.0,Normal,Bed Management System,True
BED002078,KPJ_01,JCORP Specialist Hospital,2025-12-02,Surgical Ward,55,0,55,42,5,1,6,1,0,41,74.55,Underutilised,Bed Management System,True
BED002079,KPJ_01,JCORP Specialist Hospital,2025-12-02,Maternity Ward,45,0,45,35,3,1,4,0,0,35,77.78,Normal,Bed Management System,True
BED002080,KPJ_01,JCORP Specialist Hospital,2025-12-02,Paediatric Ward,40,1,39,31,3,0,3,0,0,31,79.49,Normal,Bed Management System,True
BED002081,KPJ_01,JCORP Specialist Hospital,2025-12-03,Medical Ward,60,0,60,48,4,1,6,1,0,46,76.67,Normal,Bed Management System,True
BED002082,KPJ_01,JCORP Specialist Hospital,2025-12-03,Surgical Ward,55,0,55,41,4,0,6,0,0,39,70.91,Underutilised,Bed Management System,True
BED002083,KPJ_01,JCORP Specialist Hospital,2025-12-03,Maternity Ward,45,0,45,35,3,0,4,0,0,34,75.56,Normal,Bed Management System,True
BED002084,KPJ_01,JCORP Specialist Hospital,2025-12-03,Paediatric Ward,40,1,39,31,2,0,3,0,0,30,76.92,Normal,Bed Management System,True
BED002085,KPJ_01,JCORP Specialist Hospital,2025-12-04,Medical Ward,60,2,58,46,6,1,6,1,0,46,79.31,Normal,Bed Management System,True
BED002086,KPJ_01,JCORP Specialist Hospital,2025-12-04,Surgical Ward,55,0,55,39,5,1,5,0,0,40,72.73,Underutilised,Bed Management System,True
BED002087,KPJ_01,JCORP Specialist Hospital,2025-12-04,Maternity Ward,45,0,45,34,4,0,3,0,0,35,77.78,Normal,Bed Management System,True
BED002088,KPJ_01,JCORP Specialist Hospital,2025-12-04,Paediatric Ward,40,2,38,30,3,0,3,0,0,30,78.95,Normal,Bed Management System,True
BED002089,KPJ_01,JCORP Specialist Hospital,2025-12-05,Medical Ward,60,2,58,46,6,1,5,1,0,47,81.03,Normal,Bed Management System,True
BED002090,KPJ_01,JCORP Specialist Hospital,2025-12-05,Surgical Ward,55,2,53,40,5,1,4,1,0,41,77.36,Normal,Bed Management System,True
BED002091,KPJ_01,JCORP Specialist Hospital,2025-12-05,Maternity Ward,45,0,45,35,4,1,3,1,0,36,80.0,Normal,Bed Management System,True
BED002092,KPJ_01,JCORP Specialist Hospital,2025-12-05,Paediatric Ward,40,2,38,30,3,0,3,0,0,30,78.95,Normal,Bed Management System,True
BED002093,KPJ_01,JCORP Specialist Hospital,2025-12-06,Medical Ward,60,0,60,47,4,1,4,1,0,47,78.33,Normal,Bed Management System,True
BED002094,KPJ_01,JCORP Specialist Hospital,2025-12-06,Surgical Ward,55,1,54,41,3,0,3,1,0,40,74.07,Underutilised,Bed Management System,True
BED002095,KPJ_01,JCORP Specialist Hospital,2025-12-06,Maternity Ward,45,0,45,36,3,0,3,0,1,35,77.78,Normal,Bed Management System,True
BED002096,KPJ_01,JCORP Specialist Hospital,2025-12-06,Paediatric Ward,40,0,40,30,2,0,2,0,1,29,72.5,Underutilised,Bed Management System,True
BED002097,KPJ_01,JCORP Specialist Hospital,2025-12-07,Medical Ward,60,3,57,47,4,1,4,1,0,47,82.46,Normal,Bed Management System,True
BED002098,KPJ_01,JCORP Specialist Hospital,2025-12-07,Surgical Ward,55,0,55,40,3,1,3,0,0,41,74.55,Underutilised,Bed Management System,True
BED002099,KPJ_01,JCORP Specialist Hospital,2025-12-07,Maternity Ward,45,0,45,35,2,1,2,0,0,36,80.0,Normal,Bed Management System,True
BED002100,KPJ_01,JCORP Specialist Hospital,2025-12-07,Paediatric Ward,40,1,39,29,2,0,2,0,0,29,74.36,Underutilised,Bed Management System,True
BED002101,KPJ_01,JCORP Specialist Hospital,2025-12-08,Medical Ward,60,2,58,47,6,1,5,1,0,48,82.76,Normal,Bed Management System,True
BED002102,KPJ_01,JCORP Specialist Hospital,2025-12-08,Surgical Ward,55,3,52,41,5,1,5,0,0,42,80.77,Normal,Bed Management System,True
BED002103,KPJ_01,JCORP Specialist Hospital,2025-12-08,Maternity Ward,45,2,43,36,3,0,3,0,2,34,79.07,Normal,Bed Management System,True
BED002104,KPJ_01,JCORP Specialist Hospital,2025-12-08,Paediatric Ward,40,0,40,29,3,0,3,0,0,29,72.5,Underutilised,Bed Management System,True
BED002105,KPJ_01,JCORP Specialist Hospital,2025-12-09,Medical Ward,60,0,60,48,5,1,5,1,0,48,80.0,Normal,Bed Management System,True
BED002106,KPJ_01,JCORP Specialist Hospital,2025-12-09,Surgical Ward,55,3,52,42,5,0,5,0,0,42,80.77,Normal,Bed Management System,True
BED002107,KPJ_01,JCORP Specialist Hospital,2025-12-09,Maternity Ward,45,2,43,34,3,0,3,0,0,34,79.07,Normal,Bed Management System,True
BED002108,KPJ_01,JCORP Specialist Hospital,2025-12-09,Paediatric Ward,40,0,40,29,3,0,3,0,1,28,70.0,Underutilised,Bed Management System,True
BED002109,KPJ_01,JCORP Specialist Hospital,2025-12-10,Medical Ward,60,0,60,48,4,1,4,1,0,48,80.0,Normal,Bed Management System,True
BED002110,KPJ_01,JCORP Specialist Hospital,2025-12-10,Surgical Ward,55,0,55,42,4,1,3,0,0,44,80.0,Normal,Bed Management System,True
BED002111,KPJ_01,JCORP Specialist Hospital,2025-12-10,Maternity Ward,45,3,42,34,3,0,3,0,1,33,78.57,Normal,Bed Management System,True
BED002112,KPJ_01,JCORP Specialist Hospital,2025-12-10,Paediatric Ward,40,0,40,28,2,0,2,0,0,28,70.0,Underutilised,Bed Management System,True
BED002113,KPJ_01,JCORP Specialist Hospital,2025-12-11,Medical Ward,60,1,59,48,5,1,6,0,0,48,81.36,Normal,Bed Management System,True
BED002114,KPJ_01,JCORP Specialist Hospital,2025-12-11,Surgical Ward,55,0,55,44,4,1,5,0,0,44,80.0,Normal,Bed Management System,True
BED002115,KPJ_01,JCORP Specialist Hospital,2025-12-11,Maternity Ward,45,0,45,33,3,1,3,0,0,34,75.56,Normal,Bed Management System,True
BED002116,KPJ_01,JCORP Specialist Hospital,2025-12-11,Paediatric Ward,40,0,40,28,3,0,3,0,0,28,70.0,Underutilised,Bed Management System,True
BED002117,KPJ_01,JCORP Specialist Hospital,2025-12-12,Medical Ward,60,3,57,48,6,1,5,1,1,48,84.21,Normal,Bed Management System,True
BED002118,KPJ_01,JCORP Specialist Hospital,2025-12-12,Surgical Ward,55,0,55,44,5,1,5,1,0,44,80.0,Normal,Bed Management System,True
BED002119,KPJ_01,JCORP Specialist Hospital,2025-12-12,Maternity Ward,45,1,44,34,4,0,3,0,0,35,79.55,Normal,Bed Management System,True
BED002120,KPJ_01,JCORP Specialist Hospital,2025-12-12,Paediatric Ward,40,0,40,28,3,0,3,0,0,28,70.0,Underutilised,Bed Management System,True
BED002121,KPJ_01,JCORP Specialist Hospital,2025-12-13,Medical Ward,60,1,59,48,5,1,5,1,0,48,81.36,Normal,Bed Management System,True
BED002122,KPJ_01,JCORP Specialist Hospital,2025-12-13,Surgical Ward,55,0,55,44,4,1,4,0,0,45,81.82,Normal,Bed Management System,True
BED002123,KPJ_01,JCORP Specialist Hospital,2025-12-13,Maternity Ward,45,0,45,35,3,0,3,0,0,35,77.78,Normal,Bed Management System,True
BED002124,KPJ_01,JCORP Specialist Hospital,2025-12-13,Paediatric Ward,40,0,40,28,3,0,3,0,0,28,70.0,Underutilised,Bed Management System,True
BED002125,KPJ_01,JCORP Specialist Hospital,2025-12-14,Medical Ward,60,0,60,48,4,1,3,1,0,49,81.67,Normal,Bed Management System,True
BED002126,KPJ_01,JCORP Specialist Hospital,2025-12-14,Surgical Ward,55,2,53,45,3,0,3,0,2,43,81.13,Normal,Bed Management System,True
BED002127,KPJ_01,JCORP Specialist Hospital,2025-12-14,Maternity Ward,45,0,45,35,3,0,2,0,0,36,80.0,Normal,Bed Management System,True
BED002128,KPJ_01,JCORP Specialist Hospital,2025-12-14,Paediatric Ward,40,3,37,28,2,0,2,0,0,28,75.68,Normal,Bed Management System,True
BED002129,KPJ_01,JCORP Specialist Hospital,2025-12-15,Medical Ward,60,0,60,49,5,1,4,1,0,50,83.33,Normal,Bed Management System,True
BED002130,KPJ_01,JCORP Specialist Hospital,2025-12-15,Surgical Ward,55,0,55,43,4,0,3,1,0,43,78.18,Normal,Bed Management System,True
BED002131,KPJ_01,JCORP Specialist Hospital,2025-12-15,Maternity Ward,45,0,45,36,3,0,2,0,1,36,80.0,Normal,Bed Management System,True
BED002132,KPJ_01,JCORP Specialist Hospital,2025-12-15,Paediatric Ward,40,1,39,28,3,0,2,0,0,29,74.36,Underutilised,Bed Management System,True
BED002133,KPJ_01,JCORP Specialist Hospital,2025-12-16,Medical Ward,60,0,60,50,5,0,4,1,0,50,83.33,Normal,Bed Management System,True
BED002134,KPJ_01,JCORP Specialist Hospital,2025-12-16,Surgical Ward,55,0,55,43,4,0,3,0,1,43,78.18,Normal,Bed Management System,True
BED002135,KPJ_01,JCORP Specialist Hospital,2025-12-16,Maternity Ward,45,0,45,36,3,0,3,0,0,36,80.0,Normal,Bed Management System,True
BED002136,KPJ_01,JCORP Specialist Hospital,2025-12-16,Paediatric Ward,40,0,40,29,2,0,2,0,0,29,72.5,Underutilised,Bed Management System,True
BED002137,KPJ_01,JCORP Specialist Hospital,2025-12-17,Medical Ward,60,1,59,50,4,1,4,1,1,49,83.05,Normal,Bed Management System,True
BED002138,KPJ_01,JCORP Specialist Hospital,2025-12-17,Surgical Ward,55,0,55,43,4,1,3,0,0,45,81.82,Normal,Bed Management System,True
BED002139,KPJ_01,JCORP Specialist Hospital,2025-12-17,Maternity Ward,45,0,45,36,3,0,2,0,1,36,80.0,Normal,Bed Management System,True
BED002140,KPJ_01,JCORP Specialist Hospital,2025-12-17,Paediatric Ward,40,3,37,29,2,0,2,0,0,29,78.38,Normal,Bed Management System,True
BED002141,KPJ_01,JCORP Specialist Hospital,2025-12-18,Medical Ward,60,1,59,49,5,1,6,1,0,48,81.36,Normal,Bed Management System,True
BED002142,KPJ_01,JCORP Specialist Hospital,2025-12-18,Surgical Ward,55,2,53,45,4,1,5,0,1,44,83.02,Normal,Bed Management System,True
BED002143,KPJ_01,JCORP Specialist Hospital,2025-12-18,Maternity Ward,45,1,44,36,3,0,3,0,1,35,79.55,Normal,Bed Management System,True
BED002144,KPJ_01,JCORP Specialist Hospital,2025-12-18,Paediatric Ward,40,0,40,29,3,0,3,0,0,29,72.5,Underutilised,Bed Management System,True
BED002145,KPJ_01,JCORP Specialist Hospital,2025-12-19,Medical Ward,60,1,59,48,4,1,4,1,0,48,81.36,Normal,Bed Management System,True
BED002146,KPJ_01,JCORP Specialist Hospital,2025-12-19,Surgical Ward,55,0,55,44,3,1,4,1,0,43,78.18,Normal,Bed Management System,True
BED002147,KPJ_01,JCORP Specialist Hospital,2025-12-19,Maternity Ward,45,0,45,35,3,0,3,0,0,35,77.78,Normal,Bed Management System,True
BED002148,KPJ_01,JCORP Specialist Hospital,2025-12-19,Paediatric Ward,40,1,39,29,2,0,2,0,0,29,74.36,Underutilised,Bed Management System,True
BED002149,KPJ_01,JCORP Specialist Hospital,2025-12-20,Medical Ward,60,2,58,48,4,1,3,1,1,48,82.76,Normal,Bed Management System,True
BED002150,KPJ_01,JCORP Specialist Hospital,2025-12-20,Surgical Ward,55,1,54,43,4,0,3,1,0,43,79.63,Normal,Bed Management System,True
BED002151,KPJ_01,JCORP Specialist Hospital,2025-12-20,Maternity Ward,45,0,45,35,3,0,2,1,0,35,77.78,Normal,Bed Management System,True
BED002152,KPJ_01,JCORP Specialist Hospital,2025-12-20,Paediatric Ward,40,0,40,29,2,0,2,0,0,29,72.5,Underutilised,Bed Management System,True
BED002153,KPJ_01,JCORP Specialist Hospital,2025-12-21,Medical Ward,60,0,60,48,5,1,5,1,0,48,80.0,Normal,Bed Management System,True
BED002154,KPJ_01,JCORP Specialist Hospital,2025-12-21,Surgical Ward,55,0,55,43,5,1,4,1,0,44,80.0,Normal,Bed Management System,True
BED002155,KPJ_01,JCORP Specialist Hospital,2025-12-21,Maternity Ward,45,0,45,35,3,0,3,0,0,35,77.78,Normal,Bed Management System,True
BED002156,KPJ_01,JCORP Specialist Hospital,2025-12-21,Paediatric Ward,40,1,39,29,3,0,3,0,0,29,74.36,Underutilised,Bed Management System,True
BED002157,KPJ_01,JCORP Specialist Hospital,2025-12-22,Medical Ward,60,1,59,48,6,1,5,1,0,49,83.05,Normal,Bed Management System,True
BED002158,KPJ_01,JCORP Specialist Hospital,2025-12-22,Surgical Ward,55,0,55,44,5,1,4,0,0,46,83.64,Normal,Bed Management System,True
BED002159,KPJ_01,JCORP Specialist Hospital,2025-12-22,Maternity Ward,45,0,45,35,4,1,3,0,1,36,80.0,Normal,Bed Management System,True
BED002160,KPJ_01,JCORP Specialist Hospital,2025-12-22,Paediatric Ward,40,0,40,29,3,0,2,0,0,30,75.0,Normal,Bed Management System,True
BED002161,KPJ_01,JCORP Specialist Hospital,2025-12-23,Medical Ward,60,1,59,49,5,1,6,1,0,48,81.36,Normal,Bed Management System,True
BED002162,KPJ_01,JCORP Specialist Hospital,2025-12-23,Surgical Ward,55,2,53,46,5,0,6,1,0,44,83.02,Normal,Bed Management System,True
BED002163,KPJ_01,JCORP Specialist Hospital,2025-12-23,Maternity Ward,45,1,44,36,3,0,4,0,0,35,79.55,Normal,Bed Management System,True
BED002164,KPJ_01,JCORP Specialist Hospital,2025-12-23,Paediatric Ward,40,0,40,30,3,0,3,0,0,30,75.0,Normal,Bed Management System,True
BED002165,KPJ_01,JCORP Specialist Hospital,2025-12-24,Medical Ward,60,2,58,48,5,1,4,1,0,49,84.48,Normal,Bed Management System,True
BED002166,KPJ_01,JCORP Specialist Hospital,2025-12-24,Surgical Ward,55,2,53,44,4,1,4,0,1,44,83.02,Normal,Bed Management System,True
BED002167,KPJ_01,JCORP Specialist Hospital,2025-12-24,Maternity Ward,45,0,45,35,3,0,3,0,0,35,77.78,Normal,Bed Management System,True
BED002168,KPJ_01,JCORP Specialist Hospital,2025-12-24,Paediatric Ward,40,0,40,30,3,0,2,0,0,31,77.5,Normal,Bed Management System,True
BED002169,KPJ_01,JCORP Specialist Hospital,2025-12-25,Medical Ward,60,1,59,49,4,1,4,0,1,49,83.05,Normal,Bed Management System,True
BED002170,KPJ_01,JCORP Specialist Hospital,2025-12-25,Surgical Ward,55,0,55,44,4,0,3,0,0,45,81.82,Normal,Bed Management System,True
BED002171,KPJ_01,JCORP Specialist Hospital,2025-12-25,Maternity Ward,45,0,45,35,3,0,2,0,0,36,80.0,Normal,Bed Management System,True
BED002172,KPJ_01,JCORP Specialist Hospital,2025-12-25,Paediatric Ward,40,0,40,31,2,0,2,0,0,31,77.5,Normal,Bed Management System,True
BED002173,KPJ_01,JCORP Specialist Hospital,2025-12-26,Medical Ward,60,1,59,49,5,1,6,1,0,48,81.36,Normal,Bed Management System,True
BED002174,KPJ_01,JCORP Specialist Hospital,2025-12-26,Surgical Ward,55,0,55,45,5,0,5,1,0,44,80.0,Normal,Bed Management System,True
BED002175,KPJ_01,JCORP Specialist Hospital,2025-12-26,Maternity Ward,45,3,42,36,3,0,3,0,4,32,76.19,Normal,Bed Management System,True
BED002176,KPJ_01,JCORP Specialist Hospital,2025-12-26,Paediatric Ward,40,2,38,31,3,0,3,0,0,31,81.58,Normal,Bed Management System,True
BED002177,KPJ_01,JCORP Specialist Hospital,2025-12-27,Medical Ward,60,0,60,48,4,1,4,1,0,48,80.0,Normal,Bed Management System,True
BED002178,KPJ_01,JCORP Specialist Hospital,2025-12-27,Surgical Ward,55,0,55,44,3,1,3,0,0,45,81.82,Normal,Bed Management System,True
BED002179,KPJ_01,JCORP Specialist Hospital,2025-12-27,Maternity Ward,45,1,44,32,2,1,3,0,0,32,72.73,Underutilised,Bed Management System,True
BED002180,KPJ_01,JCORP Specialist Hospital,2025-12-27,Paediatric Ward,40,1,39,31,2,0,2,0,1,30,76.92,Normal,Bed Management System,True
BED002181,KPJ_01,JCORP Specialist Hospital,2025-12-28,Medical Ward,60,2,58,48,5,1,5,1,0,48,82.76,Normal,Bed Management System,True
BED002182,KPJ_01,JCORP Specialist Hospital,2025-12-28,Surgical Ward,55,0,55,45,4,1,4,1,0,45,81.82,Normal,Bed Management System,True
BED002183,KPJ_01,JCORP Specialist Hospital,2025-12-28,Maternity Ward,45,0,45,32,3,0,3,0,0,32,71.11,Underutilised,Bed Management System,True
BED002184,KPJ_01,JCORP Specialist Hospital,2025-12-28,Paediatric Ward,40,0,40,30,3,0,3,0,0,30,75.0,Normal,Bed Management System,True
BED002185,KPJ_01,JCORP Specialist Hospital,2025-12-29,Medical Ward,60,0,60,48,5,1,5,1,0,48,80.0,Normal,Bed Management System,True
BED002186,KPJ_01,JCORP Specialist Hospital,2025-12-29,Surgical Ward,55,2,53,45,4,1,4,1,1,44,83.02,Normal,Bed Management System,True
BED002187,KPJ_01,JCORP Specialist Hospital,2025-12-29,Maternity Ward,45,1,44,32,3,0,3,0,0,32,72.73,Underutilised,Bed Management System,True
BED002188,KPJ_01,JCORP Specialist Hospital,2025-12-29,Paediatric Ward,40,0,40,30,2,0,2,0,0,30,75.0,Normal,Bed Management System,True
BED002189,KPJ_01,JCORP Specialist Hospital,2025-12-30,Medical Ward,60,2,58,48,4,1,4,1,0,48,82.76,Normal,Bed Management System,True
BED002190,KPJ_01,JCORP Specialist Hospital,2025-12-30,Surgical Ward,55,0,55,44,3,1,4,1,1,42,76.36,Normal,Bed Management System,True
BED002191,KPJ_01,JCORP Specialist Hospital,2025-12-30,Maternity Ward,45,0,45,32,3,0,3,0,0,32,71.11,Underutilised,Bed Management System,True
BED002192,KPJ_01,JCORP Specialist Hospital,2025-12-30,Paediatric Ward,40,0,40,30,2,0,2,0,0,30,75.0,Normal,Bed Management System,True
BED002193,KPJ_01,JCORP Specialist Hospital,2025-12-31,Medical Ward,60,0,60,48,5,1,5,1,0,48,80.0,Normal,Bed Management System,True
BED002194,KPJ_01,JCORP Specialist Hospital,2025-12-31,Surgical Ward,55,0,55,42,4,1,4,0,0,43,78.18,Normal,Bed Management System,True
BED002195,KPJ_01,JCORP Specialist Hospital,2025-12-31,Maternity Ward,45,0,45,32,3,0,3,0,0,32,71.11,Underutilised,Bed Management System,True
BED002196,KPJ_01,JCORP Specialist Hospital,2025-12-31,Paediatric Ward,40,0,40,30,3,0,2,0,0,31,77.5,Normal,Bed Management System,True
BED002197,KPJ_01,JCORP Specialist Hospital,2026-01-01,Medical Ward,60,1,59,48,5,1,3,1,0,50,84.75,Normal,Bed Management System,True
BED002198,KPJ_01,JCORP Specialist Hospital,2026-01-01,Surgical Ward,55,1,54,43,4,0,3,0,0,44,81.48,Normal,Bed Management System,True
BED002199,KPJ_01,JCORP Specialist Hospital,2026-01-01,Maternity Ward,45,0,45,32,3,0,2,0,0,33,73.33,Underutilised,Bed Management System,True
BED002200,KPJ_01,JCORP Specialist Hospital,2026-01-01,Paediatric Ward,40,3,37,31,2,0,1,0,2,30,81.08,Normal,Bed Management System,True
BED002201,KPJ_01,JCORP Specialist Hospital,2026-01-02,Medical Ward,60,0,60,50,4,1,2,1,0,52,86.67,High,Bed Management System,True
BED002202,KPJ_01,JCORP Specialist Hospital,2026-01-02,Surgical Ward,55,1,54,44,3,0,2,1,0,44,81.48,Normal,Bed Management System,True
BED002203,KPJ_01,JCORP Specialist Hospital,2026-01-02,Maternity Ward,45,3,42,33,2,0,1,0,0,34,80.95,Normal,Bed Management System,True
BED002204,KPJ_01,JCORP Specialist Hospital,2026-01-02,Paediatric Ward,40,2,38,30,2,0,1,0,0,31,81.58,Normal,Bed Management System,True
BED002205,KPJ_01,JCORP Specialist Hospital,2026-01-03,Medical Ward,60,0,60,52,5,1,4,1,1,52,86.67,High,Bed Management System,True
BED002206,KPJ_01,JCORP Specialist Hospital,2026-01-03,Surgical Ward,55,0,55,44,5,1,3,1,1,45,81.82,Normal,Bed Management System,True
BED002207,KPJ_01,JCORP Specialist Hospital,2026-01-03,Maternity Ward,45,0,45,34,3,0,3,1,0,33,73.33,Underutilised,Bed Management System,True
BED002208,KPJ_01,JCORP Specialist Hospital,2026-01-03,Paediatric Ward,40,0,40,31,3,0,2,0,0,32,80.0,Normal,Bed Management System,True
BED002209,KPJ_01,JCORP Specialist Hospital,2026-01-04,Medical Ward,60,2,58,52,5,1,5,1,2,50,86.21,High,Bed Management System,True
BED002210,KPJ_01,JCORP Specialist Hospital,2026-01-04,Surgical Ward,55,1,54,45,4,1,4,0,0,46,85.19,High,Bed Management System,True
BED002211,KPJ_01,JCORP Specialist Hospital,2026-01-04,Maternity Ward,45,0,45,33,3,0,3,0,0,33,73.33,Underutilised,Bed Management System,True
BED002212,KPJ_01,JCORP Specialist Hospital,2026-01-04,Paediatric Ward,40,0,40,32,2,0,2,0,0,32,80.0,Normal,Bed Management System,True
BED002213,KPJ_01,JCORP Specialist Hospital,2026-01-05,Medical Ward,60,0,60,50,5,1,4,1,0,51,85.0,Normal,Bed Management System,True
BED002214,KPJ_01,JCORP Specialist Hospital,2026-01-05,Surgical Ward,55,1,54,46,4,0,3,0,1,46,85.19,High,Bed Management System,True
BED002215,KPJ_01,JCORP Specialist Hospital,2026-01-05,Maternity Ward,45,0,45,33,3,0,3,0,0,33,73.33,Underutilised,Bed Management System,True
BED002216,KPJ_01,JCORP Specialist Hospital,2026-01-05,Paediatric Ward,40,0,40,32,3,0,2,0,0,33,82.5,Normal,Bed Management System,True
BED002217,KPJ_01,JCORP Specialist Hospital,2026-01-06,Medical Ward,60,1,59,51,5,1,4,1,1,51,86.44,High,Bed Management System,True
BED002218,KPJ_01,JCORP Specialist Hospital,2026-01-06,Surgical Ward,55,0,55,46,4,0,3,1,0,46,83.64,Normal,Bed Management System,True
BED002219,KPJ_01,JCORP Specialist Hospital,2026-01-06,Maternity Ward,45,0,45,33,3,0,3,1,0,32,71.11,Underutilised,Bed Management System,True
BED002220,KPJ_01,JCORP Specialist Hospital,2026-01-06,Paediatric Ward,40,2,38,33,2,0,2,0,1,32,84.21,Normal,Bed Management System,True
BED002221,KPJ_01,JCORP Specialist Hospital,2026-01-07,Medical Ward,60,0,60,51,6,1,5,1,0,52,86.67,High,Bed Management System,True
BED002222,KPJ_01,JCORP Specialist Hospital,2026-01-07,Surgical Ward,55,0,55,46,5,1,4,1,0,47,85.45,High,Bed Management System,True
BED002223,KPJ_01,JCORP Specialist Hospital,2026-01-07,Maternity Ward,45,1,44,32,3,1,3,0,1,32,72.73,Underutilised,Bed Management System,True
BED002224,KPJ_01,JCORP Specialist Hospital,2026-01-07,Paediatric Ward,40,0,40,32,3,0,3,0,0,32,80.0,Normal,Bed Management System,True
BED002225,KPJ_01,JCORP Specialist Hospital,2026-01-08,Medical Ward,60,1,59,52,4,1,4,1,1,51,86.44,High,Bed Management System,True
BED002226,KPJ_01,JCORP Specialist Hospital,2026-01-08,Surgical Ward,55,0,55,47,4,1,3,0,2,47,85.45,High,Bed Management System,True
BED002227,KPJ_01,JCORP Specialist Hospital,2026-01-08,Maternity Ward,45,1,44,32,3,0,3,0,0,32,72.73,Underutilised,Bed Management System,True
BED002228,KPJ_01,JCORP Specialist Hospital,2026-01-08,Paediatric Ward,40,2,38,32,2,0,2,0,0,32,84.21,Normal,Bed Management System,True
BED002229,KPJ_01,JCORP Specialist Hospital,2026-01-09,Medical Ward,60,3,57,51,4,1,4,1,2,49,85.96,High,Bed Management System,True
BED002230,KPJ_01,JCORP Specialist Hospital,2026-01-09,Surgical Ward,55,0,55,47,4,0,3,1,0,47,85.45,High,Bed Management System,True
BED002231,KPJ_01,JCORP Specialist Hospital,2026-01-09,Maternity Ward,45,2,43,32,3,0,2,0,0,33,76.74,Normal,Bed Management System,True
BED002232,KPJ_01,JCORP Specialist Hospital,2026-01-09,Paediatric Ward,40,1,39,32,2,0,2,0,0,32,82.05,Normal,Bed Management System,True
BED002233,KPJ_01,JCORP Specialist Hospital,2026-01-10,Medical Ward,60,0,60,49,6,0,6,1,0,48,80.0,Normal,Bed Management System,True
BED002234,KPJ_01,JCORP Specialist Hospital,2026-01-10,Surgical Ward,55,1,54,47,5,0,6,0,0,46,85.19,High,Bed Management System,True
BED002235,KPJ_01,JCORP Specialist Hospital,2026-01-10,Maternity Ward,45,2,43,33,3,0,4,0,0,32,74.42,Underutilised,Bed Management System,True
BED002236,KPJ_01,JCORP Specialist Hospital,2026-01-10,Paediatric Ward,40,1,39,32,3,0,3,0,0,32,82.05,Normal,Bed Management System,True
BED002237,KPJ_01,JCORP Specialist Hospital,2026-01-11,Medical Ward,60,1,59,48,6,1,7,0,0,48,81.36,Normal,Bed Management System,True
BED002238,KPJ_01,JCORP Specialist Hospital,2026-01-11,Surgical Ward,55,0,55,46,6,0,6,0,0,46,83.64,Normal,Bed Management System,True
BED002239,KPJ_01,JCORP Specialist Hospital,2026-01-11,Maternity Ward,45,2,43,32,4,0,4,0,0,32,74.42,Underutilised,Bed Management System,True
BED002240,KPJ_01,JCORP Specialist Hospital,2026-01-11,Paediatric Ward,40,2,38,32,3,0,3,0,0,32,84.21,Normal,Bed Management System,True
BED002241,KPJ_01,JCORP Specialist Hospital,2026-01-12,Medical Ward,60,0,60,48,4,1,4,1,0,48,80.0,Normal,Bed Management System,True
BED002242,KPJ_01,JCORP Specialist Hospital,2026-01-12,Surgical Ward,55,0,55,46,3,0,3,0,0,46,83.64,Normal,Bed Management System,True
BED002243,KPJ_01,JCORP Specialist Hospital,2026-01-12,Maternity Ward,45,0,45,32,2,0,2,0,0,32,71.11,Underutilised,Bed Management System,True
BED002244,KPJ_01,JCORP Specialist Hospital,2026-01-12,Paediatric Ward,40,0,40,32,2,0,2,0,0,32,80.0,Normal,Bed Management System,True
BED002245,KPJ_01,JCORP Specialist Hospital,2026-01-13,Medical Ward,60,0,60,48,6,1,5,1,0,49,81.67,Normal,Bed Management System,True
BED002246,KPJ_01,JCORP Specialist Hospital,2026-01-13,Surgical Ward,55,0,55,46,5,0,5,1,0,45,81.82,Normal,Bed Management System,True
BED002247,KPJ_01,JCORP Specialist Hospital,2026-01-13,Maternity Ward,45,0,45,32,3,0,3,0,0,32,71.11,Underutilised,Bed Management System,True
BED002248,KPJ_01,JCORP Specialist Hospital,2026-01-13,Paediatric Ward,40,1,39,32,3,0,3,0,0,32,82.05,Normal,Bed Management System,True
BED002249,KPJ_01,JCORP Specialist Hospital,2026-01-14,Medical Ward,60,0,60,49,5,1,4,1,1,49,81.67,Normal,Bed Management System,True
BED002250,KPJ_01,JCORP Specialist Hospital,2026-01-14,Surgical Ward,55,0,55,45,4,1,3,0,0,47,85.45,High,Bed Management System,True
BED002251,KPJ_01,JCORP Specialist Hospital,2026-01-14,Maternity Ward,45,0,45,32,3,1,2,0,0,34,75.56,Normal,Bed Management System,True
BED002252,KPJ_01,JCORP Specialist Hospital,2026-01-14,Paediatric Ward,40,2,38,32,3,0,2,0,2,31,81.58,Normal,Bed Management System,True
BED002253,KPJ_01,JCORP Specialist Hospital,2026-01-15,Medical Ward,60,0,60,49,4,1,3,1,0,50,83.33,Normal,Bed Management System,True
BED002254,KPJ_01,JCORP Specialist Hospital,2026-01-15,Surgical Ward,55,1,54,47,3,0,3,1,0,46,85.19,High,Bed Management System,True
BED002255,KPJ_01,JCORP Specialist Hospital,2026-01-15,Maternity Ward,45,0,45,34,3,0,2,0,0,35,77.78,Normal,Bed Management System,True
BED002256,KPJ_01,JCORP Specialist Hospital,2026-01-15,Paediatric Ward,40,0,40,31,2,0,2,0,0,31,77.5,Normal,Bed Management System,True
BED002257,KPJ_01,JCORP Specialist Hospital,2026-01-16,Medical Ward,60,1,59,50,5,1,4,1,0,51,86.44,High,Bed Management System,True
BED002258,KPJ_01,JCORP Specialist Hospital,2026-01-16,Surgical Ward,55,0,55,46,4,0,3,1,0,46,83.64,Normal,Bed Management System,True
BED002259,KPJ_01,JCORP Specialist Hospital,2026-01-16,Maternity Ward,45,0,45,35,3,0,2,1,0,35,77.78,Normal,Bed Management System,True
BED002260,KPJ_01,JCORP Specialist Hospital,2026-01-16,Paediatric Ward,40,2,38,31,3,0,2,0,0,32,84.21,Normal,Bed Management System,True
BED002261,KPJ_01,JCORP Specialist Hospital,2026-01-17,Medical Ward,60,2,58,51,4,1,3,1,2,50,86.21,High,Bed Management System,True
BED002262,KPJ_01,JCORP Specialist Hospital,2026-01-17,Surgical Ward,55,0,55,46,4,1,3,1,0,47,85.45,High,Bed Management System,True
BED002263,KPJ_01,JCORP Specialist Hospital,2026-01-17,Maternity Ward,45,1,44,35,3,0,2,0,1,35,79.55,Normal,Bed Management System,True
BED002264,KPJ_01,JCORP Specialist Hospital,2026-01-17,Paediatric Ward,40,0,40,32,2,0,2,0,0,32,80.0,Normal,Bed Management System,True
BED002265,KPJ_01,JCORP Specialist Hospital,2026-01-18,Medical Ward,60,1,59,50,5,1,5,0,0,51,86.44,High,Bed Management System,True
BED002266,KPJ_01,JCORP Specialist Hospital,2026-01-18,Surgical Ward,55,0,55,47,5,1,4,0,2,47,85.45,High,Bed Management System,True
BED002267,KPJ_01,JCORP Specialist Hospital,2026-01-18,Maternity Ward,45,1,44,35,3,0,3,0,0,35,79.55,Normal,Bed Management System,True
BED002268,KPJ_01,JCORP Specialist Hospital,2026-01-18,Paediatric Ward,40,0,40,32,3,0,3,0,0,32,80.0,Normal,Bed Management System,True
BED002269,KPJ_01,JCORP Specialist Hospital,2026-01-19,Medical Ward,60,0,60,51,5,1,6,1,0,50,83.33,Normal,Bed Management System,True
BED002270,KPJ_01,JCORP Specialist Hospital,2026-01-19,Surgical Ward,55,0,55,47,4,0,6,0,0,45,81.82,Normal,Bed Management System,True
BED002271,KPJ_01,JCORP Specialist Hospital,2026-01-19,Maternity Ward,45,0,45,35,3,0,4,0,1,33,73.33,Underutilised,Bed Management System,True
BED002272,KPJ_01,JCORP Specialist Hospital,2026-01-19,Paediatric Ward,40,0,40,32,3,0,3,0,0,32,80.0,Normal,Bed Management System,True
BED002273,KPJ_01,JCORP Specialist Hospital,2026-01-20,Medical Ward,60,0,60,50,6,1,5,1,0,51,85.0,Normal,Bed Management System,True
BED002274,KPJ_01,JCORP Specialist Hospital,2026-01-20,Surgical Ward,55,0,55,45,5,1,5,0,0,46,83.64,Normal,Bed Management System,True
BED002275,KPJ_01,JCORP Specialist Hospital,2026-01-20,Maternity Ward,45,0,45,33,4,0,3,0,0,34,75.56,Normal,Bed Management System,True
BED002276,KPJ_01,JCORP Specialist Hospital,2026-01-20,Paediatric Ward,40,0,40,32,3,0,3,0,0,32,80.0,Normal,Bed Management System,True
BED002277,KPJ_01,JCORP Specialist Hospital,2026-01-21,Medical Ward,60,0,60,51,5,1,5,1,0,51,85.0,Normal,Bed Management System,True
BED002278,KPJ_01,JCORP Specialist Hospital,2026-01-21,Surgical Ward,55,0,55,46,4,1,4,1,0,46,83.64,Normal,Bed Management System,True
BED002279,KPJ_01,JCORP Specialist Hospital,2026-01-21,Maternity Ward,45,3,42,34,3,0,3,0,0,34,80.95,Normal,Bed Management System,True
BED002280,KPJ_01,JCORP Specialist Hospital,2026-01-21,Paediatric Ward,40,0,40,32,3,0,2,0,1,32,80.0,Normal,Bed Management System,True
BED002281,KPJ_01,JCORP Specialist Hospital,2026-01-22,Medical Ward,60,1,59,51,5,1,5,1,0,51,86.44,High,Bed Management System,True
BED002282,KPJ_01,JCORP Specialist Hospital,2026-01-22,Surgical Ward,55,0,55,46,4,1,4,0,0,47,85.45,High,Bed Management System,True
BED002283,KPJ_01,JCORP Specialist Hospital,2026-01-22,Maternity Ward,45,0,45,34,3,0,3,0,0,34,75.56,Normal,Bed Management System,True
BED002284,KPJ_01,JCORP Specialist Hospital,2026-01-22,Paediatric Ward,40,1,39,32,2,0,2,0,0,32,82.05,Normal,Bed Management System,True
BED002285,KPJ_01,JCORP Specialist Hospital,2026-01-23,Medical Ward,60,0,60,51,4,1,4,1,0,51,85.0,Normal,Bed Management System,True
BED002286,KPJ_01,JCORP Specialist Hospital,2026-01-23,Surgical Ward,55,1,54,47,4,1,3,1,3,45,83.33,Normal,Bed Management System,True
BED002287,KPJ_01,JCORP Specialist Hospital,2026-01-23,Maternity Ward,45,0,45,34,3,1,2,0,1,35,77.78,Normal,Bed Management System,True
BED002288,KPJ_01,JCORP Specialist Hospital,2026-01-23,Paediatric Ward,40,2,38,32,2,0,2,0,0,32,84.21,Normal,Bed Management System,True
BED002289,KPJ_01,JCORP Specialist Hospital,2026-01-24,Medical Ward,60,0,60,51,6,1,6,1,0,51,85.0,Normal,Bed Management System,True
BED002290,KPJ_01,JCORP Specialist Hospital,2026-01-24,Surgical Ward,55,0,55,45,6,0,5,0,0,46,83.64,Normal,Bed Management System,True
BED002291,KPJ_01,JCORP Specialist Hospital,2026-01-24,Maternity Ward,45,1,44,35,4,0,4,0,0,35,79.55,Normal,Bed Management System,True
BED002292,KPJ_01,JCORP Specialist Hospital,2026-01-24,Paediatric Ward,40,0,40,32,3,0,3,0,0,32,80.0,Normal,Bed Management System,True
BED002293,KPJ_01,JCORP Specialist Hospital,2026-01-25,Medical Ward,60,1,59,51,4,1,4,1,0,51,86.44,High,Bed Management System,True
BED002294,KPJ_01,JCORP Specialist Hospital,2026-01-25,Surgical Ward,55,3,52,46,4,1,3,1,3,44,84.62,Normal,Bed Management System,True
BED002295,KPJ_01,JCORP Specialist Hospital,2026-01-25,Maternity Ward,45,1,44,35,3,0,3,0,0,35,79.55,Normal,Bed Management System,True
BED002296,KPJ_01,JCORP Specialist Hospital,2026-01-25,Paediatric Ward,40,0,40,32,2,0,2,0,0,32,80.0,Normal,Bed Management System,True
BED002297,KPJ_01,JCORP Specialist Hospital,2026-01-26,Medical Ward,60,1,59,51,5,1,5,0,1,51,86.44,High,Bed Management System,True
BED002298,KPJ_01,JCORP Specialist Hospital,2026-01-26,Surgical Ward,55,0,55,44,4,0,4,0,0,44,80.0,Normal,Bed Management System,True
BED002299,KPJ_01,JCORP Specialist Hospital,2026-01-26,Maternity Ward,45,0,45,35,3,0,3,0,0,35,77.78,Normal,Bed Management System,True
BED002300,KPJ_01,JCORP Specialist Hospital,2026-01-26,Paediatric Ward,40,0,40,32,2,0,2,0,0,32,80.0,Normal,Bed Management System,True
BED002301,KPJ_01,JCORP Specialist Hospital,2026-01-27,Medical Ward,60,0,60,51,6,1,5,1,0,52,86.67,High,Bed Management System,True
BED002302,KPJ_01,JCORP Specialist Hospital,2026-01-27,Surgical Ward,55,0,55,44,5,1,4,0,0,46,83.64,Normal,Bed Management System,True
BED002303,KPJ_01,JCORP Specialist Hospital,2026-01-27,Maternity Ward,45,0,45,35,4,1,3,0,0,37,82.22,Normal,Bed Management System,True
BED002304,KPJ_01,JCORP Specialist Hospital,2026-01-27,Paediatric Ward,40,3,37,32,3,0,2,0,2,31,83.78,Normal,Bed Management System,True
BED002305,KPJ_01,JCORP Specialist Hospital,2026-01-28,Medical Ward,60,0,60,52,5,1,4,1,2,51,85.0,Normal,Bed Management System,True
BED002306,KPJ_01,JCORP Specialist Hospital,2026-01-28,Surgical Ward,55,2,53,46,4,1,3,1,2,45,84.91,Normal,Bed Management System,True
BED002307,KPJ_01,JCORP Specialist Hospital,2026-01-28,Maternity Ward,45,1,44,37,3,0,3,1,1,35,79.55,Normal,Bed Management System,True
BED002308,KPJ_01,JCORP Specialist Hospital,2026-01-28,Paediatric Ward,40,0,40,31,3,0,2,0,0,32,80.0,Normal,Bed Management System,True
BED002309,KPJ_01,JCORP Specialist Hospital,2026-01-29,Medical Ward,60,0,60,51,5,0,5,1,0,50,83.33,Normal,Bed Management System,True
BED002310,KPJ_01,JCORP Specialist Hospital,2026-01-29,Surgical Ward,55,1,54,45,4,0,5,1,0,43,79.63,Normal,Bed Management System,True
BED002311,KPJ_01,JCORP Specialist Hospital,2026-01-29,Maternity Ward,45,0,45,35,3,0,3,0,0,35,77.78,Normal,Bed Management System,True
BED002312,KPJ_01,JCORP Specialist Hospital,2026-01-29,Paediatric Ward,40,0,40,32,3,0,3,0,0,32,80.0,Normal,Bed Management System,True
BED002313,KPJ_01,JCORP Specialist Hospital,2026-01-30,Medical Ward,60,1,59,50,6,1,5,1,0,51,86.44,High,Bed Management System,True
BED002314,KPJ_01,JCORP Specialist Hospital,2026-01-30,Surgical Ward,55,1,54,43,5,0,5,1,0,42,77.78,Normal,Bed Management System,True
BED002315,KPJ_01,JCORP Specialist Hospital,2026-01-30,Maternity Ward,45,0,45,35,4,0,3,0,0,36,80.0,Normal,Bed Management System,True
BED002316,KPJ_01,JCORP Specialist Hospital,2026-01-30,Paediatric Ward,40,0,40,32,3,0,3,0,0,32,80.0,Normal,Bed Management System,True
BED002317,KPJ_01,JCORP Specialist Hospital,2026-01-31,Medical Ward,60,0,60,51,5,1,5,1,0,51,85.0,Normal,Bed Management System,True
BED002318,KPJ_01,JCORP Specialist Hospital,2026-01-31,Surgical Ward,55,1,54,42,5,0,5,0,0,42,77.78,Normal,Bed Management System,True
BED002319,KPJ_01,JCORP Specialist Hospital,2026-01-31,Maternity Ward,45,1,44,36,3,0,3,0,0,36,81.82,Normal,Bed Management System,True
BED002320,KPJ_01,JCORP Specialist Hospital,2026-01-31,Paediatric Ward,40,0,40,32,3,0,3,0,0,32,80.0,Normal,Bed Management System,True
BED002321,KPJ_01,JCORP Specialist Hospital,2026-02-01,Medical Ward,60,0,60,51,6,1,7,1,0,50,83.33,Normal,Bed Management System,True
BED002322,KPJ_01,JCORP Specialist Hospital,2026-02-01,Surgical Ward,55,0,55,42,5,1,6,0,0,42,76.36,Normal,Bed Management System,True
BED002323,KPJ_01,JCORP Specialist Hospital,2026-02-01,Maternity Ward,45,0,45,36,4,0,5,0,0,35,77.78,Normal,Bed Management System,True
BED002324,KPJ_01,JCORP Specialist Hospital,2026-02-01,Paediatric Ward,40,0,40,32,3,0,3,0,0,32,80.0,Normal,Bed Management System,True
BED002325,KPJ_01,JCORP Specialist Hospital,2026-02-02,Medical Ward,60,2,58,50,5,1,6,0,0,50,86.21,High,Bed Management System,True
BED002326,KPJ_01,JCORP Specialist Hospital,2026-02-02,Surgical Ward,55,0,55,42,5,1,5,0,1,42,76.36,Normal,Bed Management System,True
BED002327,KPJ_01,JCORP Specialist Hospital,2026-02-02,Maternity Ward,45,0,45,35,3,1,4,0,0,35,77.78,Normal,Bed Management System,True
BED002328,KPJ_01,JCORP Specialist Hospital,2026-02-02,Paediatric Ward,40,0,40,32,3,0,3,0,0,32,80.0,Normal,Bed Management System,True
BED002329,KPJ_01,JCORP Specialist Hospital,2026-02-03,Medical Ward,60,0,60,50,5,1,5,1,0,50,83.33,Normal,Bed Management System,True
BED002330,KPJ_01,JCORP Specialist Hospital,2026-02-03,Surgical Ward,55,0,55,42,4,1,4,1,0,42,76.36,Normal,Bed Management System,True
BED002331,KPJ_01,JCORP Specialist Hospital,2026-02-03,Maternity Ward,45,0,45,35,3,0,3,0,0,35,77.78,Normal,Bed Management System,True
BED002332,KPJ_01,JCORP Specialist Hospital,2026-02-03,Paediatric Ward,40,0,40,32,2,0,3,0,0,31,77.5,Normal,Bed Management System,True
BED002333,KPJ_01,JCORP Specialist Hospital,2026-02-04,Medical Ward,60,2,58,50,5,1,4,0,2,50,86.21,High,Bed Management System,True
BED002334,KPJ_01,JCORP Specialist Hospital,2026-02-04,Surgical Ward,55,0,55,42,5,1,4,0,0,44,80.0,Normal,Bed Management System,True
BED002335,KPJ_01,JCORP Specialist Hospital,2026-02-04,Maternity Ward,45,0,45,35,3,0,3,0,0,35,77.78,Normal,Bed Management System,True
BED002336,KPJ_01,JCORP Specialist Hospital,2026-02-04,Paediatric Ward,40,1,39,31,3,0,2,0,0,32,82.05,Normal,Bed Management System,True
BED002337,KPJ_01,JCORP Specialist Hospital,2026-02-05,Medical Ward,60,0,60,50,4,1,3,1,0,51,85.0,Normal,Bed Management System,True
BED002338,KPJ_01,JCORP Specialist Hospital,2026-02-05,Surgical Ward,55,0,55,44,3,1,2,0,1,45,81.82,Normal,Bed Management System,True
BED002339,KPJ_01,JCORP Specialist Hospital,2026-02-05,Maternity Ward,45,0,45,35,3,1,2,0,0,37,82.22,Normal,Bed Management System,True
BED002340,KPJ_01,JCORP Specialist Hospital,2026-02-05,Paediatric Ward,40,1,39,32,2,0,1,0,0,33,84.62,Normal,Bed Management System,True
BED002341,KPJ_01,JCORP Specialist Hospital,2026-02-06,Medical Ward,60,0,60,51,5,1,4,1,0,52,86.67,High,Bed Management System,True
BED002342,KPJ_01,JCORP Specialist Hospital,2026-02-06,Surgical Ward,55,0,55,45,4,1,4,0,1,45,81.82,Normal,Bed Management System,True
BED002343,KPJ_01,JCORP Specialist Hospital,2026-02-06,Maternity Ward,45,0,45,37,3,0,3,0,0,37,82.22,Normal,Bed Management System,True
BED002344,KPJ_01,JCORP Specialist Hospital,2026-02-06,Paediatric Ward,40,0,40,33,2,0,2,0,0,33,82.5,Normal,Bed Management System,True
BED002345,KPJ_01,JCORP Specialist Hospital,2026-02-07,Medical Ward,60,1,59,52,5,1,6,1,0,51,86.44,High,Bed Management System,True
BED002346,KPJ_01,JCORP Specialist Hospital,2026-02-07,Surgical Ward,55,0,55,45,5,1,5,1,0,45,81.82,Normal,Bed Management System,True
BED002347,KPJ_01,JCORP Specialist Hospital,2026-02-07,Maternity Ward,45,1,44,37,3,0,3,0,1,36,81.82,Normal,Bed Management System,True
BED002348,KPJ_01,JCORP Specialist Hospital,2026-02-07,Paediatric Ward,40,0,40,33,3,0,3,0,0,33,82.5,Normal,Bed Management System,True
BED002349,KPJ_01,JCORP Specialist Hospital,2026-02-08,Medical Ward,60,0,60,51,5,1,3,1,1,52,86.67,High,Bed Management System,True
BED002350,KPJ_01,JCORP Specialist Hospital,2026-02-08,Surgical Ward,55,0,55,45,4,1,3,1,0,46,83.64,Normal,Bed Management System,True
BED002351,KPJ_01,JCORP Specialist Hospital,2026-02-08,Maternity Ward,45,0,45,36,3,0,2,0,0,37,82.22,Normal,Bed Management System,True
BED002352,KPJ_01,JCORP Specialist Hospital,2026-02-08,Paediatric Ward,40,1,39,33,2,0,2,0,0,33,84.62,Normal,Bed Management System,True
BED002353,KPJ_01,JCORP Specialist Hospital,2026-02-09,Medical Ward,60,0,60,52,4,1,4,1,0,52,86.67,High,Bed Management System,True
BED002354,KPJ_01,JCORP Specialist Hospital,2026-02-09,Surgical Ward,55,0,55,46,3,0,4,0,0,45,81.82,Normal,Bed Management System,True
BED002355,KPJ_01,JCORP Specialist Hospital,2026-02-09,Maternity Ward,45,0,45,37,3,0,3,0,0,37,82.22,Normal,Bed Management System,True
BED002356,KPJ_01,JCORP Specialist Hospital,2026-02-09,Paediatric Ward,40,2,38,33,2,0,2,0,1,32,84.21,Normal,Bed Management System,True
BED002357,KPJ_01,JCORP Specialist Hospital,2026-02-10,Medical Ward,60,0,60,52,5,0,5,0,0,52,86.67,High,Bed Management System,True
BED002358,KPJ_01,JCORP Specialist Hospital,2026-02-10,Surgical Ward,55,0,55,45,4,0,5,0,0,44,80.0,Normal,Bed Management System,True
BED002359,KPJ_01,JCORP Specialist Hospital,2026-02-10,Maternity Ward,45,0,45,37,3,0,3,0,0,37,82.22,Normal,Bed Management System,True
BED002360,KPJ_01,JCORP Specialist Hospital,2026-02-10,Paediatric Ward,40,0,40,32,3,0,3,0,0,32,80.0,Normal,Bed Management System,True
BED002361,KPJ_01,JCORP Specialist Hospital,2026-02-11,Medical Ward,60,2,58,52,4,1,4,0,3,50,86.21,High,Bed Management System,True
BED002362,KPJ_01,JCORP Specialist Hospital,2026-02-11,Surgical Ward,55,0,55,44,4,1,4,0,0,45,81.82,Normal,Bed Management System,True
BED002363,KPJ_01,JCORP Specialist Hospital,2026-02-11,Maternity Ward,45,0,45,37,3,0,3,0,0,37,82.22,Normal,Bed Management System,True
BED002364,KPJ_01,JCORP Specialist Hospital,2026-02-11,Paediatric Ward,40,0,40,32,2,0,2,0,0,32,80.0,Normal,Bed Management System,True
BED002365,KPJ_01,JCORP Specialist Hospital,2026-02-12,Medical Ward,60,0,60,50,5,1,6,1,0,49,81.67,Normal,Bed Management System,True
BED002366,KPJ_01,JCORP Specialist Hospital,2026-02-12,Surgical Ward,55,3,52,45,4,1,5,0,1,44,84.62,Normal,Bed Management System,True
BED002367,KPJ_01,JCORP Specialist Hospital,2026-02-12,Maternity Ward,45,1,44,37,3,1,4,0,1,36,81.82,Normal,Bed Management System,True
BED002368,KPJ_01,JCORP Specialist Hospital,2026-02-12,Paediatric Ward,40,0,40,32,3,0,3,0,0,32,80.0,Normal,Bed Management System,True
BED002369,KPJ_01,JCORP Specialist Hospital,2026-02-13,Medical Ward,60,0,60,49,4,1,4,1,0,49,81.67,Normal,Bed Management System,True
BED002370,KPJ_01,JCORP Specialist Hospital,2026-02-13,Surgical Ward,55,1,54,44,4,1,4,1,0,44,81.48,Normal,Bed Management System,True
BED002371,KPJ_01,JCORP Specialist Hospital,2026-02-13,Maternity Ward,45,1,44,36,3,1,3,0,1,36,81.82,Normal,Bed Management System,True
BED002372,KPJ_01,JCORP Specialist Hospital,2026-02-13,Paediatric Ward,40,0,40,32,2,0,2,0,0,32,80.0,Normal,Bed Management System,True
BED002373,KPJ_01,JCORP Specialist Hospital,2026-02-14,Medical Ward,60,1,59,49,6,1,6,1,0,49,83.05,Normal,Bed Management System,True
BED002374,KPJ_01,JCORP Specialist Hospital,2026-02-14,Surgical Ward,55,1,54,44,5,1,5,0,0,45,83.33,Normal,Bed Management System,True
BED002375,KPJ_01,JCORP Specialist Hospital,2026-02-14,Maternity Ward,45,2,43,36,4,0,4,0,1,35,81.4,Normal,Bed Management System,True
BED002376,KPJ_01,JCORP Specialist Hospital,2026-02-14,Paediatric Ward,40,0,40,32,3,0,3,0,0,32,80.0,Normal,Bed Management System,True
BED002377,KPJ_01,JCORP Specialist Hospital,2026-02-15,Medical Ward,60,1,59,49,5,1,5,1,0,49,83.05,Normal,Bed Management System,True
BED002378,KPJ_01,JCORP Specialist Hospital,2026-02-15,Surgical Ward,55,0,55,45,4,1,4,1,0,45,81.82,Normal,Bed Management System,True
BED002379,KPJ_01,JCORP Specialist Hospital,2026-02-15,Maternity Ward,45,0,45,35,3,0,3,0,0,35,77.78,Normal,Bed Management System,True
BED002380,KPJ_01,JCORP Specialist Hospital,2026-02-15,Paediatric Ward,40,1,39,32,3,0,3,0,0,32,82.05,Normal,Bed Management System,True
BED002381,KPJ_01,JCORP Specialist Hospital,2026-02-16,Medical Ward,60,2,58,49,4,1,4,1,0,49,84.48,Normal,Bed Management System,True
BED002382,KPJ_01,JCORP Specialist Hospital,2026-02-16,Surgical Ward,55,2,53,45,3,1,3,0,1,45,84.91,Normal,Bed Management System,True
BED002383,KPJ_01,JCORP Specialist Hospital,2026-02-16,Maternity Ward,45,3,42,35,2,0,3,0,1,33,78.57,Normal,Bed Management System,True
BED002384,KPJ_01,JCORP Specialist Hospital,2026-02-16,Paediatric Ward,40,1,39,32,2,0,2,0,0,32,82.05,Normal,Bed Management System,True
BED002385,KPJ_01,JCORP Specialist Hospital,2026-02-17,Medical Ward,60,1,59,49,6,1,6,1,0,49,83.05,Normal,Bed Management System,True
BED002386,KPJ_01,JCORP Specialist Hospital,2026-02-17,Surgical Ward,55,1,54,45,5,1,5,1,0,45,83.33,Normal,Bed Management System,True
BED002387,KPJ_01,JCORP Specialist Hospital,2026-02-17,Maternity Ward,45,0,45,33,3,0,3,0,0,33,73.33,Underutilised,Bed Management System,True
BED002388,KPJ_01,JCORP Specialist Hospital,2026-02-17,Paediatric Ward,40,0,40,32,3,0,3,0,0,32,80.0,Normal,Bed Management System,True
BED002389,KPJ_01,JCORP Specialist Hospital,2026-02-18,Medical Ward,60,0,60,49,5,1,5,1,0,49,81.67,Normal,Bed Management System,True
BED002390,KPJ_01,JCORP Specialist Hospital,2026-02-18,Surgical Ward,55,1,54,45,4,1,5,1,0,44,81.48,Normal,Bed Management System,True
BED002391,KPJ_01,JCORP Specialist Hospital,2026-02-18,Maternity Ward,45,0,45,33,3,0,3,0,1,32,71.11,Underutilised,Bed Management System,True
BED002392,KPJ_01,JCORP Specialist Hospital,2026-02-18,Paediatric Ward,40,0,40,32,3,0,3,0,0,32,80.0,Normal,Bed Management System,True
BED002393,KPJ_01,JCORP Specialist Hospital,2026-02-19,Medical Ward,60,2,58,49,6,1,6,1,0,49,84.48,Normal,Bed Management System,True
BED002394,KPJ_01,JCORP Specialist Hospital,2026-02-19,Surgical Ward,55,1,54,44,5,0,5,1,1,42,77.78,Normal,Bed Management System,True
BED002395,KPJ_01,JCORP Specialist Hospital,2026-02-19,Maternity Ward,45,1,44,32,4,0,3,1,0,32,72.73,Underutilised,Bed Management System,True
BED002396,KPJ_01,JCORP Specialist Hospital,2026-02-19,Paediatric Ward,40,0,40,32,3,0,3,0,0,32,80.0,Normal,Bed Management System,True
BED002397,KPJ_01,JCORP Specialist Hospital,2026-02-20,Medical Ward,60,1,59,49,3,1,3,1,0,49,83.05,Normal,Bed Management System,True
BED002398,KPJ_01,JCORP Specialist Hospital,2026-02-20,Surgical Ward,55,0,55,42,3,1,3,1,0,42,76.36,Normal,Bed Management System,True
BED002399,KPJ_01,JCORP Specialist Hospital,2026-02-20,Maternity Ward,45,1,44,32,2,0,2,0,0,32,72.73,Underutilised,Bed Management System,True
BED002400,KPJ_01,JCORP Specialist Hospital,2026-02-20,Paediatric Ward,40,1,39,32,1,0,1,0,0,32,82.05,Normal,Bed Management System,True
BED002401,KPJ_01,JCORP Specialist Hospital,2026-02-21,Medical Ward,60,0,60,49,4,1,5,1,0,48,80.0,Normal,Bed Management System,True
BED002402,KPJ_01,JCORP Specialist Hospital,2026-02-21,Surgical Ward,55,0,55,42,3,1,4,1,1,40,72.73,Underutilised,Bed Management System,True
BED002403,KPJ_01,JCORP Specialist Hospital,2026-02-21,Maternity Ward,45,1,44,32,3,1,3,0,1,32,72.73,Underutilised,Bed Management System,True
BED002404,KPJ_01,JCORP Specialist Hospital,2026-02-21,Paediatric Ward,40,0,40,32,2,1,3,0,0,32,80.0,Normal,Bed Management System,True
BED002405,KPJ_01,JCORP Specialist Hospital,2026-02-22,Medical Ward,60,0,60,48,4,1,4,0,0,49,81.67,Normal,Bed Management System,True
BED002406,KPJ_01,JCORP Specialist Hospital,2026-02-22,Surgical Ward,55,1,54,40,3,1,3,0,0,41,75.93,Normal,Bed Management System,True
BED002407,KPJ_01,JCORP Specialist Hospital,2026-02-22,Maternity Ward,45,0,45,32,3,1,2,0,0,34,75.56,Normal,Bed Management System,True
BED002408,KPJ_01,JCORP Specialist Hospital,2026-02-22,Paediatric Ward,40,1,39,32,2,0,2,0,0,32,82.05,Normal,Bed Management System,True
BED002409,KPJ_01,JCORP Specialist Hospital,2026-02-23,Medical Ward,60,1,59,49,5,1,4,1,0,50,84.75,Normal,Bed Management System,True
BED002410,KPJ_01,JCORP Specialist Hospital,2026-02-23,Surgical Ward,55,0,55,41,5,1,4,1,0,42,76.36,Normal,Bed Management System,True
BED002411,KPJ_01,JCORP Specialist Hospital,2026-02-23,Maternity Ward,45,0,45,34,3,0,3,0,0,34,75.56,Normal,Bed Management System,True
BED002412,KPJ_01,JCORP Specialist Hospital,2026-02-23,Paediatric Ward,40,1,39,32,3,0,2,0,0,33,84.62,Normal,Bed Management System,True
BED002413,KPJ_01,JCORP Specialist Hospital,2026-02-24,Medical Ward,60,1,59,50,4,1,4,1,0,50,84.75,Normal,Bed Management System,True
BED002414,KPJ_01,JCORP Specialist Hospital,2026-02-24,Surgical Ward,55,0,55,42,4,0,3,0,0,43,78.18,Normal,Bed Management System,True
BED002415,KPJ_01,JCORP Specialist Hospital,2026-02-24,Maternity Ward,45,0,45,34,3,0,2,0,0,35,77.78,Normal,Bed Management System,True
BED002416,KPJ_01,JCORP Specialist Hospital,2026-02-24,Paediatric Ward,40,0,40,33,2,0,2,0,0,33,82.5,Normal,Bed Management System,True
BED002417,KPJ_01,JCORP Specialist Hospital,2026-02-25,Medical Ward,60,1,59,50,4,1,4,1,0,50,84.75,Normal,Bed Management System,True
BED002418,KPJ_01,JCORP Specialist Hospital,2026-02-25,Surgical Ward,55,0,55,43,4,0,3,0,1,43,78.18,Normal,Bed Management System,True
BED002419,KPJ_01,JCORP Specialist Hospital,2026-02-25,Maternity Ward,45,0,45,35,3,0,3,0,0,35,77.78,Normal,Bed Management System,True
BED002420,KPJ_01,JCORP Specialist Hospital,2026-02-25,Paediatric Ward,40,0,40,33,2,0,2,0,0,33,82.5,Normal,Bed Management System,True
BED002421,KPJ_01,JCORP Specialist Hospital,2026-02-26,Medical Ward,60,0,60,50,5,1,4,1,0,51,85.0,Normal,Bed Management System,True
BED002422,KPJ_01,JCORP Specialist Hospital,2026-02-26,Surgical Ward,55,0,55,43,4,0,3,0,0,44,80.0,Normal,Bed Management System,True
BED002423,KPJ_01,JCORP Specialist Hospital,2026-02-26,Maternity Ward,45,0,45,35,3,0,2,0,0,36,80.0,Normal,Bed Management System,True
BED002424,KPJ_01,JCORP Specialist Hospital,2026-02-26,Paediatric Ward,40,0,40,33,2,0,2,0,0,33,82.5,Normal,Bed Management System,True
BED002425,KPJ_01,JCORP Specialist Hospital,2026-02-27,Medical Ward,60,0,60,51,6,1,5,1,0,52,86.67,High,Bed Management System,True
BED002426,KPJ_01,JCORP Specialist Hospital,2026-02-27,Surgical Ward,55,1,54,44,5,1,4,0,0,46,85.19,High,Bed Management System,True
BED002427,KPJ_01,JCORP Specialist Hospital,2026-02-27,Maternity Ward,45,1,44,36,3,0,3,0,0,36,81.82,Normal,Bed Management System,True
BED002428,KPJ_01,JCORP Specialist Hospital,2026-02-27,Paediatric Ward,40,1,39,33,3,0,3,0,1,32,82.05,Normal,Bed Management System,True
BED002429,KPJ_01,JCORP Specialist Hospital,2026-02-28,Medical Ward,60,1,59,52,6,1,6,1,2,50,84.75,Normal,Bed Management System,True
BED002430,KPJ_01,JCORP Specialist Hospital,2026-02-28,Surgical Ward,55,0,55,46,6,0,5,0,0,47,85.45,High,Bed Management System,True
BED002431,KPJ_01,JCORP Specialist Hospital,2026-02-28,Maternity Ward,45,1,44,36,4,0,3,0,1,36,81.82,Normal,Bed Management System,True
BED002432,KPJ_01,JCORP Specialist Hospital,2026-02-28,Paediatric Ward,40,0,40,32,3,0,3,0,0,32,80.0,Normal,Bed Management System,True
BED002433,KPJ_01,JCORP Specialist Hospital,2026-03-01,Medical Ward,60,0,60,50,6,1,5,1,0,51,85.0,Normal,Bed Management System,True
BED002434,KPJ_01,JCORP Specialist Hospital,2026-03-01,Surgical Ward,55,1,54,47,5,0,4,1,1,46,85.19,High,Bed Management System,True
BED002435,KPJ_01,JCORP Specialist Hospital,2026-03-01,Maternity Ward,45,1,44,36,4,0,3,0,0,37,84.09,Normal,Bed Management System,True
BED002436,KPJ_01,JCORP Specialist Hospital,2026-03-01,Paediatric Ward,40,0,40,32,3,0,2,0,0,33,82.5,Normal,Bed Management System,True
BED002437,KPJ_01,JCORP Specialist Hospital,2026-03-02,Medical Ward,60,0,60,51,5,1,6,1,0,50,83.33,Normal,Bed Management System,True
BED002438,KPJ_01,JCORP Specialist Hospital,2026-03-02,Surgical Ward,55,0,55,46,5,1,5,1,1,45,81.82,Normal,Bed Management System,True
BED002439,KPJ_01,JCORP Specialist Hospital,2026-03-02,Maternity Ward,45,1,44,37,3,0,3,0,0,37,84.09,Normal,Bed Management System,True
BED002440,KPJ_01,JCORP Specialist Hospital,2026-03-02,Paediatric Ward,40,3,37,33,3,0,3,0,2,31,83.78,Normal,Bed Management System,True
BED002441,KPJ_01,JCORP Specialist Hospital,2026-03-03,Medical Ward,60,0,60,50,4,1,4,1,0,50,83.33,Normal,Bed Management System,True
BED002442,KPJ_01,JCORP Specialist Hospital,2026-03-03,Surgical Ward,55,1,54,45,3,1,3,1,0,45,83.33,Normal,Bed Management System,True
BED002443,KPJ_01,JCORP Specialist Hospital,2026-03-03,Maternity Ward,45,1,44,37,3,0,3,0,0,37,84.09,Normal,Bed Management System,True
BED002444,KPJ_01,JCORP Specialist Hospital,2026-03-03,Paediatric Ward,40,1,39,31,2,0,2,0,1,30,76.92,Normal,Bed Management System,True
BED002445,KPJ_01,JCORP Specialist Hospital,2026-03-04,Medical Ward,60,0,60,50,3,1,3,0,0,51,85.0,Normal,Bed Management System,True
BED002446,KPJ_01,JCORP Specialist Hospital,2026-03-04,Surgical Ward,55,1,54,45,3,0,3,0,0,45,83.33,Normal,Bed Management System,True
BED002447,KPJ_01,JCORP Specialist Hospital,2026-03-04,Maternity Ward,45,1,44,37,2,0,2,0,0,37,84.09,Normal,Bed Management System,True
BED002448,KPJ_01,JCORP Specialist Hospital,2026-03-04,Paediatric Ward,40,1,39,30,2,0,2,0,0,30,76.92,Normal,Bed Management System,True
BED002449,KPJ_01,JCORP Specialist Hospital,2026-03-05,Medical Ward,60,0,60,51,5,1,5,1,0,51,85.0,Normal,Bed Management System,True
BED002450,KPJ_01,JCORP Specialist Hospital,2026-03-05,Surgical Ward,55,2,53,45,5,0,4,0,0,46,86.79,High,Bed Management System,True
BED002451,KPJ_01,JCORP Specialist Hospital,2026-03-05,Maternity Ward,45,1,44,37,3,0,3,0,0,37,84.09,Normal,Bed Management System,True
BED002452,KPJ_01,JCORP Specialist Hospital,2026-03-05,Paediatric Ward,40,1,39,30,3,0,2,0,0,31,79.49,Normal,Bed Management System,True
BED002453,KPJ_01,JCORP Specialist Hospital,2026-03-06,Medical Ward,60,1,59,51,6,1,5,1,1,51,86.44,High,Bed Management System,True
BED002454,KPJ_01,JCORP Specialist Hospital,2026-03-06,Surgical Ward,55,1,54,46,5,1,4,1,1,46,85.19,High,Bed Management System,True
BED002455,KPJ_01,JCORP Specialist Hospital,2026-03-06,Maternity Ward,45,0,45,37,3,0,3,1,0,36,80.0,Normal,Bed Management System,True
BED002456,KPJ_01,JCORP Specialist Hospital,2026-03-06,Paediatric Ward,40,1,39,31,3,0,3,0,0,31,79.49,Normal,Bed Management System,True
BED002457,KPJ_01,JCORP Specialist Hospital,2026-03-07,Medical Ward,60,0,60,51,6,1,6,1,0,51,85.0,Normal,Bed Management System,True
BED002458,KPJ_01,JCORP Specialist Hospital,2026-03-07,Surgical Ward,55,1,54,46,5,0,5,0,0,46,85.19,High,Bed Management System,True
BED002459,KPJ_01,JCORP Specialist Hospital,2026-03-07,Maternity Ward,45,0,45,36,4,0,3,0,0,37,82.22,Normal,Bed Management System,True
BED002460,KPJ_01,JCORP Specialist Hospital,2026-03-07,Paediatric Ward,40,0,40,31,3,0,3,0,0,31,77.5,Normal,Bed Management System,True
BED002461,KPJ_01,JCORP Specialist Hospital,2026-03-08,Medical Ward,60,0,60,51,4,1,4,1,0,51,85.0,Normal,Bed Management System,True
BED002462,KPJ_01,JCORP Specialist Hospital,2026-03-08,Surgical Ward,55,0,55,46,3,1,3,1,0,46,83.64,Normal,Bed Management System,True
BED002463,KPJ_01,JCORP Specialist Hospital,2026-03-08,Maternity Ward,45,2,43,37,3,0,3,0,1,36,83.72,Normal,Bed Management System,True
BED002464,KPJ_01,JCORP Specialist Hospital,2026-03-08,Paediatric Ward,40,0,40,31,2,0,2,0,0,31,77.5,Normal,Bed Management System,True
BED002465,KPJ_01,JCORP Specialist Hospital,2026-03-09,Medical Ward,60,0,60,51,5,1,4,1,0,52,86.67,High,Bed Management System,True
BED002466,KPJ_01,JCORP Specialist Hospital,2026-03-09,Surgical Ward,55,0,55,46,4,1,3,0,2,46,83.64,Normal,Bed Management System,True
BED002467,KPJ_01,JCORP Specialist Hospital,2026-03-09,Maternity Ward,45,0,45,36,3,1,3,0,1,36,80.0,Normal,Bed Management System,True
BED002468,KPJ_01,JCORP Specialist Hospital,2026-03-09,Paediatric Ward,40,1,39,31,3,0,2,0,0,32,82.05,Normal,Bed Management System,True
BED002469,KPJ_01,JCORP Specialist Hospital,2026-03-10,Medical Ward,60,0,60,52,6,1,7,1,0,51,85.0,Normal,Bed Management System,True
BED002470,KPJ_01,JCORP Specialist Hospital,2026-03-10,Surgical Ward,55,0,55,46,5,1,6,1,0,45,81.82,Normal,Bed Management System,True
BED002471,KPJ_01,JCORP Specialist Hospital,2026-03-10,Maternity Ward,45,0,45,36,4,0,4,0,0,36,80.0,Normal,Bed Management System,True
BED002472,KPJ_01,JCORP Specialist Hospital,2026-03-10,Paediatric Ward,40,1,39,32,3,0,3,0,0,32,82.05,Normal,Bed Management System,True
BED002473,KPJ_01,JCORP Specialist Hospital,2026-03-11,Medical Ward,60,0,60,51,7,0,6,1,0,51,85.0,Normal,Bed Management System,True
BED002474,KPJ_01,JCORP Specialist Hospital,2026-03-11,Surgical Ward,55,0,55,45,6,0,6,1,0,44,80.0,Normal,Bed Management System,True
BED002475,KPJ_01,JCORP Specialist Hospital,2026-03-11,Maternity Ward,45,2,43,36,4,0,4,0,0,36,83.72,Normal,Bed Management System,True
BED002476,KPJ_01,JCORP Specialist Hospital,2026-03-11,Paediatric Ward,40,0,40,32,3,0,3,0,0,32,80.0,Normal,Bed Management System,True
BED002477,KPJ_01,JCORP Specialist Hospital,2026-03-12,Medical Ward,60,2,58,51,5,1,6,1,0,50,86.21,High,Bed Management System,True
BED002478,KPJ_01,JCORP Specialist Hospital,2026-03-12,Surgical Ward,55,2,53,44,5,1,5,0,0,45,84.91,Normal,Bed Management System,True
BED002479,KPJ_01,JCORP Specialist Hospital,2026-03-12,Maternity Ward,45,1,44,36,3,0,3,0,0,36,81.82,Normal,Bed Management System,True
BED002480,KPJ_01,JCORP Specialist Hospital,2026-03-12,Paediatric Ward,40,0,40,32,3,0,3,0,0,32,80.0,Normal,Bed Management System,True
BED002481,KPJ_01,JCORP Specialist Hospital,2026-03-13,Medical Ward,60,0,60,50,5,1,5,1,1,49,81.67,Normal,Bed Management System,True
BED002482,KPJ_01,JCORP Specialist Hospital,2026-03-13,Surgical Ward,55,0,55,45,4,1,5,0,0,45,81.82,Normal,Bed Management System,True
BED002483,KPJ_01,JCORP Specialist Hospital,2026-03-13,Maternity Ward,45,0,45,36,3,0,3,0,0,36,80.0,Normal,Bed Management System,True
BED002484,KPJ_01,JCORP Specialist Hospital,2026-03-13,Paediatric Ward,40,0,40,32,3,0,3,0,1,31,77.5,Normal,Bed Management System,True
BED002485,KPJ_01,JCORP Specialist Hospital,2026-03-14,Medical Ward,60,1,59,49,6,1,6,1,0,49,83.05,Normal,Bed Management System,True
BED002486,KPJ_01,JCORP Specialist Hospital,2026-03-14,Surgical Ward,55,0,55,45,5,0,5,0,0,45,81.82,Normal,Bed Management System,True
BED002487,KPJ_01,JCORP Specialist Hospital,2026-03-14,Maternity Ward,45,0,45,36,4,0,3,0,0,37,82.22,Normal,Bed Management System,True
BED002488,KPJ_01,JCORP Specialist Hospital,2026-03-14,Paediatric Ward,40,0,40,31,3,0,3,0,0,31,77.5,Normal,Bed Management System,True
BED002489,KPJ_01,JCORP Specialist Hospital,2026-03-15,Medical Ward,60,0,60,49,4,1,3,1,0,50,83.33,Normal,Bed Management System,True
BED002490,KPJ_01,JCORP Specialist Hospital,2026-03-15,Surgical Ward,55,1,54,45,3,1,3,1,0,45,83.33,Normal,Bed Management System,True
BED002491,KPJ_01,JCORP Specialist Hospital,2026-03-15,Maternity Ward,45,1,44,37,2,0,2,1,0,36,81.82,Normal,Bed Management System,True
BED002492,KPJ_01,JCORP Specialist Hospital,2026-03-15,Paediatric Ward,40,0,40,31,2,0,1,1,0,31,77.5,Normal,Bed Management System,True
BED002493,KPJ_01,JCORP Specialist Hospital,2026-03-16,Medical Ward,60,0,60,50,5,1,4,1,1,50,83.33,Normal,Bed Management System,True
BED002494,KPJ_01,JCORP Specialist Hospital,2026-03-16,Surgical Ward,55,1,54,45,4,1,3,1,0,46,85.19,High,Bed Management System,True
BED002495,KPJ_01,JCORP Specialist Hospital,2026-03-16,Maternity Ward,45,0,45,36,3,1,3,0,0,37,82.22,Normal,Bed Management System,True
BED002496,KPJ_01,JCORP Specialist Hospital,2026-03-16,Paediatric Ward,40,1,39,31,2,0,2,0,0,31,79.49,Normal,Bed Management System,True
BED002497,KPJ_01,JCORP Specialist Hospital,2026-03-17,Medical Ward,60,1,59,50,6,1,7,1,0,49,83.05,Normal,Bed Management System,True
BED002498,KPJ_01,JCORP Specialist Hospital,2026-03-17,Surgical Ward,55,0,55,46,5,1,6,1,0,45,81.82,Normal,Bed Management System,True
BED002499,KPJ_01,JCORP Specialist Hospital,2026-03-17,Maternity Ward,45,0,45,37,4,0,4,0,0,37,82.22,Normal,Bed Management System,True
BED002500,KPJ_01,JCORP Specialist Hospital,2026-03-17,Paediatric Ward,40,0,40,31,3,0,3,0,0,31,77.5,Normal,Bed Management System,True
BED002501,KPJ_01,JCORP Specialist Hospital,2026-03-18,Medical Ward,60,1,59,49,5,1,4,1,0,50,84.75,Normal,Bed Management System,True
BED002502,KPJ_01,JCORP Specialist Hospital,2026-03-18,Surgical Ward,55,0,55,45,4,1,3,1,1,45,81.82,Normal,Bed Management System,True
BED002503,KPJ_01,JCORP Specialist Hospital,2026-03-18,Maternity Ward,45,0,45,37,3,0,2,0,0,38,84.44,Normal,Bed Management System,True
BED002504,KPJ_01,JCORP Specialist Hospital,2026-03-18,Paediatric Ward,40,0,40,31,2,0,2,0,0,31,77.5,Normal,Bed Management System,True
BED002505,KPJ_01,JCORP Specialist Hospital,2026-03-19,Medical Ward,60,0,60,50,8,1,7,0,0,52,86.67,High,Bed Management System,True
BED002506,KPJ_01,JCORP Specialist Hospital,2026-03-19,Surgical Ward,55,0,55,45,6,0,6,0,0,45,81.82,Normal,Bed Management System,True
BED002507,KPJ_01,JCORP Specialist Hospital,2026-03-19,Maternity Ward,45,0,45,38,5,0,4,0,0,39,86.67,High,Bed Management System,True
BED002508,KPJ_01,JCORP Specialist Hospital,2026-03-19,Paediatric Ward,40,2,38,31,4,0,3,0,0,32,84.21,Normal,Bed Management System,True
BED002509,KPJ_01,JCORP Specialist Hospital,2026-03-20,Medical Ward,60,0,60,52,6,1,6,1,0,52,86.67,High,Bed Management System,True
BED002510,KPJ_01,JCORP Specialist Hospital,2026-03-20,Surgical Ward,55,0,55,45,5,1,5,1,0,45,81.82,Normal,Bed Management System,True
BED002511,KPJ_01,JCORP Specialist Hospital,2026-03-20,Maternity Ward,45,1,44,39,3,0,4,1,0,37,84.09,Normal,Bed Management System,True
BED002512,KPJ_01,JCORP Specialist Hospital,2026-03-20,Paediatric Ward,40,0,40,32,3,0,3,0,0,32,80.0,Normal,Bed Management System,True
BED002513,KPJ_01,JCORP Specialist Hospital,2026-03-21,Medical Ward,60,0,60,52,6,1,7,1,0,51,85.0,Normal,Bed Management System,True
BED002514,KPJ_01,JCORP Specialist Hospital,2026-03-21,Surgical Ward,55,1,54,45,6,1,6,1,0,45,83.33,Normal,Bed Management System,True
BED002515,KPJ_01,JCORP Specialist Hospital,2026-03-21,Maternity Ward,45,0,45,37,4,0,4,0,1,36,80.0,Normal,Bed Management System,True
BED002516,KPJ_01,JCORP Specialist Hospital,2026-03-21,Paediatric Ward,40,1,39,32,3,0,3,0,0,32,82.05,Normal,Bed Management System,True
BED002517,KPJ_01,JCORP Specialist Hospital,2026-03-22,Medical Ward,60,1,59,51,5,1,4,1,0,52,88.14,High,Bed Management System,True
BED002518,KPJ_01,JCORP Specialist Hospital,2026-03-22,Surgical Ward,55,3,52,45,5,1,4,1,0,46,88.46,High,Bed Management System,True
BED002519,KPJ_01,JCORP Specialist Hospital,2026-03-22,Maternity Ward,45,2,43,36,3,0,3,1,0,35,81.4,Normal,Bed Management System,True
BED002520,KPJ_01,JCORP Specialist Hospital,2026-03-22,Paediatric Ward,40,2,38,32,3,0,2,0,0,33,86.84,High,Bed Management System,True
BED002521,KPJ_01,JCORP Specialist Hospital,2026-03-23,Medical Ward,60,1,59,52,5,1,5,1,1,51,86.44,High,Bed Management System,True
BED002522,KPJ_01,JCORP Specialist Hospital,2026-03-23,Surgical Ward,55,1,54,46,4,0,4,0,0,46,85.19,High,Bed Management System,True
BED002523,KPJ_01,JCORP Specialist Hospital,2026-03-23,Maternity Ward,45,0,45,35,3,0,3,0,0,35,77.78,Normal,Bed Management System,True
BED002524,KPJ_01,JCORP Specialist Hospital,2026-03-23,Paediatric Ward,40,1,39,33,3,0,2,0,0,34,87.18,High,Bed Management System,True
BED002525,KPJ_01,JCORP Specialist Hospital,2026-03-24,Medical Ward,60,0,60,51,5,0,5,1,0,50,83.33,Normal,Bed Management System,True
BED002526,KPJ_01,JCORP Specialist Hospital,2026-03-24,Surgical Ward,55,0,55,46,4,0,4,1,1,44,80.0,Normal,Bed Management System,True
BED002527,KPJ_01,JCORP Specialist Hospital,2026-03-24,Maternity Ward,45,0,45,35,3,0,3,0,0,35,77.78,Normal,Bed Management System,True
BED002528,KPJ_01,JCORP Specialist Hospital,2026-03-24,Paediatric Ward,40,0,40,34,3,0,3,0,0,34,85.0,Normal,Bed Management System,True
BED002529,KPJ_01,JCORP Specialist Hospital,2026-03-25,Medical Ward,60,1,59,50,5,1,4,1,0,51,86.44,High,Bed Management System,True
BED002530,KPJ_01,JCORP Specialist Hospital,2026-03-25,Surgical Ward,55,0,55,44,4,1,3,1,0,45,81.82,Normal,Bed Management System,True
BED002531,KPJ_01,JCORP Specialist Hospital,2026-03-25,Maternity Ward,45,0,45,35,3,1,3,0,0,36,80.0,Normal,Bed Management System,True
BED002532,KPJ_01,JCORP Specialist Hospital,2026-03-25,Paediatric Ward,40,0,40,34,2,1,2,0,0,35,87.5,High,Bed Management System,True
BED002533,KPJ_01,JCORP Specialist Hospital,2026-03-26,Medical Ward,60,0,60,51,6,1,6,1,0,51,85.0,Normal,Bed Management System,True
BED002534,KPJ_01,JCORP Specialist Hospital,2026-03-26,Surgical Ward,55,0,55,45,5,0,5,0,0,45,81.82,Normal,Bed Management System,True
BED002535,KPJ_01,JCORP Specialist Hospital,2026-03-26,Maternity Ward,45,0,45,36,4,0,4,0,1,35,77.78,Normal,Bed Management System,True
BED002536,KPJ_01,JCORP Specialist Hospital,2026-03-26,Paediatric Ward,40,0,40,35,3,0,3,0,0,35,87.5,High,Bed Management System,True
BED002537,KPJ_01,JCORP Specialist Hospital,2026-03-27,Medical Ward,60,0,60,51,5,1,5,1,0,51,85.0,Normal,Bed Management System,True
BED002538,KPJ_01,JCORP Specialist Hospital,2026-03-27,Surgical Ward,55,1,54,45,4,1,4,0,0,46,85.19,High,Bed Management System,True
BED002539,KPJ_01,JCORP Specialist Hospital,2026-03-27,Maternity Ward,45,0,45,35,3,0,3,0,0,35,77.78,Normal,Bed Management System,True
BED002540,KPJ_01,JCORP Specialist Hospital,2026-03-27,Paediatric Ward,40,2,38,35,2,0,3,0,0,34,89.47,High,Bed Management System,True
BED002541,KPJ_01,JCORP Specialist Hospital,2026-03-28,Medical Ward,60,0,60,51,6,1,7,1,0,50,83.33,Normal,Bed Management System,True
BED002542,KPJ_01,JCORP Specialist Hospital,2026-03-28,Surgical Ward,55,1,54,46,5,1,6,0,0,46,85.19,High,Bed Management System,True
BED002543,KPJ_01,JCORP Specialist Hospital,2026-03-28,Maternity Ward,45,0,45,35,3,0,5,0,0,33,73.33,Underutilised,Bed Management System,True
BED002544,KPJ_01,JCORP Specialist Hospital,2026-03-28,Paediatric Ward,40,2,38,34,3,0,3,0,0,34,89.47,High,Bed Management System,True
BED002545,KPJ_01,JCORP Specialist Hospital,2026-03-29,Medical Ward,60,1,59,50,5,1,3,1,0,52,88.14,High,Bed Management System,True
BED002546,KPJ_01,JCORP Specialist Hospital,2026-03-29,Surgical Ward,55,0,55,46,4,1,3,0,1,47,85.45,High,Bed Management System,True
BED002547,KPJ_01,JCORP Specialist Hospital,2026-03-29,Maternity Ward,45,1,44,33,3,0,2,0,0,34,77.27,Normal,Bed Management System,True
BED002548,KPJ_01,JCORP Specialist Hospital,2026-03-29,Paediatric Ward,40,1,39,34,3,0,2,0,0,35,89.74,High,Bed Management System,True
BED002549,KPJ_01,JCORP Specialist Hospital,2026-03-30,Medical Ward,60,0,60,52,4,1,2,1,0,54,90.0,High,Bed Management System,True
BED002550,KPJ_01,JCORP Specialist Hospital,2026-03-30,Surgical Ward,55,0,55,47,3,0,2,0,0,48,87.27,High,Bed Management System,True
BED002551,KPJ_01,JCORP Specialist Hospital,2026-03-30,Maternity Ward,45,0,45,34,2,0,2,0,0,34,75.56,Normal,Bed Management System,True
BED002552,KPJ_01,JCORP Specialist Hospital,2026-03-30,Paediatric Ward,40,1,39,35,2,0,1,0,1,35,89.74,High,Bed Management System,True
BED002553,KPJ_01,JCORP Specialist Hospital,2026-03-31,Medical Ward,60,0,60,54,5,1,6,1,0,53,88.33,High,Bed Management System,True
BED002554,KPJ_01,JCORP Specialist Hospital,2026-03-31,Surgical Ward,55,1,54,48,5,0,5,1,0,47,87.04,High,Bed Management System,True
BED002555,KPJ_01,JCORP Specialist Hospital,2026-03-31,Maternity Ward,45,0,45,34,3,0,3,1,0,33,73.33,Underutilised,Bed Management System,True
BED002556,KPJ_01,JCORP Specialist Hospital,2026-03-31,Paediatric Ward,40,0,40,35,3,0,3,0,0,35,87.5,High,Bed Management System,True
BED002557,KPJ_01,JCORP Specialist Hospital,2026-04-01,Medical Ward,60,1,59,53,7,1,8,1,0,52,88.14,High,Bed Management System,True
BED002558,KPJ_01,JCORP Specialist Hospital,2026-04-01,Surgical Ward,55,1,54,47,6,1,6,1,0,47,87.04,High,Bed Management System,True
BED002559,KPJ_01,JCORP Specialist Hospital,2026-04-01,Maternity Ward,45,2,43,33,4,1,5,0,0,33,76.74,Normal,Bed Management System,True
BED002560,KPJ_01,JCORP Specialist Hospital,2026-04-01,Paediatric Ward,40,0,40,35,3,0,4,0,0,34,85.0,Normal,Bed Management System,True
BED002561,KPJ_01,JCORP Specialist Hospital,2026-04-02,Medical Ward,60,0,60,52,7,1,7,1,0,52,86.67,High,Bed Management System,True
BED002562,KPJ_01,JCORP Specialist Hospital,2026-04-02,Surgical Ward,55,0,55,47,6,1,6,1,0,47,85.45,High,Bed Management System,True
BED002563,KPJ_01,JCORP Specialist Hospital,2026-04-02,Maternity Ward,45,0,45,33,4,0,5,1,0,31,68.89,Underutilised,Bed Management System,True
BED002564,KPJ_01,JCORP Specialist Hospital,2026-04-02,Paediatric Ward,40,0,40,34,3,0,3,0,0,34,85.0,Normal,Bed Management System,True
BED002565,KPJ_01,JCORP Specialist Hospital,2026-04-03,Medical Ward,60,1,59,52,5,1,6,1,0,51,86.44,High,Bed Management System,True
BED002566,KPJ_01,JCORP Specialist Hospital,2026-04-03,Surgical Ward,55,1,54,47,5,1,5,0,0,48,88.89,High,Bed Management System,True
BED002567,KPJ_01,JCORP Specialist Hospital,2026-04-03,Maternity Ward,45,0,45,31,3,1,3,0,0,32,71.11,Underutilised,Bed Management System,True
BED002568,KPJ_01,JCORP Specialist Hospital,2026-04-03,Paediatric Ward,40,0,40,34,3,0,3,0,0,34,85.0,Normal,Bed Management System,True
BED002569,KPJ_01,JCORP Specialist Hospital,2026-04-04,Medical Ward,60,0,60,51,5,1,5,0,0,52,86.67,High,Bed Management System,True
BED002570,KPJ_01,JCORP Specialist Hospital,2026-04-04,Surgical Ward,55,0,55,48,5,1,4,0,0,50,90.91,High,Bed Management System,True
BED002571,KPJ_01,JCORP Specialist Hospital,2026-04-04,Maternity Ward,45,0,45,32,3,0,3,0,0,32,71.11,Underutilised,Bed Management System,True
BED002572,KPJ_01,JCORP Specialist Hospital,2026-04-04,Paediatric Ward,40,0,40,34,3,0,3,0,0,34,85.0,Normal,Bed Management System,True
BED002573,KPJ_01,JCORP Specialist Hospital,2026-04-05,Medical Ward,60,1,59,52,6,1,5,1,0,53,89.83,High,Bed Management System,True
BED002574,KPJ_01,JCORP Specialist Hospital,2026-04-05,Surgical Ward,55,0,55,50,5,0,5,1,0,49,89.09,High,Bed Management System,True
BED002575,KPJ_01,JCORP Specialist Hospital,2026-04-05,Maternity Ward,45,3,42,32,3,0,3,0,0,32,76.19,Normal,Bed Management System,True
BED002576,KPJ_01,JCORP Specialist Hospital,2026-04-05,Paediatric Ward,40,0,40,34,3,0,3,0,0,34,85.0,Normal,Bed Management System,True
BED002577,KPJ_01,JCORP Specialist Hospital,2026-04-06,Medical Ward,60,1,59,53,5,1,4,1,0,54,91.53,High,Bed Management System,True
BED002578,KPJ_01,JCORP Specialist Hospital,2026-04-06,Surgical Ward,55,0,55,49,5,0,4,1,0,49,89.09,High,Bed Management System,True
BED002579,KPJ_01,JCORP Specialist Hospital,2026-04-06,Maternity Ward,45,1,44,32,3,0,3,0,1,31,70.45,Underutilised,Bed Management System,True
BED002580,KPJ_01,JCORP Specialist Hospital,2026-04-06,Paediatric Ward,40,0,40,34,3,0,2,0,0,35,87.5,High,Bed Management System,True
BED002581,KPJ_01,JCORP Specialist Hospital,2026-04-07,Medical Ward,60,0,60,54,6,1,6,1,0,54,90.0,High,Bed Management System,True
BED002582,KPJ_01,JCORP Specialist Hospital,2026-04-07,Surgical Ward,55,1,54,49,5,0,5,1,1,47,87.04,High,Bed Management System,True
BED002583,KPJ_01,JCORP Specialist Hospital,2026-04-07,Maternity Ward,45,0,45,31,4,0,3,0,0,32,71.11,Underutilised,Bed Management System,True
BED002584,KPJ_01,JCORP Specialist Hospital,2026-04-07,Paediatric Ward,40,0,40,35,3,0,3,0,0,35,87.5,High,Bed Management System,True
BED002585,KPJ_01,JCORP Specialist Hospital,2026-04-08,Medical Ward,60,1,59,54,6,1,6,1,0,54,91.53,High,Bed Management System,True
BED002586,KPJ_01,JCORP Specialist Hospital,2026-04-08,Surgical Ward,55,0,55,47,5,1,6,1,0,46,83.64,Normal,Bed Management System,True
BED002587,KPJ_01,JCORP Specialist Hospital,2026-04-08,Maternity Ward,45,0,45,32,4,0,4,0,0,32,71.11,Underutilised,Bed Management System,True
BED002588,KPJ_01,JCORP Specialist Hospital,2026-04-08,Paediatric Ward,40,3,37,35,3,0,3,0,2,33,89.19,High,Bed Management System,True
BED002589,KPJ_01,JCORP Specialist Hospital,2026-04-09,Medical Ward,60,1,59,54,5,1,4,1,0,55,93.22,High,Bed Management System,True
BED002590,KPJ_01,JCORP Specialist Hospital,2026-04-09,Surgical Ward,55,0,55,46,4,0,3,0,0,47,85.45,High,Bed Management System,True
BED002591,KPJ_01,JCORP Specialist Hospital,2026-04-09,Maternity Ward,45,0,45,32,3,0,2,0,0,33,73.33,Underutilised,Bed Management System,True
BED002592,KPJ_01,JCORP Specialist Hospital,2026-04-09,Paediatric Ward,40,0,40,33,3,0,2,0,0,34,85.0,Normal,Bed Management System,True
BED002593,KPJ_01,JCORP Specialist Hospital,2026-04-10,Medical Ward,60,3,57,55,6,1,6,1,2,53,92.98,High,Bed Management System,True
BED002594,KPJ_01,JCORP Specialist Hospital,2026-04-10,Surgical Ward,55,1,54,47,5,1,5,1,1,46,85.19,High,Bed Management System,True
BED002595,KPJ_01,JCORP Specialist Hospital,2026-04-10,Maternity Ward,45,0,45,33,3,1,3,0,0,34,75.56,Normal,Bed Management System,True
BED002596,KPJ_01,JCORP Specialist Hospital,2026-04-10,Paediatric Ward,40,0,40,34,3,0,3,0,0,34,85.0,Normal,Bed Management System,True
BED002597,KPJ_01,JCORP Specialist Hospital,2026-04-11,Medical Ward,60,1,59,53,4,1,3,0,3,52,88.14,High,Bed Management System,True
BED002598,KPJ_01,JCORP Specialist Hospital,2026-04-11,Surgical Ward,55,2,53,46,3,0,3,0,0,46,86.79,High,Bed Management System,True
BED002599,KPJ_01,JCORP Specialist Hospital,2026-04-11,Maternity Ward,45,0,45,34,2,0,2,0,0,34,75.56,Normal,Bed Management System,True
BED002600,KPJ_01,JCORP Specialist Hospital,2026-04-11,Paediatric Ward,40,1,39,34,2,0,1,0,2,33,84.62,Normal,Bed Management System,True
BED002601,KPJ_01,JCORP Specialist Hospital,2026-04-12,Medical Ward,60,0,60,52,4,1,3,1,0,53,88.33,High,Bed Management System,True
BED002602,KPJ_01,JCORP Specialist Hospital,2026-04-12,Surgical Ward,55,1,54,46,3,0,3,0,0,46,85.19,High,Bed Management System,True
BED002603,KPJ_01,JCORP Specialist Hospital,2026-04-12,Maternity Ward,45,0,45,34,2,0,2,0,0,34,75.56,Normal,Bed Management System,True
BED002604,KPJ_01,JCORP Specialist Hospital,2026-04-12,Paediatric Ward,40,0,40,33,2,0,1,0,0,34,85.0,Normal,Bed Management System,True
BED002605,KPJ_01,JCORP Specialist Hospital,2026-04-13,Medical Ward,60,2,58,53,5,1,4,1,3,51,87.93,High,Bed Management System,True
BED002606,KPJ_01,JCORP Specialist Hospital,2026-04-13,Surgical Ward,55,0,55,46,5,1,4,0,0,48,87.27,High,Bed Management System,True
BED002607,KPJ_01,JCORP Specialist Hospital,2026-04-13,Maternity Ward,45,3,42,34,3,1,3,0,0,35,83.33,Normal,Bed Management System,True
BED002608,KPJ_01,JCORP Specialist Hospital,2026-04-13,Paediatric Ward,40,0,40,34,3,0,2,0,1,34,85.0,Normal,Bed Management System,True
BED002609,KPJ_01,JCORP Specialist Hospital,2026-04-14,Medical Ward,60,1,59,51,6,1,5,1,0,52,88.14,High,Bed Management System,True
BED002610,KPJ_01,JCORP Specialist Hospital,2026-04-14,Surgical Ward,55,1,54,48,5,1,4,0,3,47,87.04,High,Bed Management System,True
BED002611,KPJ_01,JCORP Specialist Hospital,2026-04-14,Maternity Ward,45,1,44,35,3,0,3,0,0,35,79.55,Normal,Bed Management System,True
BED002612,KPJ_01,JCORP Specialist Hospital,2026-04-14,Paediatric Ward,40,1,39,34,3,0,3,0,1,33,84.62,Normal,Bed Management System,True
BED002613,KPJ_01,JCORP Specialist Hospital,2026-04-15,Medical Ward,60,0,60,52,6,1,5,1,0,53,88.33,High,Bed Management System,True
BED002614,KPJ_01,JCORP Specialist Hospital,2026-04-15,Surgical Ward,55,0,55,47,5,1,4,0,1,48,87.27,High,Bed Management System,True
BED002615,KPJ_01,JCORP Specialist Hospital,2026-04-15,Maternity Ward,45,0,45,35,3,1,3,0,0,36,80.0,Normal,Bed Management System,True
BED002616,KPJ_01,JCORP Specialist Hospital,2026-04-15,Paediatric Ward,40,0,40,33,3,0,3,0,1,32,80.0,Normal,Bed Management System,True
BED002617,KPJ_01,JCORP Specialist Hospital,2026-04-16,Medical Ward,60,0,60,53,5,1,4,1,1,53,88.33,High,Bed Management System,True
BED002618,KPJ_01,JCORP Specialist Hospital,2026-04-16,Surgical Ward,55,2,53,48,5,0,4,1,2,46,86.79,High,Bed Management System,True
BED002619,KPJ_01,JCORP Specialist Hospital,2026-04-16,Maternity Ward,45,0,45,36,3,0,3,0,0,36,80.0,Normal,Bed Management System,True
BED002620,KPJ_01,JCORP Specialist Hospital,2026-04-16,Paediatric Ward,40,0,40,32,3,0,2,0,0,33,82.5,Normal,Bed Management System,True
BED002621,KPJ_01,JCORP Specialist Hospital,2026-04-17,Medical Ward,60,0,60,53,4,1,3,1,1,53,88.33,High,Bed Management System,True
BED002622,KPJ_01,JCORP Specialist Hospital,2026-04-17,Surgical Ward,55,0,55,46,3,0,2,1,0,46,83.64,Normal,Bed Management System,True
BED002623,KPJ_01,JCORP Specialist Hospital,2026-04-17,Maternity Ward,45,1,44,36,3,0,2,0,0,37,84.09,Normal,Bed Management System,True
BED002624,KPJ_01,JCORP Specialist Hospital,2026-04-17,Paediatric Ward,40,2,38,33,2,0,1,0,2,32,84.21,Normal,Bed Management System,True
BED002625,KPJ_01,JCORP Specialist Hospital,2026-04-18,Medical Ward,60,1,59,53,4,1,3,1,2,52,88.14,High,Bed Management System,True
BED002626,KPJ_01,JCORP Specialist Hospital,2026-04-18,Surgical Ward,55,0,55,46,4,0,3,1,0,46,83.64,Normal,Bed Management System,True
BED002627,KPJ_01,JCORP Specialist Hospital,2026-04-18,Maternity Ward,45,2,43,37,3,0,2,0,2,36,83.72,Normal,Bed Management System,True
BED002628,KPJ_01,JCORP Specialist Hospital,2026-04-18,Paediatric Ward,40,0,40,32,2,0,2,0,0,32,80.0,Normal,Bed Management System,True
BED002629,KPJ_01,JCORP Specialist Hospital,2026-04-19,Medical Ward,60,0,60,52,5,1,5,1,0,52,86.67,High,Bed Management System,True
BED002630,KPJ_01,JCORP Specialist Hospital,2026-04-19,Surgical Ward,55,1,54,46,4,1,4,1,0,46,85.19,High,Bed Management System,True
BED002631,KPJ_01,JCORP Specialist Hospital,2026-04-19,Maternity Ward,45,0,45,36,3,0,3,1,0,35,77.78,Normal,Bed Management System,True
BED002632,KPJ_01,JCORP Specialist Hospital,2026-04-19,Paediatric Ward,40,0,40,32,3,0,2,0,1,32,80.0,Normal,Bed Management System,True
BED002633,KPJ_01,JCORP Specialist Hospital,2026-04-20,Medical Ward,60,0,60,52,5,1,5,1,0,52,86.67,High,Bed Management System,True
BED002634,KPJ_01,JCORP Specialist Hospital,2026-04-20,Surgical Ward,55,0,55,46,4,1,4,1,0,46,83.64,Normal,Bed Management System,True
BED002635,KPJ_01,JCORP Specialist Hospital,2026-04-20,Maternity Ward,45,0,45,35,3,1,3,0,0,36,80.0,Normal,Bed Management System,True
BED002636,KPJ_01,JCORP Specialist Hospital,2026-04-20,Paediatric Ward,40,0,40,32,3,0,2,0,0,33,82.5,Normal,Bed Management System,True
BED002637,KPJ_01,JCORP Specialist Hospital,2026-04-21,Medical Ward,60,0,60,52,5,1,4,1,1,52,86.67,High,Bed Management System,True
BED002638,KPJ_01,JCORP Specialist Hospital,2026-04-21,Surgical Ward,55,0,55,46,4,1,4,1,0,46,83.64,Normal,Bed Management System,True
BED002639,KPJ_01,JCORP Specialist Hospital,2026-04-21,Maternity Ward,45,0,45,36,3,0,3,0,0,36,80.0,Normal,Bed Management System,True
BED002640,KPJ_01,JCORP Specialist Hospital,2026-04-21,Paediatric Ward,40,2,38,33,2,0,2,0,1,32,84.21,Normal,Bed Management System,True
BED002641,KPJ_01,JCORP Specialist Hospital,2026-04-22,Medical Ward,60,0,60,52,5,1,5,1,0,52,86.67,High,Bed Management System,True
BED002642,KPJ_01,JCORP Specialist Hospital,2026-04-22,Surgical Ward,55,0,55,46,5,1,4,1,1,46,83.64,Normal,Bed Management System,True
BED002643,KPJ_01,JCORP Specialist Hospital,2026-04-22,Maternity Ward,45,0,45,36,3,1,3,0,0,37,82.22,Normal,Bed Management System,True
BED002644,KPJ_01,JCORP Specialist Hospital,2026-04-22,Paediatric Ward,40,2,38,32,3,0,2,0,1,32,84.21,Normal,Bed Management System,True
BED002645,KPJ_01,JCORP Specialist Hospital,2026-04-23,Medical Ward,60,0,60,52,6,1,6,1,0,52,86.67,High,Bed Management System,True
BED002646,KPJ_01,JCORP Specialist Hospital,2026-04-23,Surgical Ward,55,1,54,46,5,1,5,0,0,47,87.04,High,Bed Management System,True
BED002647,KPJ_01,JCORP Specialist Hospital,2026-04-23,Maternity Ward,45,1,44,37,4,0,3,0,1,37,84.09,Normal,Bed Management System,True
BED002648,KPJ_01,JCORP Specialist Hospital,2026-04-23,Paediatric Ward,40,2,38,32,3,0,3,0,0,32,84.21,Normal,Bed Management System,True
BED002649,KPJ_01,JCORP Specialist Hospital,2026-04-24,Medical Ward,60,1,59,52,5,1,5,0,1,52,88.14,High,Bed Management System,True
BED002650,KPJ_01,JCORP Specialist Hospital,2026-04-24,Surgical Ward,55,1,54,47,4,0,4,0,0,47,87.04,High,Bed Management System,True
BED002651,KPJ_01,JCORP Specialist Hospital,2026-04-24,Maternity Ward,45,0,45,37,3,0,3,0,0,37,82.22,Normal,Bed Management System,True
BED002652,KPJ_01,JCORP Specialist Hospital,2026-04-24,Paediatric Ward,40,2,38,32,2,0,2,0,0,32,84.21,Normal,Bed Management System,True
BED002653,KPJ_01,JCORP Specialist Hospital,2026-04-25,Medical Ward,60,1,59,52,4,1,4,1,0,52,88.14,High,Bed Management System,True
BED002654,KPJ_01,JCORP Specialist Hospital,2026-04-25,Surgical Ward,55,1,54,47,4,1,4,1,0,47,87.04,High,Bed Management System,True
BED002655,KPJ_01,JCORP Specialist Hospital,2026-04-25,Maternity Ward,45,0,45,37,3,1,3,1,0,37,82.22,Normal,Bed Management System,True
BED002656,KPJ_01,JCORP Specialist Hospital,2026-04-25,Paediatric Ward,40,0,40,32,2,0,2,0,0,32,80.0,Normal,Bed Management System,True
BED002657,KPJ_01,JCORP Specialist Hospital,2026-04-26,Medical Ward,60,1,59,52,6,0,5,1,0,52,88.14,High,Bed Management System,True
BED002658,KPJ_01,JCORP Specialist Hospital,2026-04-26,Surgical Ward,55,1,54,47,5,0,5,0,1,46,85.19,High,Bed Management System,True
BED002659,KPJ_01,JCORP Specialist Hospital,2026-04-26,Maternity Ward,45,0,45,37,4,0,3,0,0,38,84.44,Normal,Bed Management System,True
BED002660,KPJ_01,JCORP Specialist Hospital,2026-04-26,Paediatric Ward,40,0,40,32,3,0,3,0,0,32,80.0,Normal,Bed Management System,True
BED002661,KPJ_01,JCORP Specialist Hospital,2026-04-27,Medical Ward,60,0,60,52,5,1,4,1,0,53,88.33,High,Bed Management System,True
BED002662,KPJ_01,JCORP Specialist Hospital,2026-04-27,Surgical Ward,55,3,52,46,4,0,3,1,1,45,86.54,High,Bed Management System,True
BED002663,KPJ_01,JCORP Specialist Hospital,2026-04-27,Maternity Ward,45,1,44,38,3,0,3,0,1,37,84.09,Normal,Bed Management System,True
BED002664,KPJ_01,JCORP Specialist Hospital,2026-04-27,Paediatric Ward,40,0,40,32,2,0,2,0,0,32,80.0,Normal,Bed Management System,True
BED002665,KPJ_01,JCORP Specialist Hospital,2026-04-28,Medical Ward,60,1,59,53,5,1,4,1,2,52,88.14,High,Bed Management System,True
BED002666,KPJ_01,JCORP Specialist Hospital,2026-04-28,Surgical Ward,55,0,55,45,4,1,3,1,0,46,83.64,Normal,Bed Management System,True
BED002667,KPJ_01,JCORP Specialist Hospital,2026-04-28,Maternity Ward,45,2,43,37,3,0,3,0,1,36,83.72,Normal,Bed Management System,True
BED002668,KPJ_01,JCORP Specialist Hospital,2026-04-28,Paediatric Ward,40,1,39,32,2,0,2,0,0,32,82.05,Normal,Bed Management System,True
BED002669,KPJ_01,JCORP Specialist Hospital,2026-04-29,Medical Ward,60,3,57,52,5,1,5,1,2,50,87.72,High,Bed Management System,True
BED002670,KPJ_01,JCORP Specialist Hospital,2026-04-29,Surgical Ward,55,0,55,46,5,1,5,1,0,46,83.64,Normal,Bed Management System,True
BED002671,KPJ_01,JCORP Specialist Hospital,2026-04-29,Maternity Ward,45,3,42,36,3,0,3,1,0,35,83.33,Normal,Bed Management System,True
BED002672,KPJ_01,JCORP Specialist Hospital,2026-04-29,Paediatric Ward,40,1,39,32,3,0,3,0,0,32,82.05,Normal,Bed Management System,True
BED002673,KPJ_01,JCORP Specialist Hospital,2026-04-30,Medical Ward,60,0,60,50,6,1,5,1,0,51,85.0,Normal,Bed Management System,True
BED002674,KPJ_01,JCORP Specialist Hospital,2026-04-30,Surgical Ward,55,1,54,46,5,1,4,0,1,47,87.04,High,Bed Management System,True
BED002675,KPJ_01,JCORP Specialist Hospital,2026-04-30,Maternity Ward,45,0,45,35,3,0,3,0,0,35,77.78,Normal,Bed Management System,True
BED002676,KPJ_01,JCORP Specialist Hospital,2026-04-30,Paediatric Ward,40,0,40,32,3,0,2,0,0,33,82.5,Normal,Bed Management System,True
BED002677,KPJ_01,JCORP Specialist Hospital,2026-05-01,Medical Ward,60,1,59,51,4,1,4,1,0,51,86.44,High,Bed Management System,True
BED002678,KPJ_01,JCORP Specialist Hospital,2026-05-01,Surgical Ward,55,0,55,47,3,1,4,0,0,47,85.45,High,Bed Management System,True
BED002679,KPJ_01,JCORP Specialist Hospital,2026-05-01,Maternity Ward,45,1,44,35,3,0,3,0,0,35,79.55,Normal,Bed Management System,True
BED002680,KPJ_01,JCORP Specialist Hospital,2026-05-01,Paediatric Ward,40,0,40,33,2,0,2,0,0,33,82.5,Normal,Bed Management System,True
BED002681,KPJ_01,JCORP Specialist Hospital,2026-05-02,Medical Ward,60,0,60,51,5,1,4,1,0,52,86.67,High,Bed Management System,True
BED002682,KPJ_01,JCORP Specialist Hospital,2026-05-02,Surgical Ward,55,0,55,47,4,0,4,1,0,46,83.64,Normal,Bed Management System,True
BED002683,KPJ_01,JCORP Specialist Hospital,2026-05-02,Maternity Ward,45,1,44,35,3,0,3,0,0,35,79.55,Normal,Bed Management System,True
BED002684,KPJ_01,JCORP Specialist Hospital,2026-05-02,Paediatric Ward,40,0,40,33,3,0,2,0,0,34,85.0,Normal,Bed Management System,True
BED002685,KPJ_01,JCORP Specialist Hospital,2026-05-03,Medical Ward,60,0,60,52,5,1,5,1,0,52,86.67,High,Bed Management System,True
BED002686,KPJ_01,JCORP Specialist Hospital,2026-05-03,Surgical Ward,55,0,55,46,4,0,5,0,0,45,81.82,Normal,Bed Management System,True
BED002687,KPJ_01,JCORP Specialist Hospital,2026-05-03,Maternity Ward,45,0,45,35,3,0,3,0,0,35,77.78,Normal,Bed Management System,True
BED002688,KPJ_01,JCORP Specialist Hospital,2026-05-03,Paediatric Ward,40,1,39,34,2,0,3,0,0,33,84.62,Normal,Bed Management System,True
BED002689,KPJ_01,JCORP Specialist Hospital,2026-05-04,Medical Ward,60,1,59,52,5,1,5,1,0,52,88.14,High,Bed Management System,True
BED002690,KPJ_01,JCORP Specialist Hospital,2026-05-04,Surgical Ward,55,0,55,45,5,1,4,0,0,47,85.45,High,Bed Management System,True
BED002691,KPJ_01,JCORP Specialist Hospital,2026-05-04,Maternity Ward,45,1,44,35,3,0,3,0,0,35,79.55,Normal,Bed Management System,True
BED002692,KPJ_01,JCORP Specialist Hospital,2026-05-04,Paediatric Ward,40,1,39,33,3,0,3,0,0,33,84.62,Normal,Bed Management System,True
BED002693,KPJ_01,JCORP Specialist Hospital,2026-05-05,Medical Ward,60,0,60,52,4,1,4,0,0,53,88.33,High,Bed Management System,True
BED002694,KPJ_01,JCORP Specialist Hospital,2026-05-05,Surgical Ward,55,0,55,47,4,1,3,0,0,49,89.09,High,Bed Management System,True
BED002695,KPJ_01,JCORP Specialist Hospital,2026-05-05,Maternity Ward,45,0,45,35,3,0,2,0,0,36,80.0,Normal,Bed Management System,True
BED002696,KPJ_01,JCORP Specialist Hospital,2026-05-05,Paediatric Ward,40,0,40,33,2,0,2,0,0,33,82.5,Normal,Bed Management System,True
BED002697,KPJ_01,JCORP Specialist Hospital,2026-05-06,Medical Ward,60,0,60,53,5,1,4,1,0,54,90.0,High,Bed Management System,True
BED002698,KPJ_01,JCORP Specialist Hospital,2026-05-06,Surgical Ward,55,0,55,49,4,1,4,0,1,49,89.09,High,Bed Management System,True
BED002699,KPJ_01,JCORP Specialist Hospital,2026-05-06,Maternity Ward,45,2,43,36,3,0,3,0,0,36,83.72,Normal,Bed Management System,True
BED002700,KPJ_01,JCORP Specialist Hospital,2026-05-06,Paediatric Ward,40,1,39,33,3,0,2,0,0,34,87.18,High,Bed Management System,True
BED002701,KPJ_01,JCORP Specialist Hospital,2026-05-07,Medical Ward,60,2,58,54,6,1,6,1,2,52,89.66,High,Bed Management System,True
BED002702,KPJ_01,JCORP Specialist Hospital,2026-05-07,Surgical Ward,55,1,54,49,6,0,5,1,1,48,88.89,High,Bed Management System,True
BED002703,KPJ_01,JCORP Specialist Hospital,2026-05-07,Maternity Ward,45,1,44,36,4,0,4,0,0,36,81.82,Normal,Bed Management System,True
BED002704,KPJ_01,JCORP Specialist Hospital,2026-05-07,Paediatric Ward,40,0,40,34,3,0,3,0,0,34,85.0,Normal,Bed Management System,True
BED002705,KPJ_01,JCORP Specialist Hospital,2026-05-08,Medical Ward,60,2,58,52,6,1,6,1,0,52,89.66,High,Bed Management System,True
BED002706,KPJ_01,JCORP Specialist Hospital,2026-05-08,Surgical Ward,55,1,54,48,5,0,6,1,0,46,85.19,High,Bed Management System,True
BED002707,KPJ_01,JCORP Specialist Hospital,2026-05-08,Maternity Ward,45,0,45,36,3,0,4,0,0,35,77.78,Normal,Bed Management System,True
BED002708,KPJ_01,JCORP Specialist Hospital,2026-05-08,Paediatric Ward,40,0,40,34,3,0,3,0,0,34,85.0,Normal,Bed Management System,True
BED002709,KPJ_01,JCORP Specialist Hospital,2026-05-09,Medical Ward,60,1,59,52,5,1,4,1,0,53,89.83,High,Bed Management System,True
BED002710,KPJ_01,JCORP Specialist Hospital,2026-05-09,Surgical Ward,55,0,55,46,5,1,3,1,0,48,87.27,High,Bed Management System,True
BED002711,KPJ_01,JCORP Specialist Hospital,2026-05-09,Maternity Ward,45,0,45,35,3,1,3,0,1,35,77.78,Normal,Bed Management System,True
BED002712,KPJ_01,JCORP Specialist Hospital,2026-05-09,Paediatric Ward,40,0,40,34,3,0,2,0,0,35,87.5,High,Bed Management System,True
BED002713,KPJ_01,JCORP Specialist Hospital,2026-05-10,Medical Ward,60,1,59,53,5,1,5,1,0,53,89.83,High,Bed Management System,True
BED002714,KPJ_01,JCORP Specialist Hospital,2026-05-10,Surgical Ward,55,1,54,48,4,0,4,0,0,48,88.89,High,Bed Management System,True
BED002715,KPJ_01,JCORP Specialist Hospital,2026-05-10,Maternity Ward,45,1,44,35,3,0,3,0,0,35,79.55,Normal,Bed Management System,True
BED002716,KPJ_01,JCORP Specialist Hospital,2026-05-10,Paediatric Ward,40,2,38,35,3,0,3,0,2,33,86.84,High,Bed Management System,True
BED002717,KPJ_01,JCORP Specialist Hospital,2026-05-11,Medical Ward,60,0,60,53,6,1,6,1,0,53,88.33,High,Bed Management System,True
BED002718,KPJ_01,JCORP Specialist Hospital,2026-05-11,Surgical Ward,55,0,55,48,6,1,5,0,1,49,89.09,High,Bed Management System,True
BED002719,KPJ_01,JCORP Specialist Hospital,2026-05-11,Maternity Ward,45,0,45,35,4,1,3,0,0,37,82.22,Normal,Bed Management System,True
BED002720,KPJ_01,JCORP Specialist Hospital,2026-05-11,Paediatric Ward,40,0,40,33,3,0,3,0,0,33,82.5,Normal,Bed Management System,True
BED002721,KPJ_01,JCORP Specialist Hospital,2026-05-12,Medical Ward,60,0,60,53,6,1,6,1,0,53,88.33,High,Bed Management System,True
BED002722,KPJ_01,JCORP Specialist Hospital,2026-05-12,Surgical Ward,55,2,53,49,5,1,5,1,2,47,88.68,High,Bed Management System,True
BED002723,KPJ_01,JCORP Specialist Hospital,2026-05-12,Maternity Ward,45,0,45,37,3,0,4,0,0,36,80.0,Normal,Bed Management System,True
BED002724,KPJ_01,JCORP Specialist Hospital,2026-05-12,Paediatric Ward,40,2,38,33,3,0,3,0,0,33,86.84,High,Bed Management System,True
BED002725,KPJ_01,JCORP Specialist Hospital,2026-05-13,Medical Ward,60,1,59,53,6,1,5,1,1,53,89.83,High,Bed Management System,True
BED002726,KPJ_01,JCORP Specialist Hospital,2026-05-13,Surgical Ward,55,0,55,47,5,0,4,0,0,48,87.27,High,Bed Management System,True
BED002727,KPJ_01,JCORP Specialist Hospital,2026-05-13,Maternity Ward,45,0,45,36,3,0,3,0,0,36,80.0,Normal,Bed Management System,True
BED002728,KPJ_01,JCORP Specialist Hospital,2026-05-13,Paediatric Ward,40,0,40,33,3,0,2,0,0,34,85.0,Normal,Bed Management System,True
BED002729,KPJ_01,JCORP Specialist Hospital,2026-05-14,Medical Ward,60,0,60,53,4,1,4,1,0,53,88.33,High,Bed Management System,True
BED002730,KPJ_01,JCORP Specialist Hospital,2026-05-14,Surgical Ward,55,3,52,48,3,1,3,1,2,46,88.46,High,Bed Management System,True
BED002731,KPJ_01,JCORP Specialist Hospital,2026-05-14,Maternity Ward,45,0,45,36,3,0,3,0,0,36,80.0,Normal,Bed Management System,True
BED002732,KPJ_01,JCORP Specialist Hospital,2026-05-14,Paediatric Ward,40,0,40,34,2,0,2,0,0,34,85.0,Normal,Bed Management System,True
BED002733,KPJ_01,JCORP Specialist Hospital,2026-05-15,Medical Ward,60,0,60,53,4,1,2,1,1,54,90.0,High,Bed Management System,True
BED002734,KPJ_01,JCORP Specialist Hospital,2026-05-15,Surgical Ward,55,1,54,46,3,1,2,1,0,47,87.04,High,Bed Management System,True
BED002735,KPJ_01,JCORP Specialist Hospital,2026-05-15,Maternity Ward,45,1,44,36,2,1,2,0,0,37,84.09,Normal,Bed Management System,True
BED002736,KPJ_01,JCORP Specialist Hospital,2026-05-15,Paediatric Ward,40,0,40,34,2,0,1,0,0,35,87.5,High,Bed Management System,True
BED002737,KPJ_01,JCORP Specialist Hospital,2026-05-16,Medical Ward,60,3,57,54,5,1,5,1,3,51,89.47,High,Bed Management System,True
BED002738,KPJ_01,JCORP Specialist Hospital,2026-05-16,Surgical Ward,55,0,55,47,4,0,4,1,0,46,83.64,Normal,Bed Management System,True
BED002739,KPJ_01,JCORP Specialist Hospital,2026-05-16,Maternity Ward,45,1,44,37,3,0,3,0,0,37,84.09,Normal,Bed Management System,True
BED002740,KPJ_01,JCORP Specialist Hospital,2026-05-16,Paediatric Ward,40,3,37,35,3,0,2,0,4,32,86.49,High,Bed Management System,True
BED002741,KPJ_01,JCORP Specialist Hospital,2026-05-17,Medical Ward,60,1,59,51,5,1,5,1,0,51,86.44,High,Bed Management System,True
BED002742,KPJ_01,JCORP Specialist Hospital,2026-05-17,Surgical Ward,55,0,55,46,5,1,4,1,0,47,85.45,High,Bed Management System,True
BED002743,KPJ_01,JCORP Specialist Hospital,2026-05-17,Maternity Ward,45,0,45,37,3,0,3,0,0,37,82.22,Normal,Bed Management System,True
BED002744,KPJ_01,JCORP Specialist Hospital,2026-05-17,Paediatric Ward,40,0,40,32,3,0,2,0,0,33,82.5,Normal,Bed Management System,True
BED002745,KPJ_01,JCORP Specialist Hospital,2026-05-18,Medical Ward,60,1,59,51,4,1,4,0,0,52,88.14,High,Bed Management System,True
BED002746,KPJ_01,JCORP Specialist Hospital,2026-05-18,Surgical Ward,55,0,55,47,3,0,4,0,0,46,83.64,Normal,Bed Management System,True
BED002747,KPJ_01,JCORP Specialist Hospital,2026-05-18,Maternity Ward,45,0,45,37,3,0,3,0,0,37,82.22,Normal,Bed Management System,True
BED002748,KPJ_01,JCORP Specialist Hospital,2026-05-18,Paediatric Ward,40,0,40,33,2,0,2,0,1,32,80.0,Normal,Bed Management System,True
BED002749,KPJ_01,JCORP Specialist Hospital,2026-05-19,Medical Ward,60,0,60,52,6,1,5,1,0,53,88.33,High,Bed Management System,True
BED002750,KPJ_01,JCORP Specialist Hospital,2026-05-19,Surgical Ward,55,0,55,46,5,0,5,1,0,45,81.82,Normal,Bed Management System,True
BED002751,KPJ_01,JCORP Specialist Hospital,2026-05-19,Maternity Ward,45,2,43,37,3,0,3,1,0,36,83.72,Normal,Bed Management System,True
BED002752,KPJ_01,JCORP Specialist Hospital,2026-05-19,Paediatric Ward,40,0,40,32,3,0,3,0,0,32,80.0,Normal,Bed Management System,True
BED002753,KPJ_01,JCORP Specialist Hospital,2026-05-20,Medical Ward,60,1,59,53,6,1,6,1,0,53,89.83,High,Bed Management System,True
BED002754,KPJ_01,JCORP Specialist Hospital,2026-05-20,Surgical Ward,55,2,53,45,5,1,5,0,0,46,86.79,High,Bed Management System,True
BED002755,KPJ_01,JCORP Specialist Hospital,2026-05-20,Maternity Ward,45,0,45,36,4,0,4,0,0,36,80.0,Normal,Bed Management System,True
BED002756,KPJ_01,JCORP Specialist Hospital,2026-05-20,Paediatric Ward,40,2,38,32,3,0,3,0,0,32,84.21,Normal,Bed Management System,True
BED002757,KPJ_01,JCORP Specialist Hospital,2026-05-21,Medical Ward,60,3,57,53,6,1,5,1,3,51,89.47,High,Bed Management System,True
BED002758,KPJ_01,JCORP Specialist Hospital,2026-05-21,Surgical Ward,55,0,55,46,5,1,5,0,0,47,85.45,High,Bed Management System,True
BED002759,KPJ_01,JCORP Specialist Hospital,2026-05-21,Maternity Ward,45,0,45,36,4,1,3,0,0,38,84.44,Normal,Bed Management System,True
BED002760,KPJ_01,JCORP Specialist Hospital,2026-05-21,Paediatric Ward,40,3,37,32,3,0,3,0,0,32,86.49,High,Bed Management System,True
BED002761,KPJ_01,JCORP Specialist Hospital,2026-05-22,Medical Ward,60,0,60,51,7,1,6,1,0,52,86.67,High,Bed Management System,True
BED002762,KPJ_01,JCORP Specialist Hospital,2026-05-22,Surgical Ward,55,0,55,47,6,1,5,0,0,49,89.09,High,Bed Management System,True
BED002763,KPJ_01,JCORP Specialist Hospital,2026-05-22,Maternity Ward,45,2,43,38,4,1,4,0,2,37,86.05,High,Bed Management System,True
BED002764,KPJ_01,JCORP Specialist Hospital,2026-05-22,Paediatric Ward,40,0,40,32,3,0,3,0,0,32,80.0,Normal,Bed Management System,True
BED002765,KPJ_01,JCORP Specialist Hospital,2026-05-23,Medical Ward,60,0,60,52,6,1,5,1,0,53,88.33,High,Bed Management System,True
BED002766,KPJ_01,JCORP Specialist Hospital,2026-05-23,Surgical Ward,55,0,55,49,5,0,5,1,0,48,87.27,High,Bed Management System,True
BED002767,KPJ_01,JCORP Specialist Hospital,2026-05-23,Maternity Ward,45,2,43,37,3,0,3,1,0,36,83.72,Normal,Bed Management System,True
BED002768,KPJ_01,JCORP Specialist Hospital,2026-05-23,Paediatric Ward,40,1,39,32,3,0,3,0,0,32,82.05,Normal,Bed Management System,True
BED002769,KPJ_01,JCORP Specialist Hospital,2026-05-24,Medical Ward,60,1,59,53,5,1,5,1,0,53,89.83,High,Bed Management System,True
BED002770,KPJ_01,JCORP Specialist Hospital,2026-05-24,Surgical Ward,55,0,55,48,5,0,4,1,0,48,87.27,High,Bed Management System,True
BED002771,KPJ_01,JCORP Specialist Hospital,2026-05-24,Maternity Ward,45,0,45,36,3,0,3,0,1,35,77.78,Normal,Bed Management System,True
BED002772,KPJ_01,JCORP Specialist Hospital,2026-05-24,Paediatric Ward,40,1,39,32,3,0,2,0,0,33,84.62,Normal,Bed Management System,True
BED002773,KPJ_01,JCORP Specialist Hospital,2026-05-25,Medical Ward,60,0,60,53,6,1,5,1,0,54,90.0,High,Bed Management System,True
BED002774,KPJ_01,JCORP Specialist Hospital,2026-05-25,Surgical Ward,55,0,55,48,5,0,5,0,1,47,85.45,High,Bed Management System,True
BED002775,KPJ_01,JCORP Specialist Hospital,2026-05-25,Maternity Ward,45,0,45,35,4,0,3,0,0,36,80.0,Normal,Bed Management System,True
BED002776,KPJ_01,JCORP Specialist Hospital,2026-05-25,Paediatric Ward,40,0,40,33,3,0,3,0,0,33,82.5,Normal,Bed Management System,True
BED002777,KPJ_01,JCORP Specialist Hospital,2026-05-26,Medical Ward,60,3,57,54,3,0,2,1,3,51,89.47,High,Bed Management System,True
BED002778,KPJ_01,JCORP Specialist Hospital,2026-05-26,Surgical Ward,55,0,55,47,3,0,2,0,0,48,87.27,High,Bed Management System,True
BED002779,KPJ_01,JCORP Specialist Hospital,2026-05-26,Maternity Ward,45,0,45,36,2,0,1,0,0,37,82.22,Normal,Bed Management System,True
BED002780,KPJ_01,JCORP Specialist Hospital,2026-05-26,Paediatric Ward,40,0,40,33,2,0,1,0,0,34,85.0,Normal,Bed Management System,True
BED002781,KPJ_01,JCORP Specialist Hospital,2026-05-27,Medical Ward,60,1,59,51,5,1,6,1,0,50,84.75,Normal,Bed Management System,True
BED002782,KPJ_01,JCORP Specialist Hospital,2026-05-27,Surgical Ward,55,0,55,48,5,1,5,0,0,49,89.09,High,Bed Management System,True
BED002783,KPJ_01,JCORP Specialist Hospital,2026-05-27,Maternity Ward,45,0,45,37,3,0,3,0,0,37,82.22,Normal,Bed Management System,True
BED002784,KPJ_01,JCORP Specialist Hospital,2026-05-27,Paediatric Ward,40,0,40,34,3,0,3,0,0,34,85.0,Normal,Bed Management System,True
BED002785,KPJ_01,JCORP Specialist Hospital,2026-05-28,Medical Ward,60,0,60,50,5,1,5,1,0,50,83.33,Normal,Bed Management System,True
BED002786,KPJ_01,JCORP Specialist Hospital,2026-05-28,Surgical Ward,55,1,54,49,5,1,5,1,1,48,88.89,High,Bed Management System,True
BED002787,KPJ_01,JCORP Specialist Hospital,2026-05-28,Maternity Ward,45,0,45,37,3,1,3,0,0,38,84.44,Normal,Bed Management System,True
BED002788,KPJ_01,JCORP Specialist Hospital,2026-05-28,Paediatric Ward,40,0,40,34,3,0,3,0,0,34,85.0,Normal,Bed Management System,True
BED002789,KPJ_01,JCORP Specialist Hospital,2026-05-29,Medical Ward,60,1,59,50,5,1,4,1,0,51,86.44,High,Bed Management System,True
BED002790,KPJ_01,JCORP Specialist Hospital,2026-05-29,Surgical Ward,55,0,55,48,4,1,3,1,0,49,89.09,High,Bed Management System,True
BED002791,KPJ_01,JCORP Specialist Hospital,2026-05-29,Maternity Ward,45,0,45,38,3,0,2,0,1,38,84.44,Normal,Bed Management System,True
BED002792,KPJ_01,JCORP Specialist Hospital,2026-05-29,Paediatric Ward,40,1,39,34,2,0,2,0,0,34,87.18,High,Bed Management System,True
BED002793,KPJ_01,JCORP Specialist Hospital,2026-05-30,Medical Ward,60,0,60,51,5,1,5,1,0,51,85.0,Normal,Bed Management System,True
BED002794,KPJ_01,JCORP Specialist Hospital,2026-05-30,Surgical Ward,55,1,54,49,4,0,4,0,1,48,88.89,High,Bed Management System,True
BED002795,KPJ_01,JCORP Specialist Hospital,2026-05-30,Maternity Ward,45,0,45,38,3,0,3,0,0,38,84.44,Normal,Bed Management System,True
BED002796,KPJ_01,JCORP Specialist Hospital,2026-05-30,Paediatric Ward,40,1,39,34,3,0,2,0,2,33,84.62,Normal,Bed Management System,True
BED002797,KPJ_01,JCORP Specialist Hospital,2026-05-31,Medical Ward,60,0,60,51,5,1,5,1,1,50,83.33,Normal,Bed Management System,True
BED002798,KPJ_01,JCORP Specialist Hospital,2026-05-31,Surgical Ward,55,1,54,48,5,1,4,1,1,48,88.89,High,Bed Management System,True
BED002799,KPJ_01,JCORP Specialist Hospital,2026-05-31,Maternity Ward,45,0,45,38,3,0,3,0,0,38,84.44,Normal,Bed Management System,True
BED002800,KPJ_01,JCORP Specialist Hospital,2026-05-31,Paediatric Ward,40,2,38,33,3,0,2,0,1,33,86.84,High,Bed Management System,True
BED002801,KPJ_01,JCORP Specialist Hospital,2026-06-01,Medical Ward,60,3,57,50,6,1,4,1,0,52,91.23,High,Bed Management System,True
BED002802,KPJ_01,JCORP Specialist Hospital,2026-06-01,Surgical Ward,55,0,55,48,5,0,4,0,1,48,87.27,High,Bed Management System,True
BED002803,KPJ_01,JCORP Specialist Hospital,2026-06-01,Maternity Ward,45,0,45,38,3,0,3,0,1,37,82.22,Normal,Bed Management System,True
BED002804,KPJ_01,JCORP Specialist Hospital,2026-06-01,Paediatric Ward,40,0,40,33,3,0,2,0,0,34,85.0,Normal,Bed Management System,True
BED002805,KPJ_01,JCORP Specialist Hospital,2026-06-02,Medical Ward,60,0,60,52,6,1,5,0,0,54,90.0,High,Bed Management System,True
BED002806,KPJ_01,JCORP Specialist Hospital,2026-06-02,Surgical Ward,55,0,55,48,6,1,4,0,1,50,90.91,High,Bed Management System,True
BED002807,KPJ_01,JCORP Specialist Hospital,2026-06-02,Maternity Ward,45,0,45,37,4,0,3,0,0,38,84.44,Normal,Bed Management System,True
BED002808,KPJ_01,JCORP Specialist Hospital,2026-06-02,Paediatric Ward,40,0,40,34,3,0,2,0,0,35,87.5,High,Bed Management System,True
BED002809,KPJ_01,JCORP Specialist Hospital,2026-06-03,Medical Ward,60,0,60,54,7,1,6,1,0,55,91.67,High,Bed Management System,True
BED002810,KPJ_01,JCORP Specialist Hospital,2026-06-03,Surgical Ward,55,0,55,50,6,0,5,1,0,50,90.91,High,Bed Management System,True
BED002811,KPJ_01,JCORP Specialist Hospital,2026-06-03,Maternity Ward,45,1,44,38,4,0,3,1,0,38,86.36,High,Bed Management System,True
BED002812,KPJ_01,JCORP Specialist Hospital,2026-06-03,Paediatric Ward,40,0,40,35,3,0,3,0,0,35,87.5,High,Bed Management System,True
BED002813,KPJ_01,JCORP Specialist Hospital,2026-06-04,Medical Ward,60,0,60,55,5,1,5,1,0,55,91.67,High,Bed Management System,True
BED002814,KPJ_01,JCORP Specialist Hospital,2026-06-04,Surgical Ward,55,0,55,50,4,1,4,0,1,50,90.91,High,Bed Management System,True
BED002815,KPJ_01,JCORP Specialist Hospital,2026-06-04,Maternity Ward,45,0,45,38,3,1,3,0,0,39,86.67,High,Bed Management System,True
BED002816,KPJ_01,JCORP Specialist Hospital,2026-06-04,Paediatric Ward,40,0,40,35,3,0,3,0,0,35,87.5,High,Bed Management System,True
BED002817,KPJ_01,JCORP Specialist Hospital,2026-06-05,Medical Ward,60,1,59,55,6,1,5,1,2,54,91.53,High,Bed Management System,True
BED002818,KPJ_01,JCORP Specialist Hospital,2026-06-05,Surgical Ward,55,3,52,50,5,1,5,0,4,47,90.38,High,Bed Management System,True
BED002819,KPJ_01,JCORP Specialist Hospital,2026-06-05,Maternity Ward,45,0,45,39,4,0,3,0,1,39,86.67,High,Bed Management System,True
BED002820,KPJ_01,JCORP Specialist Hospital,2026-06-05,Paediatric Ward,40,3,37,35,3,0,3,0,2,33,89.19,High,Bed Management System,True
BED002821,KPJ_01,JCORP Specialist Hospital,2026-06-06,Medical Ward,60,0,60,54,4,0,3,1,1,53,88.33,High,Bed Management System,True
BED002822,KPJ_01,JCORP Specialist Hospital,2026-06-06,Surgical Ward,55,0,55,47,3,0,2,0,0,48,87.27,High,Bed Management System,True
BED002823,KPJ_01,JCORP Specialist Hospital,2026-06-06,Maternity Ward,45,1,44,39,3,0,2,0,2,38,86.36,High,Bed Management System,True
BED002824,KPJ_01,JCORP Specialist Hospital,2026-06-06,Paediatric Ward,40,1,39,33,2,0,1,0,0,34,87.18,High,Bed Management System,True
BED002825,KPJ_01,JCORP Specialist Hospital,2026-06-07,Medical Ward,60,2,58,53,5,1,4,1,1,53,91.38,High,Bed Management System,True
BED002826,KPJ_01,JCORP Specialist Hospital,2026-06-07,Surgical Ward,55,1,54,48,5,0,3,0,1,49,90.74,High,Bed Management System,True
BED002827,KPJ_01,JCORP Specialist Hospital,2026-06-07,Maternity Ward,45,1,44,38,3,0,3,0,0,38,86.36,High,Bed Management System,True
BED002828,KPJ_01,JCORP Specialist Hospital,2026-06-07,Paediatric Ward,40,0,40,34,3,0,2,0,1,34,85.0,Normal,Bed Management System,True
BED002829,KPJ_01,JCORP Specialist Hospital,2026-06-08,Medical Ward,60,2,58,53,6,1,6,1,0,53,91.38,High,Bed Management System,True
BED002830,KPJ_01,JCORP Specialist Hospital,2026-06-08,Surgical Ward,55,1,54,49,6,0,5,0,1,49,90.74,High,Bed Management System,True
BED002831,KPJ_01,JCORP Specialist Hospital,2026-06-08,Maternity Ward,45,0,45,38,4,0,3,0,0,39,86.67,High,Bed Management System,True
BED002832,KPJ_01,JCORP Specialist Hospital,2026-06-08,Paediatric Ward,40,0,40,34,3,0,3,0,0,34,85.0,Normal,Bed Management System,True
BED002833,KPJ_01,JCORP Specialist Hospital,2026-06-09,Medical Ward,60,1,59,53,6,1,6,1,0,53,89.83,High,Bed Management System,True
BED002834,KPJ_01,JCORP Specialist Hospital,2026-06-09,Surgical Ward,55,0,55,49,5,0,5,1,0,48,87.27,High,Bed Management System,True
BED002835,KPJ_01,JCORP Specialist Hospital,2026-06-09,Maternity Ward,45,0,45,39,4,0,3,0,1,39,86.67,High,Bed Management System,True
BED002836,KPJ_01,JCORP Specialist Hospital,2026-06-09,Paediatric Ward,40,0,40,34,3,0,3,0,0,34,85.0,Normal,Bed Management System,True
BED002837,KPJ_01,JCORP Specialist Hospital,2026-06-10,Medical Ward,60,1,59,53,4,1,4,1,0,53,89.83,High,Bed Management System,True
BED002838,KPJ_01,JCORP Specialist Hospital,2026-06-10,Surgical Ward,55,2,53,48,3,1,3,0,1,48,90.57,High,Bed Management System,True
BED002839,KPJ_01,JCORP Specialist Hospital,2026-06-10,Maternity Ward,45,0,45,39,3,0,3,0,0,39,86.67,High,Bed Management System,True
BED002840,KPJ_01,JCORP Specialist Hospital,2026-06-10,Paediatric Ward,40,0,40,34,2,0,2,0,0,34,85.0,Normal,Bed Management System,True
BED002841,KPJ_01,JCORP Specialist Hospital,2026-06-11,Medical Ward,60,0,60,53,6,1,6,1,0,53,88.33,High,Bed Management System,True
BED002842,KPJ_01,JCORP Specialist Hospital,2026-06-11,Surgical Ward,55,0,55,48,5,1,5,0,0,49,89.09,High,Bed Management System,True
BED002843,KPJ_01,JCORP Specialist Hospital,2026-06-11,Maternity Ward,45,2,43,39,4,0,3,0,2,38,88.37,High,Bed Management System,True
BED002844,KPJ_01,JCORP Specialist Hospital,2026-06-11,Paediatric Ward,40,0,40,34,3,0,3,0,0,34,85.0,Normal,Bed Management System,True
BED002845,KPJ_01,JCORP Specialist Hospital,2026-06-12,Medical Ward,60,0,60,53,6,1,7,1,0,52,86.67,High,Bed Management System,True
BED002846,KPJ_01,JCORP Specialist Hospital,2026-06-12,Surgical Ward,55,0,55,49,6,0,6,1,0,48,87.27,High,Bed Management System,True
BED002847,KPJ_01,JCORP Specialist Hospital,2026-06-12,Maternity Ward,45,0,45,38,4,0,5,0,0,37,82.22,Normal,Bed Management System,True
BED002848,KPJ_01,JCORP Specialist Hospital,2026-06-12,Paediatric Ward,40,0,40,34,3,0,3,0,1,33,82.5,Normal,Bed Management System,True
BED002849,KPJ_01,JCORP Specialist Hospital,2026-06-13,Medical Ward,60,3,57,52,6,1,6,1,0,52,91.23,High,Bed Management System,True
BED002850,KPJ_01,JCORP Specialist Hospital,2026-06-13,Surgical Ward,55,0,55,48,5,1,6,1,0,47,85.45,High,Bed Management System,True
BED002851,KPJ_01,JCORP Specialist Hospital,2026-06-13,Maternity Ward,45,1,44,37,3,1,4,0,0,37,84.09,Normal,Bed Management System,True
BED002852,KPJ_01,JCORP Specialist Hospital,2026-06-13,Paediatric Ward,40,1,39,33,3,0,3,0,0,33,84.62,Normal,Bed Management System,True
BED002853,KPJ_01,JCORP Specialist Hospital,2026-06-14,Medical Ward,60,2,58,52,6,1,7,1,0,51,87.93,High,Bed Management System,True
BED002854,KPJ_01,JCORP Specialist Hospital,2026-06-14,Surgical Ward,55,0,55,47,5,1,6,1,0,46,83.64,Normal,Bed Management System,True
BED002855,KPJ_01,JCORP Specialist Hospital,2026-06-14,Maternity Ward,45,0,45,37,3,0,4,1,0,35,77.78,Normal,Bed Management System,True
BED002856,KPJ_01,JCORP Specialist Hospital,2026-06-14,Paediatric Ward,40,0,40,33,3,0,3,0,0,33,82.5,Normal,Bed Management System,True
BED002857,KPJ_01,JCORP Specialist Hospital,2026-06-15,Medical Ward,60,1,59,51,5,1,5,1,0,51,86.44,High,Bed Management System,True
BED002858,KPJ_01,JCORP Specialist Hospital,2026-06-15,Surgical Ward,55,1,54,46,4,0,4,1,0,45,83.33,Normal,Bed Management System,True
BED002859,KPJ_01,JCORP Specialist Hospital,2026-06-15,Maternity Ward,45,0,45,35,3,0,3,1,1,33,73.33,Underutilised,Bed Management System,True
BED002860,KPJ_01,JCORP Specialist Hospital,2026-06-15,Paediatric Ward,40,1,39,33,3,0,3,1,0,32,82.05,Normal,Bed Management System,True
BED002861,KPJ_01,JCORP Specialist Hospital,2026-06-16,Medical Ward,60,0,60,51,5,1,5,1,0,51,85.0,Normal,Bed Management System,True
BED002862,KPJ_01,JCORP Specialist Hospital,2026-06-16,Surgical Ward,55,0,55,45,5,1,5,1,0,45,81.82,Normal,Bed Management System,True
BED002863,KPJ_01,JCORP Specialist Hospital,2026-06-16,Maternity Ward,45,1,44,33,3,0,3,0,0,33,75.0,Normal,Bed Management System,True
BED002864,KPJ_01,JCORP Specialist Hospital,2026-06-16,Paediatric Ward,40,0,40,32,3,0,3,0,0,32,80.0,Normal,Bed Management System,True
BED002865,KPJ_01,JCORP Specialist Hospital,2026-06-17,Medical Ward,60,0,60,51,5,1,5,1,0,51,85.0,Normal,Bed Management System,True
BED002866,KPJ_01,JCORP Specialist Hospital,2026-06-17,Surgical Ward,55,2,53,45,4,1,5,0,0,45,84.91,Normal,Bed Management System,True
BED002867,KPJ_01,JCORP Specialist Hospital,2026-06-17,Maternity Ward,45,0,45,33,3,1,3,0,0,34,75.56,Normal,Bed Management System,True
BED002868,KPJ_01,JCORP Specialist Hospital,2026-06-17,Paediatric Ward,40,0,40,32,2,0,3,0,0,31,77.5,Normal,Bed Management System,True
BED002869,KPJ_01,JCORP Specialist Hospital,2026-06-18,Medical Ward,60,2,58,51,6,0,6,1,0,50,86.21,High,Bed Management System,True
BED002870,KPJ_01,JCORP Specialist Hospital,2026-06-18,Surgical Ward,55,0,55,45,5,0,5,1,0,44,80.0,Normal,Bed Management System,True
BED002871,KPJ_01,JCORP Specialist Hospital,2026-06-18,Maternity Ward,45,0,45,34,3,0,4,0,0,33,73.33,Underutilised,Bed Management System,True
BED002872,KPJ_01,JCORP Specialist Hospital,2026-06-18,Paediatric Ward,40,0,40,31,3,0,3,0,0,31,77.5,Normal,Bed Management System,True
BED002873,KPJ_01,JCORP Specialist Hospital,2026-06-19,Medical Ward,60,0,60,50,5,1,4,1,0,51,85.0,Normal,Bed Management System,True
BED002874,KPJ_01,JCORP Specialist Hospital,2026-06-19,Surgical Ward,55,2,53,44,4,0,4,1,0,43,81.13,Normal,Bed Management System,True
BED002875,KPJ_01,JCORP Specialist Hospital,2026-06-19,Maternity Ward,45,1,44,33,3,0,3,0,0,33,75.0,Normal,Bed Management System,True
BED002876,KPJ_01,JCORP Specialist Hospital,2026-06-19,Paediatric Ward,40,0,40,31,3,0,2,0,0,32,80.0,Normal,Bed Management System,True
BED002877,KPJ_01,JCORP Specialist Hospital,2026-06-20,Medical Ward,60,0,60,51,6,1,6,1,0,51,85.0,Normal,Bed Management System,True
BED002878,KPJ_01,JCORP Specialist Hospital,2026-06-20,Surgical Ward,55,1,54,43,5,1,5,0,0,44,81.48,Normal,Bed Management System,True
BED002879,KPJ_01,JCORP Specialist Hospital,2026-06-20,Maternity Ward,45,0,45,33,3,1,3,0,0,34,75.56,Normal,Bed Management System,True
BED002880,KPJ_01,JCORP Specialist Hospital,2026-06-20,Paediatric Ward,40,1,39,32,3,0,3,0,0,32,82.05,Normal,Bed Management System,True
BED002881,KPJ_01,JCORP Specialist Hospital,2026-06-21,Medical Ward,60,1,59,51,5,1,5,0,0,52,88.14,High,Bed Management System,True
BED002882,KPJ_01,JCORP Specialist Hospital,2026-06-21,Surgical Ward,55,2,53,44,4,1,5,0,0,44,83.02,Normal,Bed Management System,True
BED002883,KPJ_01,JCORP Specialist Hospital,2026-06-21,Maternity Ward,45,0,45,34,3,0,3,0,0,34,75.56,Normal,Bed Management System,True
BED002884,KPJ_01,JCORP Specialist Hospital,2026-06-21,Paediatric Ward,40,0,40,32,3,0,3,0,0,32,80.0,Normal,Bed Management System,True
BED002885,KPJ_01,JCORP Specialist Hospital,2026-06-22,Medical Ward,60,0,60,52,5,1,5,1,0,52,86.67,High,Bed Management System,True
BED002886,KPJ_01,JCORP Specialist Hospital,2026-06-22,Surgical Ward,55,0,55,44,4,0,4,1,0,43,78.18,Normal,Bed Management System,True
BED002887,KPJ_01,JCORP Specialist Hospital,2026-06-22,Maternity Ward,45,0,45,34,3,0,3,0,0,34,75.56,Normal,Bed Management System,True
BED002888,KPJ_01,JCORP Specialist Hospital,2026-06-22,Paediatric Ward,40,0,40,32,2,0,3,0,0,31,77.5,Normal,Bed Management System,True
BED002889,KPJ_01,JCORP Specialist Hospital,2026-06-23,Medical Ward,60,0,60,52,5,1,4,1,0,53,88.33,High,Bed Management System,True
BED002890,KPJ_01,JCORP Specialist Hospital,2026-06-23,Surgical Ward,55,2,53,43,4,1,3,0,0,45,84.91,Normal,Bed Management System,True
BED002891,KPJ_01,JCORP Specialist Hospital,2026-06-23,Maternity Ward,45,0,45,34,3,0,3,0,0,34,75.56,Normal,Bed Management System,True
BED002892,KPJ_01,JCORP Specialist Hospital,2026-06-23,Paediatric Ward,40,2,38,31,2,0,2,0,0,31,81.58,Normal,Bed Management System,True
BED002893,KPJ_01,JCORP Specialist Hospital,2026-06-24,Medical Ward,60,0,60,53,6,1,6,1,0,53,88.33,High,Bed Management System,True
BED002894,KPJ_01,JCORP Specialist Hospital,2026-06-24,Surgical Ward,55,0,55,45,5,0,5,1,0,44,80.0,Normal,Bed Management System,True
BED002895,KPJ_01,JCORP Specialist Hospital,2026-06-24,Maternity Ward,45,1,44,34,4,0,3,0,0,35,79.55,Normal,Bed Management System,True
BED002896,KPJ_01,JCORP Specialist Hospital,2026-06-24,Paediatric Ward,40,1,39,31,3,0,3,0,0,31,79.49,Normal,Bed Management System,True
BED002897,KPJ_01,JCORP Specialist Hospital,2026-06-25,Medical Ward,60,3,57,53,6,0,6,1,0,52,91.23,High,Bed Management System,True
BED002898,KPJ_01,JCORP Specialist Hospital,2026-06-25,Surgical Ward,55,2,53,44,5,0,5,0,0,44,83.02,Normal,Bed Management System,True
BED002899,KPJ_01,JCORP Specialist Hospital,2026-06-25,Maternity Ward,45,0,45,35,3,0,4,0,0,34,75.56,Normal,Bed Management System,True
BED002900,KPJ_01,JCORP Specialist Hospital,2026-06-25,Paediatric Ward,40,1,39,31,3,0,3,0,0,31,79.49,Normal,Bed Management System,True
BED002901,KPJ_01,JCORP Specialist Hospital,2026-06-26,Medical Ward,60,1,59,52,6,1,5,1,0,53,89.83,High,Bed Management System,True
BED002902,KPJ_01,JCORP Specialist Hospital,2026-06-26,Surgical Ward,55,0,55,44,5,1,4,1,0,45,81.82,Normal,Bed Management System,True
BED002903,KPJ_01,JCORP Specialist Hospital,2026-06-26,Maternity Ward,45,1,44,34,4,0,3,0,0,35,79.55,Normal,Bed Management System,True
BED002904,KPJ_01,JCORP Specialist Hospital,2026-06-26,Paediatric Ward,40,0,40,31,3,0,3,0,0,31,77.5,Normal,Bed Management System,True
BED002905,KPJ_01,JCORP Specialist Hospital,2026-06-27,Medical Ward,60,0,60,53,5,1,5,1,0,53,88.33,High,Bed Management System,True
BED002906,KPJ_01,JCORP Specialist Hospital,2026-06-27,Surgical Ward,55,1,54,45,5,1,4,0,0,47,87.04,High,Bed Management System,True
BED002907,KPJ_01,JCORP Specialist Hospital,2026-06-27,Maternity Ward,45,0,45,35,3,0,3,0,0,35,77.78,Normal,Bed Management System,True
BED002908,KPJ_01,JCORP Specialist Hospital,2026-06-27,Paediatric Ward,40,1,39,31,3,0,3,0,0,31,79.49,Normal,Bed Management System,True
BED002909,KPJ_01,JCORP Specialist Hospital,2026-06-28,Medical Ward,60,1,59,53,5,1,5,1,0,53,89.83,High,Bed Management System,True
BED002910,KPJ_01,JCORP Specialist Hospital,2026-06-28,Surgical Ward,55,0,55,47,4,1,4,1,0,47,85.45,High,Bed Management System,True
BED002911,KPJ_01,JCORP Specialist Hospital,2026-06-28,Maternity Ward,45,1,44,35,3,1,3,0,0,36,81.82,Normal,Bed Management System,True
BED002912,KPJ_01,JCORP Specialist Hospital,2026-06-28,Paediatric Ward,40,1,39,31,3,0,3,0,0,31,79.49,Normal,Bed Management System,True
BED002913,KPJ_01,JCORP Specialist Hospital,2026-06-29,Medical Ward,60,0,60,53,6,1,7,1,0,52,86.67,High,Bed Management System,True
BED002914,KPJ_01,JCORP Specialist Hospital,2026-06-29,Surgical Ward,55,0,55,47,5,0,6,0,0,46,83.64,Normal,Bed Management System,True
BED002915,KPJ_01,JCORP Specialist Hospital,2026-06-29,Maternity Ward,45,0,45,36,4,0,4,0,0,36,80.0,Normal,Bed Management System,True
BED002916,KPJ_01,JCORP Specialist Hospital,2026-06-29,Paediatric Ward,40,0,40,31,3,0,3,0,0,31,77.5,Normal,Bed Management System,True
BED002917,KPJ_01,JCORP Specialist Hospital,2026-06-30,Medical Ward,60,0,60,52,4,1,3,1,0,53,88.33,High,Bed Management System,True
BED002918,KPJ_01,JCORP Specialist Hospital,2026-06-30,Surgical Ward,55,1,54,46,3,1,3,1,1,45,83.33,Normal,Bed Management System,True
BED002919,KPJ_01,JCORP Specialist Hospital,2026-06-30,Maternity Ward,45,0,45,36,3,1,2,0,0,38,84.44,Normal,Bed Management System,True
BED002920,KPJ_01,JCORP Specialist Hospital,2026-06-30,Paediatric Ward,40,0,40,31,2,0,2,0,0,31,77.5,Normal,Bed Management System,True
