encounter_record_id,hospital_id,hospital_name,encounter_date,service_area,encounter_type,patient_encounters,queue_eligible_encounters,survey_eligible_encounters,admissions,discharges,transfers_in,transfers_out,source_system,synthetic_flag
EN000001,KPJ_01,JCORP Specialist Hospital,2024-07-01,Emergency Department,Emergency,159,146,52,0,0,0,0,Hospital Information System,True
EN000002,KPJ_01,JCORP Specialist Hospital,2024-07-01,Outpatient Department,Outpatient,301,278,237,0,0,0,0,Hospital Information System,True
EN000003,KPJ_01,JCORP Specialist Hospital,2024-07-01,Inpatient Wards,Inpatient,74,0,43,15,16,3,1,Hospital Information System,True
EN000004,KPJ_01,JCORP Specialist Hospital,2024-07-02,Emergency Department,Emergency,161,145,56,0,0,0,0,Hospital Information System,True
EN000005,KPJ_01,JCORP Specialist Hospital,2024-07-02,Outpatient Department,Outpatient,314,302,250,0,0,0,0,Hospital Information System,True
EN000006,KPJ_01,JCORP Specialist Hospital,2024-07-02,Inpatient Wards,Inpatient,79,0,47,13,13,1,2,Hospital Information System,True
EN000007,KPJ_01,JCORP Specialist Hospital,2024-07-03,Emergency Department,Emergency,148,138,55,0,0,0,0,Hospital Information System,True
EN000008,KPJ_01,JCORP Specialist Hospital,2024-07-03,Outpatient Department,Outpatient,312,290,224,0,0,0,0,Hospital Information System,True
EN000009,KPJ_01,JCORP Specialist Hospital,2024-07-03,Inpatient Wards,Inpatient,95,0,57,16,18,3,3,Hospital Information System,True
EN000010,KPJ_01,JCORP Specialist Hospital,2024-07-04,Emergency Department,Emergency,164,146,58,0,0,0,0,Hospital Information System,True
EN000011,KPJ_01,JCORP Specialist Hospital,2024-07-04,Outpatient Department,Outpatient,315,295,225,0,0,0,0,Hospital Information System,True
EN000012,KPJ_01,JCORP Specialist Hospital,2024-07-04,Inpatient Wards,Inpatient,87,0,49,15,15,1,1,Hospital Information System,True
EN000013,KPJ_01,JCORP Specialist Hospital,2024-07-05,Emergency Department,Emergency,156,142,58,0,0,0,0,Hospital Information System,True
EN000014,KPJ_01,JCORP Specialist Hospital,2024-07-05,Outpatient Department,Outpatient,327,308,252,0,0,0,0,Hospital Information System,True
EN000015,KPJ_01,JCORP Specialist Hospital,2024-07-05,Inpatient Wards,Inpatient,75,0,38,11,13,1,2,Hospital Information System,True
EN000016,KPJ_01,JCORP Specialist Hospital,2024-07-06,Emergency Department,Emergency,162,146,60,0,0,0,0,Hospital Information System,True
EN000017,KPJ_01,JCORP Specialist Hospital,2024-07-06,Outpatient Department,Outpatient,114,107,88,0,0,0,0,Hospital Information System,True
EN000018,KPJ_01,JCORP Specialist Hospital,2024-07-06,Inpatient Wards,Inpatient,77,0,43,13,14,2,0,Hospital Information System,True
EN000019,KPJ_01,JCORP Specialist Hospital,2024-07-07,Emergency Department,Emergency,189,169,64,0,0,0,0,Hospital Information System,True
EN000020,KPJ_01,JCORP Specialist Hospital,2024-07-07,Outpatient Department,Outpatient,105,97,79,0,0,0,0,Hospital Information System,True
EN000021,KPJ_01,JCORP Specialist Hospital,2024-07-07,Inpatient Wards,Inpatient,87,0,48,19,15,2,2,Hospital Information System,True
EN000022,KPJ_01,JCORP Specialist Hospital,2024-07-08,Emergency Department,Emergency,150,138,47,0,0,0,0,Hospital Information System,True
EN000023,KPJ_01,JCORP Specialist Hospital,2024-07-08,Outpatient Department,Outpatient,365,345,256,0,0,0,0,Hospital Information System,True
EN000024,KPJ_01,JCORP Specialist Hospital,2024-07-08,Inpatient Wards,Inpatient,73,0,37,18,19,2,0,Hospital Information System,True
EN000025,KPJ_01,JCORP Specialist Hospital,2024-07-09,Emergency Department,Emergency,163,150,54,0,0,0,0,Hospital Information System,True
EN000026,KPJ_01,JCORP Specialist Hospital,2024-07-09,Outpatient Department,Outpatient,282,260,203,0,0,0,0,Hospital Information System,True
EN000027,KPJ_01,JCORP Specialist Hospital,2024-07-09,Inpatient Wards,Inpatient,81,0,42,16,16,3,1,Hospital Information System,True
EN000028,KPJ_01,JCORP Specialist Hospital,2024-07-10,Emergency Department,Emergency,143,134,55,0,0,0,0,Hospital Information System,True
EN000029,KPJ_01,JCORP Specialist Hospital,2024-07-10,Outpatient Department,Outpatient,283,271,199,0,0,0,0,Hospital Information System,True
EN000030,KPJ_01,JCORP Specialist Hospital,2024-07-10,Inpatient Wards,Inpatient,83,0,42,19,18,2,2,Hospital Information System,True
EN000031,KPJ_01,JCORP Specialist Hospital,2024-07-11,Emergency Department,Emergency,155,145,49,0,0,0,0,Hospital Information System,True
EN000032,KPJ_01,JCORP Specialist Hospital,2024-07-11,Outpatient Department,Outpatient,336,316,260,0,0,0,0,Hospital Information System,True
EN000033,KPJ_01,JCORP Specialist Hospital,2024-07-11,Inpatient Wards,Inpatient,91,0,54,13,16,3,2,Hospital Information System,True
EN000034,KPJ_01,JCORP Specialist Hospital,2024-07-12,Emergency Department,Emergency,152,140,47,0,0,0,0,Hospital Information System,True
EN000035,KPJ_01,JCORP Specialist Hospital,2024-07-12,Outpatient Department,Outpatient,344,322,267,0,0,0,0,Hospital Information System,True
EN000036,KPJ_01,JCORP Specialist Hospital,2024-07-12,Inpatient Wards,Inpatient,81,0,47,16,16,0,2,Hospital Information System,True
EN000037,KPJ_01,JCORP Specialist Hospital,2024-07-13,Emergency Department,Emergency,195,178,77,0,0,0,0,Hospital Information System,True
EN000038,KPJ_01,JCORP Specialist Hospital,2024-07-13,Outpatient Department,Outpatient,105,99,74,0,0,0,0,Hospital Information System,True
EN000039,KPJ_01,JCORP Specialist Hospital,2024-07-13,Inpatient Wards,Inpatient,80,0,41,14,10,3,1,Hospital Information System,True
EN000040,KPJ_01,JCORP Specialist Hospital,2024-07-14,Emergency Department,Emergency,182,168,58,0,0,0,0,Hospital Information System,True
EN000041,KPJ_01,JCORP Specialist Hospital,2024-07-14,Outpatient Department,Outpatient,111,107,88,0,0,0,0,Hospital Information System,True
EN000042,KPJ_01,JCORP Specialist Hospital,2024-07-14,Inpatient Wards,Inpatient,70,0,38,12,10,2,2,Hospital Information System,True
EN000043,KPJ_01,JCORP Specialist Hospital,2024-07-15,Emergency Department,Emergency,163,147,53,0,0,0,0,Hospital Information System,True
EN000044,KPJ_01,JCORP Specialist Hospital,2024-07-15,Outpatient Department,Outpatient,320,296,233,0,0,0,0,Hospital Information System,True
EN000045,KPJ_01,JCORP Specialist Hospital,2024-07-15,Inpatient Wards,Inpatient,82,0,49,18,15,1,2,Hospital Information System,True
EN000046,KPJ_01,JCORP Specialist Hospital,2024-07-16,Emergency Department,Emergency,161,146,53,0,0,0,0,Hospital Information System,True
EN000047,KPJ_01,JCORP Specialist Hospital,2024-07-16,Outpatient Department,Outpatient,332,321,248,0,0,0,0,Hospital Information System,True
EN000048,KPJ_01,JCORP Specialist Hospital,2024-07-16,Inpatient Wards,Inpatient,87,0,44,15,12,1,1,Hospital Information System,True
EN000049,KPJ_01,JCORP Specialist Hospital,2024-07-17,Emergency Department,Emergency,156,145,48,0,0,0,0,Hospital Information System,True
EN000050,KPJ_01,JCORP Specialist Hospital,2024-07-17,Outpatient Department,Outpatient,303,291,214,0,0,0,0,Hospital Information System,True
EN000051,KPJ_01,JCORP Specialist Hospital,2024-07-17,Inpatient Wards,Inpatient,78,0,39,16,14,1,2,Hospital Information System,True
EN000052,KPJ_01,JCORP Specialist Hospital,2024-07-18,Emergency Department,Emergency,176,163,55,0,0,0,0,Hospital Information System,True
EN000053,KPJ_01,JCORP Specialist Hospital,2024-07-18,Outpatient Department,Outpatient,274,255,218,0,0,0,0,Hospital Information System,True
EN000054,KPJ_01,JCORP Specialist Hospital,2024-07-18,Inpatient Wards,Inpatient,90,0,52,14,13,2,0,Hospital Information System,True
EN000055,KPJ_01,JCORP Specialist Hospital,2024-07-19,Emergency Department,Emergency,152,135,60,0,0,0,0,Hospital Information System,True
EN000056,KPJ_01,JCORP Specialist Hospital,2024-07-19,Outpatient Department,Outpatient,322,308,231,0,0,0,0,Hospital Information System,True
EN000057,KPJ_01,JCORP Specialist Hospital,2024-07-19,Inpatient Wards,Inpatient,78,0,47,13,8,2,2,Hospital Information System,True
EN000058,KPJ_01,JCORP Specialist Hospital,2024-07-20,Emergency Department,Emergency,156,142,48,0,0,0,0,Hospital Information System,True
EN000059,KPJ_01,JCORP Specialist Hospital,2024-07-20,Outpatient Department,Outpatient,106,99,83,0,0,0,0,Hospital Information System,True
EN000060,KPJ_01,JCORP Specialist Hospital,2024-07-20,Inpatient Wards,Inpatient,78,0,46,9,9,1,2,Hospital Information System,True
EN000061,KPJ_01,JCORP Specialist Hospital,2024-07-21,Emergency Department,Emergency,166,156,51,0,0,0,0,Hospital Information System,True
EN000062,KPJ_01,JCORP Specialist Hospital,2024-07-21,Outpatient Department,Outpatient,125,119,99,0,0,0,0,Hospital Information System,True
EN000063,KPJ_01,JCORP Specialist Hospital,2024-07-21,Inpatient Wards,Inpatient,72,0,37,8,9,2,3,Hospital Information System,True
EN000064,KPJ_01,JCORP Specialist Hospital,2024-07-22,Emergency Department,Emergency,146,130,45,0,0,0,0,Hospital Information System,True
EN000065,KPJ_01,JCORP Specialist Hospital,2024-07-22,Outpatient Department,Outpatient,346,330,247,0,0,0,0,Hospital Information System,True
EN000066,KPJ_01,JCORP Specialist Hospital,2024-07-22,Inpatient Wards,Inpatient,86,0,44,12,12,2,2,Hospital Information System,True
EN000067,KPJ_01,JCORP Specialist Hospital,2024-07-23,Emergency Department,Emergency,161,149,58,0,0,0,0,Hospital Information System,True
EN000068,KPJ_01,JCORP Specialist Hospital,2024-07-23,Outpatient Department,Outpatient,333,321,243,0,0,0,0,Hospital Information System,True
EN000069,KPJ_01,JCORP Specialist Hospital,2024-07-23,Inpatient Wards,Inpatient,87,0,45,14,16,2,2,Hospital Information System,True
EN000070,KPJ_01,JCORP Specialist Hospital,2024-07-24,Emergency Department,Emergency,153,139,57,0,0,0,0,Hospital Information System,True
EN000071,KPJ_01,JCORP Specialist Hospital,2024-07-24,Outpatient Department,Outpatient,333,322,242,0,0,0,0,Hospital Information System,True
EN000072,KPJ_01,JCORP Specialist Hospital,2024-07-24,Inpatient Wards,Inpatient,81,0,48,16,17,2,2,Hospital Information System,True
EN000073,KPJ_01,JCORP Specialist Hospital,2024-07-25,Emergency Department,Emergency,140,128,49,0,0,0,0,Hospital Information System,True
EN000074,KPJ_01,JCORP Specialist Hospital,2024-07-25,Outpatient Department,Outpatient,370,354,277,0,0,0,0,Hospital Information System,True
EN000075,KPJ_01,JCORP Specialist Hospital,2024-07-25,Inpatient Wards,Inpatient,74,0,40,18,16,1,1,Hospital Information System,True
EN000076,KPJ_01,JCORP Specialist Hospital,2024-07-26,Emergency Department,Emergency,160,143,49,0,0,0,0,Hospital Information System,True
EN000077,KPJ_01,JCORP Specialist Hospital,2024-07-26,Outpatient Department,Outpatient,334,322,235,0,0,0,0,Hospital Information System,True
EN000078,KPJ_01,JCORP Specialist Hospital,2024-07-26,Inpatient Wards,Inpatient,88,0,44,12,11,2,1,Hospital Information System,True
EN000079,KPJ_01,JCORP Specialist Hospital,2024-07-27,Emergency Department,Emergency,173,162,59,0,0,0,0,Hospital Information System,True
EN000080,KPJ_01,JCORP Specialist Hospital,2024-07-27,Outpatient Department,Outpatient,105,97,75,0,0,0,0,Hospital Information System,True
EN000081,KPJ_01,JCORP Specialist Hospital,2024-07-27,Inpatient Wards,Inpatient,66,0,38,16,16,1,1,Hospital Information System,True
EN000082,KPJ_01,JCORP Specialist Hospital,2024-07-28,Emergency Department,Emergency,163,146,52,0,0,0,0,Hospital Information System,True
EN000083,KPJ_01,JCORP Specialist Hospital,2024-07-28,Outpatient Department,Outpatient,111,104,84,0,0,0,0,Hospital Information System,True
EN000084,KPJ_01,JCORP Specialist Hospital,2024-07-28,Inpatient Wards,Inpatient,79,0,45,12,11,0,3,Hospital Information System,True
EN000085,KPJ_01,JCORP Specialist Hospital,2024-07-29,Emergency Department,Emergency,151,142,57,0,0,0,0,Hospital Information System,True
EN000086,KPJ_01,JCORP Specialist Hospital,2024-07-29,Outpatient Department,Outpatient,315,305,228,0,0,0,0,Hospital Information System,True
EN000087,KPJ_01,JCORP Specialist Hospital,2024-07-29,Inpatient Wards,Inpatient,83,0,43,16,11,2,0,Hospital Information System,True
EN000088,KPJ_01,JCORP Specialist Hospital,2024-07-30,Emergency Department,Emergency,161,147,59,0,0,0,0,Hospital Information System,True
EN000089,KPJ_01,JCORP Specialist Hospital,2024-07-30,Outpatient Department,Outpatient,287,267,225,0,0,0,0,Hospital Information System,True
EN000090,KPJ_01,JCORP Specialist Hospital,2024-07-30,Inpatient Wards,Inpatient,83,0,44,16,15,2,1,Hospital Information System,True
EN000091,KPJ_01,JCORP Specialist Hospital,2024-07-31,Emergency Department,Emergency,157,140,57,0,0,0,0,Hospital Information System,True
EN000092,KPJ_01,JCORP Specialist Hospital,2024-07-31,Outpatient Department,Outpatient,355,336,283,0,0,0,0,Hospital Information System,True
EN000093,KPJ_01,JCORP Specialist Hospital,2024-07-31,Inpatient Wards,Inpatient,75,0,41,18,20,0,3,Hospital Information System,True
EN000094,KPJ_01,JCORP Specialist Hospital,2024-08-01,Emergency Department,Emergency,144,132,45,0,0,0,0,Hospital Information System,True
EN000095,KPJ_01,JCORP Specialist Hospital,2024-08-01,Outpatient Department,Outpatient,311,291,234,0,0,0,0,Hospital Information System,True
EN000096,KPJ_01,JCORP Specialist Hospital,2024-08-01,Inpatient Wards,Inpatient,93,0,53,15,15,1,2,Hospital Information System,True
EN000097,KPJ_01,JCORP Specialist Hospital,2024-08-02,Emergency Department,Emergency,162,145,50,0,0,0,0,Hospital Information System,True
EN000098,KPJ_01,JCORP Specialist Hospital,2024-08-02,Outpatient Department,Outpatient,298,279,221,0,0,0,0,Hospital Information System,True
EN000099,KPJ_01,JCORP Specialist Hospital,2024-08-02,Inpatient Wards,Inpatient,88,0,44,14,15,3,0,Hospital Information System,True
EN000100,KPJ_01,JCORP Specialist Hospital,2024-08-03,Emergency Department,Emergency,206,191,63,0,0,0,0,Hospital Information System,True
EN000101,KPJ_01,JCORP Specialist Hospital,2024-08-03,Outpatient Department,Outpatient,117,108,92,0,0,0,0,Hospital Information System,True
EN000102,KPJ_01,JCORP Specialist Hospital,2024-08-03,Inpatient Wards,Inpatient,79,0,44,17,17,2,2,Hospital Information System,True
EN000103,KPJ_01,JCORP Specialist Hospital,2024-08-04,Emergency Department,Emergency,174,161,68,0,0,0,0,Hospital Information System,True
EN000104,KPJ_01,JCORP Specialist Hospital,2024-08-04,Outpatient Department,Outpatient,121,113,91,0,0,0,0,Hospital Information System,True
EN000105,KPJ_01,JCORP Specialist Hospital,2024-08-04,Inpatient Wards,Inpatient,86,0,48,13,10,2,3,Hospital Information System,True
EN000106,KPJ_01,JCORP Specialist Hospital,2024-08-05,Emergency Department,Emergency,172,157,61,0,0,0,0,Hospital Information System,True
EN000107,KPJ_01,JCORP Specialist Hospital,2024-08-05,Outpatient Department,Outpatient,323,309,253,0,0,0,0,Hospital Information System,True
EN000108,KPJ_01,JCORP Specialist Hospital,2024-08-05,Inpatient Wards,Inpatient,77,0,46,13,11,4,1,Hospital Information System,True
EN000109,KPJ_01,JCORP Specialist Hospital,2024-08-06,Emergency Department,Emergency,169,159,56,0,0,0,0,Hospital Information System,True
EN000110,KPJ_01,JCORP Specialist Hospital,2024-08-06,Outpatient Department,Outpatient,319,302,230,0,0,0,0,Hospital Information System,True
EN000111,KPJ_01,JCORP Specialist Hospital,2024-08-06,Inpatient Wards,Inpatient,84,0,47,16,17,2,3,Hospital Information System,True
EN000112,KPJ_01,JCORP Specialist Hospital,2024-08-07,Emergency Department,Emergency,171,161,66,0,0,0,0,Hospital Information System,True
EN000113,KPJ_01,JCORP Specialist Hospital,2024-08-07,Outpatient Department,Outpatient,326,306,254,0,0,0,0,Hospital Information System,True
EN000114,KPJ_01,JCORP Specialist Hospital,2024-08-07,Inpatient Wards,Inpatient,91,0,46,15,18,2,1,Hospital Information System,True
EN000115,KPJ_01,JCORP Specialist Hospital,2024-08-08,Emergency Department,Emergency,152,140,52,0,0,0,0,Hospital Information System,True
EN000116,KPJ_01,JCORP Specialist Hospital,2024-08-08,Outpatient Department,Outpatient,288,272,213,0,0,0,0,Hospital Information System,True
EN000117,KPJ_01,JCORP Specialist Hospital,2024-08-08,Inpatient Wards,Inpatient,81,0,45,16,15,3,2,Hospital Information System,True
EN000118,KPJ_01,JCORP Specialist Hospital,2024-08-09,Emergency Department,Emergency,150,135,54,0,0,0,0,Hospital Information System,True
EN000119,KPJ_01,JCORP Specialist Hospital,2024-08-09,Outpatient Department,Outpatient,359,337,261,0,0,0,0,Hospital Information System,True
EN000120,KPJ_01,JCORP Specialist Hospital,2024-08-09,Inpatient Wards,Inpatient,83,0,42,13,12,2,2,Hospital Information System,True
EN000121,KPJ_01,JCORP Specialist Hospital,2024-08-10,Emergency Department,Emergency,171,154,63,0,0,0,0,Hospital Information System,True
EN000122,KPJ_01,JCORP Specialist Hospital,2024-08-10,Outpatient Department,Outpatient,108,100,85,0,0,0,0,Hospital Information System,True
EN000123,KPJ_01,JCORP Specialist Hospital,2024-08-10,Inpatient Wards,Inpatient,68,0,40,11,10,2,2,Hospital Information System,True
EN000124,KPJ_01,JCORP Specialist Hospital,2024-08-11,Emergency Department,Emergency,174,156,57,0,0,0,0,Hospital Information System,True
EN000125,KPJ_01,JCORP Specialist Hospital,2024-08-11,Outpatient Department,Outpatient,130,126,94,0,0,0,0,Hospital Information System,True
EN000126,KPJ_01,JCORP Specialist Hospital,2024-08-11,Inpatient Wards,Inpatient,86,0,47,15,13,2,0,Hospital Information System,True
EN000127,KPJ_01,JCORP Specialist Hospital,2024-08-12,Emergency Department,Emergency,164,149,58,0,0,0,0,Hospital Information System,True
EN000128,KPJ_01,JCORP Specialist Hospital,2024-08-12,Outpatient Department,Outpatient,377,354,271,0,0,0,0,Hospital Information System,True
EN000129,KPJ_01,JCORP Specialist Hospital,2024-08-12,Inpatient Wards,Inpatient,81,0,41,16,15,2,0,Hospital Information System,True
EN000130,KPJ_01,JCORP Specialist Hospital,2024-08-13,Emergency Department,Emergency,148,135,56,0,0,0,0,Hospital Information System,True
EN000131,KPJ_01,JCORP Specialist Hospital,2024-08-13,Outpatient Department,Outpatient,338,315,265,0,0,0,0,Hospital Information System,True
EN000132,KPJ_01,JCORP Specialist Hospital,2024-08-13,Inpatient Wards,Inpatient,86,0,51,13,10,3,2,Hospital Information System,True
EN000133,KPJ_01,JCORP Specialist Hospital,2024-08-14,Emergency Department,Emergency,167,151,53,0,0,0,0,Hospital Information System,True
EN000134,KPJ_01,JCORP Specialist Hospital,2024-08-14,Outpatient Department,Outpatient,299,276,233,0,0,0,0,Hospital Information System,True
EN000135,KPJ_01,JCORP Specialist Hospital,2024-08-14,Inpatient Wards,Inpatient,82,0,46,18,16,2,1,Hospital Information System,True
EN000136,KPJ_01,JCORP Specialist Hospital,2024-08-15,Emergency Department,Emergency,169,151,63,0,0,0,0,Hospital Information System,True
EN000137,KPJ_01,JCORP Specialist Hospital,2024-08-15,Outpatient Department,Outpatient,300,279,214,0,0,0,0,Hospital Information System,True
EN000138,KPJ_01,JCORP Specialist Hospital,2024-08-15,Inpatient Wards,Inpatient,81,0,48,12,12,2,2,Hospital Information System,True
EN000139,KPJ_01,JCORP Specialist Hospital,2024-08-16,Emergency Department,Emergency,151,139,49,0,0,0,0,Hospital Information System,True
EN000140,KPJ_01,JCORP Specialist Hospital,2024-08-16,Outpatient Department,Outpatient,327,306,255,0,0,0,0,Hospital Information System,True
EN000141,KPJ_01,JCORP Specialist Hospital,2024-08-16,Inpatient Wards,Inpatient,99,0,58,19,20,1,1,Hospital Information System,True
EN000142,KPJ_01,JCORP Specialist Hospital,2024-08-17,Emergency Department,Emergency,152,142,47,0,0,0,0,Hospital Information System,True
EN000143,KPJ_01,JCORP Specialist Hospital,2024-08-17,Outpatient Department,Outpatient,130,123,97,0,0,0,0,Hospital Information System,True
EN000144,KPJ_01,JCORP Specialist Hospital,2024-08-17,Inpatient Wards,Inpatient,79,0,40,17,13,3,3,Hospital Information System,True
EN000145,KPJ_01,JCORP Specialist Hospital,2024-08-18,Emergency Department,Emergency,161,146,48,0,0,0,0,Hospital Information System,True
EN000146,KPJ_01,JCORP Specialist Hospital,2024-08-18,Outpatient Department,Outpatient,130,120,96,0,0,0,0,Hospital Information System,True
EN000147,KPJ_01,JCORP Specialist Hospital,2024-08-18,Inpatient Wards,Inpatient,72,0,42,7,7,3,3,Hospital Information System,True
EN000148,KPJ_01,JCORP Specialist Hospital,2024-08-19,Emergency Department,Emergency,156,143,60,0,0,0,0,Hospital Information System,True
EN000149,KPJ_01,JCORP Specialist Hospital,2024-08-19,Outpatient Department,Outpatient,347,332,250,0,0,0,0,Hospital Information System,True
EN000150,KPJ_01,JCORP Specialist Hospital,2024-08-19,Inpatient Wards,Inpatient,92,0,52,14,17,1,2,Hospital Information System,True
EN000151,KPJ_01,JCORP Specialist Hospital,2024-08-20,Emergency Department,Emergency,148,135,55,0,0,0,0,Hospital Information System,True
EN000152,KPJ_01,JCORP Specialist Hospital,2024-08-20,Outpatient Department,Outpatient,315,299,235,0,0,0,0,Hospital Information System,True
EN000153,KPJ_01,JCORP Specialist Hospital,2024-08-20,Inpatient Wards,Inpatient,81,0,41,11,12,3,3,Hospital Information System,True
EN000154,KPJ_01,JCORP Specialist Hospital,2024-08-21,Emergency Department,Emergency,155,145,56,0,0,0,0,Hospital Information System,True
EN000155,KPJ_01,JCORP Specialist Hospital,2024-08-21,Outpatient Department,Outpatient,314,296,232,0,0,0,0,Hospital Information System,True
EN000156,KPJ_01,JCORP Specialist Hospital,2024-08-21,Inpatient Wards,Inpatient,86,0,51,16,15,3,1,Hospital Information System,True
EN000157,KPJ_01,JCORP Specialist Hospital,2024-08-22,Emergency Department,Emergency,153,137,47,0,0,0,0,Hospital Information System,True
EN000158,KPJ_01,JCORP Specialist Hospital,2024-08-22,Outpatient Department,Outpatient,317,295,243,0,0,0,0,Hospital Information System,True
EN000159,KPJ_01,JCORP Specialist Hospital,2024-08-22,Inpatient Wards,Inpatient,89,0,46,17,14,2,1,Hospital Information System,True
EN000160,KPJ_01,JCORP Specialist Hospital,2024-08-23,Emergency Department,Emergency,162,148,64,0,0,0,0,Hospital Information System,True
EN000161,KPJ_01,JCORP Specialist Hospital,2024-08-23,Outpatient Department,Outpatient,355,344,281,0,0,0,0,Hospital Information System,True
EN000162,KPJ_01,JCORP Specialist Hospital,2024-08-23,Inpatient Wards,Inpatient,74,0,42,10,8,2,2,Hospital Information System,True
EN000163,KPJ_01,JCORP Specialist Hospital,2024-08-24,Emergency Department,Emergency,172,156,67,0,0,0,0,Hospital Information System,True
EN000164,KPJ_01,JCORP Specialist Hospital,2024-08-24,Outpatient Department,Outpatient,104,99,82,0,0,0,0,Hospital Information System,True
EN000165,KPJ_01,JCORP Specialist Hospital,2024-08-24,Inpatient Wards,Inpatient,71,0,38,16,13,2,1,Hospital Information System,True
EN000166,KPJ_01,JCORP Specialist Hospital,2024-08-25,Emergency Department,Emergency,176,164,64,0,0,0,0,Hospital Information System,True
EN000167,KPJ_01,JCORP Specialist Hospital,2024-08-25,Outpatient Department,Outpatient,107,102,85,0,0,0,0,Hospital Information System,True
EN000168,KPJ_01,JCORP Specialist Hospital,2024-08-25,Inpatient Wards,Inpatient,73,0,43,13,16,2,3,Hospital Information System,True
EN000169,KPJ_01,JCORP Specialist Hospital,2024-08-26,Emergency Department,Emergency,160,149,62,0,0,0,0,Hospital Information System,True
EN000170,KPJ_01,JCORP Specialist Hospital,2024-08-26,Outpatient Department,Outpatient,347,320,258,0,0,0,0,Hospital Information System,True
EN000171,KPJ_01,JCORP Specialist Hospital,2024-08-26,Inpatient Wards,Inpatient,89,0,51,14,16,1,0,Hospital Information System,True
EN000172,KPJ_01,JCORP Specialist Hospital,2024-08-27,Emergency Department,Emergency,141,128,56,0,0,0,0,Hospital Information System,True
EN000173,KPJ_01,JCORP Specialist Hospital,2024-08-27,Outpatient Department,Outpatient,318,298,231,0,0,0,0,Hospital Information System,True
EN000174,KPJ_01,JCORP Specialist Hospital,2024-08-27,Inpatient Wards,Inpatient,78,0,46,16,18,1,2,Hospital Information System,True
EN000175,KPJ_01,JCORP Specialist Hospital,2024-08-28,Emergency Department,Emergency,154,139,58,0,0,0,0,Hospital Information System,True
EN000176,KPJ_01,JCORP Specialist Hospital,2024-08-28,Outpatient Department,Outpatient,332,316,252,0,0,0,0,Hospital Information System,True
EN000177,KPJ_01,JCORP Specialist Hospital,2024-08-28,Inpatient Wards,Inpatient,82,0,47,15,11,3,2,Hospital Information System,True
EN000178,KPJ_01,JCORP Specialist Hospital,2024-08-29,Emergency Department,Emergency,159,144,50,0,0,0,0,Hospital Information System,True
EN000179,KPJ_01,JCORP Specialist Hospital,2024-08-29,Outpatient Department,Outpatient,352,335,248,0,0,0,0,Hospital Information System,True
EN000180,KPJ_01,JCORP Specialist Hospital,2024-08-29,Inpatient Wards,Inpatient,83,0,43,16,16,2,2,Hospital Information System,True
EN000181,KPJ_01,JCORP Specialist Hospital,2024-08-30,Emergency Department,Emergency,164,148,58,0,0,0,0,Hospital Information System,True
EN000182,KPJ_01,JCORP Specialist Hospital,2024-08-30,Outpatient Department,Outpatient,334,311,241,0,0,0,0,Hospital Information System,True
EN000183,KPJ_01,JCORP Specialist Hospital,2024-08-30,Inpatient Wards,Inpatient,74,0,40,12,14,1,2,Hospital Information System,True
EN000184,KPJ_01,JCORP Specialist Hospital,2024-08-31,Emergency Department,Emergency,171,153,65,0,0,0,0,Hospital Information System,True
EN000185,KPJ_01,JCORP Specialist Hospital,2024-08-31,Outpatient Department,Outpatient,133,126,94,0,0,0,0,Hospital Information System,True
EN000186,KPJ_01,JCORP Specialist Hospital,2024-08-31,Inpatient Wards,Inpatient,73,0,38,17,14,2,2,Hospital Information System,True
EN000187,KPJ_01,JCORP Specialist Hospital,2024-09-01,Emergency Department,Emergency,190,174,62,0,0,0,0,Hospital Information System,True
EN000188,KPJ_01,JCORP Specialist Hospital,2024-09-01,Outpatient Department,Outpatient,121,116,89,0,0,0,0,Hospital Information System,True
EN000189,KPJ_01,JCORP Specialist Hospital,2024-09-01,Inpatient Wards,Inpatient,69,0,38,12,14,0,2,Hospital Information System,True
EN000190,KPJ_01,JCORP Specialist Hospital,2024-09-02,Emergency Department,Emergency,168,154,67,0,0,0,0,Hospital Information System,True
EN000191,KPJ_01,JCORP Specialist Hospital,2024-09-02,Outpatient Department,Outpatient,339,314,265,0,0,0,0,Hospital Information System,True
EN000192,KPJ_01,JCORP Specialist Hospital,2024-09-02,Inpatient Wards,Inpatient,84,0,43,17,17,2,2,Hospital Information System,True
EN000193,KPJ_01,JCORP Specialist Hospital,2024-09-03,Emergency Department,Emergency,164,154,57,0,0,0,0,Hospital Information System,True
EN000194,KPJ_01,JCORP Specialist Hospital,2024-09-03,Outpatient Department,Outpatient,335,324,262,0,0,0,0,Hospital Information System,True
EN000195,KPJ_01,JCORP Specialist Hospital,2024-09-03,Inpatient Wards,Inpatient,90,0,47,16,14,1,0,Hospital Information System,True
EN000196,KPJ_01,JCORP Specialist Hospital,2024-09-04,Emergency Department,Emergency,141,127,46,0,0,0,0,Hospital Information System,True
EN000197,KPJ_01,JCORP Specialist Hospital,2024-09-04,Outpatient Department,Outpatient,290,268,209,0,0,0,0,Hospital Information System,True
EN000198,KPJ_01,JCORP Specialist Hospital,2024-09-04,Inpatient Wards,Inpatient,81,0,44,13,16,4,3,Hospital Information System,True
EN000199,KPJ_01,JCORP Specialist Hospital,2024-09-05,Emergency Department,Emergency,164,147,51,0,0,0,0,Hospital Information System,True
EN000200,KPJ_01,JCORP Specialist Hospital,2024-09-05,Outpatient Department,Outpatient,338,312,257,0,0,0,0,Hospital Information System,True
EN000201,KPJ_01,JCORP Specialist Hospital,2024-09-05,Inpatient Wards,Inpatient,88,0,49,15,16,2,2,Hospital Information System,True
EN000202,KPJ_01,JCORP Specialist Hospital,2024-09-06,Emergency Department,Emergency,176,164,64,0,0,0,0,Hospital Information System,True
EN000203,KPJ_01,JCORP Specialist Hospital,2024-09-06,Outpatient Department,Outpatient,321,304,239,0,0,0,0,Hospital Information System,True
EN000204,KPJ_01,JCORP Specialist Hospital,2024-09-06,Inpatient Wards,Inpatient,90,0,47,18,18,2,1,Hospital Information System,True
EN000205,KPJ_01,JCORP Specialist Hospital,2024-09-07,Emergency Department,Emergency,170,153,56,0,0,0,0,Hospital Information System,True
EN000206,KPJ_01,JCORP Specialist Hospital,2024-09-07,Outpatient Department,Outpatient,118,111,87,0,0,0,0,Hospital Information System,True
EN000207,KPJ_01,JCORP Specialist Hospital,2024-09-07,Inpatient Wards,Inpatient,81,0,44,14,11,2,2,Hospital Information System,True
EN000208,KPJ_01,JCORP Specialist Hospital,2024-09-08,Emergency Department,Emergency,170,160,52,0,0,0,0,Hospital Information System,True
EN000209,KPJ_01,JCORP Specialist Hospital,2024-09-08,Outpatient Department,Outpatient,114,110,86,0,0,0,0,Hospital Information System,True
EN000210,KPJ_01,JCORP Specialist Hospital,2024-09-08,Inpatient Wards,Inpatient,81,0,45,11,12,3,1,Hospital Information System,True
EN000211,KPJ_01,JCORP Specialist Hospital,2024-09-09,Emergency Department,Emergency,153,142,47,0,0,0,0,Hospital Information System,True
EN000212,KPJ_01,JCORP Specialist Hospital,2024-09-09,Outpatient Department,Outpatient,328,307,258,0,0,0,0,Hospital Information System,True
EN000213,KPJ_01,JCORP Specialist Hospital,2024-09-09,Inpatient Wards,Inpatient,75,0,44,13,13,3,3,Hospital Information System,True
EN000214,KPJ_01,JCORP Specialist Hospital,2024-09-10,Emergency Department,Emergency,167,155,50,0,0,0,0,Hospital Information System,True
EN000215,KPJ_01,JCORP Specialist Hospital,2024-09-10,Outpatient Department,Outpatient,345,321,250,0,0,0,0,Hospital Information System,True
EN000216,KPJ_01,JCORP Specialist Hospital,2024-09-10,Inpatient Wards,Inpatient,74,0,39,18,17,3,2,Hospital Information System,True
EN000217,KPJ_01,JCORP Specialist Hospital,2024-09-11,Emergency Department,Emergency,180,164,71,0,0,0,0,Hospital Information System,True
EN000218,KPJ_01,JCORP Specialist Hospital,2024-09-11,Outpatient Department,Outpatient,352,328,263,0,0,0,0,Hospital Information System,True
EN000219,KPJ_01,JCORP Specialist Hospital,2024-09-11,Inpatient Wards,Inpatient,84,0,46,16,18,0,1,Hospital Information System,True
EN000220,KPJ_01,JCORP Specialist Hospital,2024-09-12,Emergency Department,Emergency,181,166,65,0,0,0,0,Hospital Information System,True
EN000221,KPJ_01,JCORP Specialist Hospital,2024-09-12,Outpatient Department,Outpatient,357,330,254,0,0,0,0,Hospital Information System,True
EN000222,KPJ_01,JCORP Specialist Hospital,2024-09-12,Inpatient Wards,Inpatient,100,0,50,15,15,1,2,Hospital Information System,True
EN000223,KPJ_01,JCORP Specialist Hospital,2024-09-13,Emergency Department,Emergency,160,145,60,0,0,0,0,Hospital Information System,True
EN000224,KPJ_01,JCORP Specialist Hospital,2024-09-13,Outpatient Department,Outpatient,364,336,258,0,0,0,0,Hospital Information System,True
EN000225,KPJ_01,JCORP Specialist Hospital,2024-09-13,Inpatient Wards,Inpatient,91,0,50,18,18,2,2,Hospital Information System,True
EN000226,KPJ_01,JCORP Specialist Hospital,2024-09-14,Emergency Department,Emergency,160,150,52,0,0,0,0,Hospital Information System,True
EN000227,KPJ_01,JCORP Specialist Hospital,2024-09-14,Outpatient Department,Outpatient,113,105,85,0,0,0,0,Hospital Information System,True
EN000228,KPJ_01,JCORP Specialist Hospital,2024-09-14,Inpatient Wards,Inpatient,97,0,50,19,21,1,2,Hospital Information System,True
EN000229,KPJ_01,JCORP Specialist Hospital,2024-09-15,Emergency Department,Emergency,160,146,49,0,0,0,0,Hospital Information System,True
EN000230,KPJ_01,JCORP Specialist Hospital,2024-09-15,Outpatient Department,Outpatient,109,101,86,0,0,0,0,Hospital Information System,True
EN000231,KPJ_01,JCORP Specialist Hospital,2024-09-15,Inpatient Wards,Inpatient,86,0,45,18,18,2,2,Hospital Information System,True
EN000232,KPJ_01,JCORP Specialist Hospital,2024-09-16,Emergency Department,Emergency,174,160,53,0,0,0,0,Hospital Information System,True
EN000233,KPJ_01,JCORP Specialist Hospital,2024-09-16,Outpatient Department,Outpatient,409,385,298,0,0,0,0,Hospital Information System,True
EN000234,KPJ_01,JCORP Specialist Hospital,2024-09-16,Inpatient Wards,Inpatient,90,0,47,15,15,2,3,Hospital Information System,True
EN000235,KPJ_01,JCORP Specialist Hospital,2024-09-17,Emergency Department,Emergency,163,150,51,0,0,0,0,Hospital Information System,True
EN000236,KPJ_01,JCORP Specialist Hospital,2024-09-17,Outpatient Department,Outpatient,336,317,235,0,0,0,0,Hospital Information System,True
EN000237,KPJ_01,JCORP Specialist Hospital,2024-09-17,Inpatient Wards,Inpatient,98,0,55,14,13,4,2,Hospital Information System,True
EN000238,KPJ_01,JCORP Specialist Hospital,2024-09-18,Emergency Department,Emergency,164,149,53,0,0,0,0,Hospital Information System,True
EN000239,KPJ_01,JCORP Specialist Hospital,2024-09-18,Outpatient Department,Outpatient,320,307,242,0,0,0,0,Hospital Information System,True
EN000240,KPJ_01,JCORP Specialist Hospital,2024-09-18,Inpatient Wards,Inpatient,90,0,50,18,19,2,2,Hospital Information System,True
EN000241,KPJ_01,JCORP Specialist Hospital,2024-09-19,Emergency Department,Emergency,174,162,56,0,0,0,0,Hospital Information System,True
EN000242,KPJ_01,JCORP Specialist Hospital,2024-09-19,Outpatient Department,Outpatient,337,322,245,0,0,0,0,Hospital Information System,True
EN000243,KPJ_01,JCORP Specialist Hospital,2024-09-19,Inpatient Wards,Inpatient,88,0,52,17,17,3,1,Hospital Information System,True
EN000244,KPJ_01,JCORP Specialist Hospital,2024-09-20,Emergency Department,Emergency,175,160,63,0,0,0,0,Hospital Information System,True
EN000245,KPJ_01,JCORP Specialist Hospital,2024-09-20,Outpatient Department,Outpatient,334,323,252,0,0,0,0,Hospital Information System,True
EN000246,KPJ_01,JCORP Specialist Hospital,2024-09-20,Inpatient Wards,Inpatient,84,0,50,14,14,1,1,Hospital Information System,True
EN000247,KPJ_01,JCORP Specialist Hospital,2024-09-21,Emergency Department,Emergency,184,171,68,0,0,0,0,Hospital Information System,True
EN000248,KPJ_01,JCORP Specialist Hospital,2024-09-21,Outpatient Department,Outpatient,120,110,93,0,0,0,0,Hospital Information System,True
EN000249,KPJ_01,JCORP Specialist Hospital,2024-09-21,Inpatient Wards,Inpatient,88,0,49,16,19,2,1,Hospital Information System,True
EN000250,KPJ_01,JCORP Specialist Hospital,2024-09-22,Emergency Department,Emergency,198,186,67,0,0,0,0,Hospital Information System,True
EN000251,KPJ_01,JCORP Specialist Hospital,2024-09-22,Outpatient Department,Outpatient,111,106,85,0,0,0,0,Hospital Information System,True
EN000252,KPJ_01,JCORP Specialist Hospital,2024-09-22,Inpatient Wards,Inpatient,77,0,41,11,16,2,3,Hospital Information System,True
EN000253,KPJ_01,JCORP Specialist Hospital,2024-09-23,Emergency Department,Emergency,146,136,57,0,0,0,0,Hospital Information System,True
EN000254,KPJ_01,JCORP Specialist Hospital,2024-09-23,Outpatient Department,Outpatient,347,329,260,0,0,0,0,Hospital Information System,True
EN000255,KPJ_01,JCORP Specialist Hospital,2024-09-23,Inpatient Wards,Inpatient,91,0,50,17,16,1,1,Hospital Information System,True
EN000256,KPJ_01,JCORP Specialist Hospital,2024-09-24,Emergency Department,Emergency,175,158,57,0,0,0,0,Hospital Information System,True
EN000257,KPJ_01,JCORP Specialist Hospital,2024-09-24,Outpatient Department,Outpatient,242,228,191,0,0,0,0,Hospital Information System,True
EN000258,KPJ_01,JCORP Specialist Hospital,2024-09-24,Inpatient Wards,Inpatient,84,0,49,12,10,2,3,Hospital Information System,True
EN000259,KPJ_01,JCORP Specialist Hospital,2024-09-25,Emergency Department,Emergency,167,156,62,0,0,0,0,Hospital Information System,True
EN000260,KPJ_01,JCORP Specialist Hospital,2024-09-25,Outpatient Department,Outpatient,337,326,258,0,0,0,0,Hospital Information System,True
EN000261,KPJ_01,JCORP Specialist Hospital,2024-09-25,Inpatient Wards,Inpatient,92,0,49,15,13,2,1,Hospital Information System,True
EN000262,KPJ_01,JCORP Specialist Hospital,2024-09-26,Emergency Department,Emergency,172,155,56,0,0,0,0,Hospital Information System,True
EN000263,KPJ_01,JCORP Specialist Hospital,2024-09-26,Outpatient Department,Outpatient,324,300,254,0,0,0,0,Hospital Information System,True
EN000264,KPJ_01,JCORP Specialist Hospital,2024-09-26,Inpatient Wards,Inpatient,97,0,49,16,11,3,1,Hospital Information System,True
EN000265,KPJ_01,JCORP Specialist Hospital,2024-09-27,Emergency Department,Emergency,154,137,54,0,0,0,0,Hospital Information System,True
EN000266,KPJ_01,JCORP Specialist Hospital,2024-09-27,Outpatient Department,Outpatient,306,292,238,0,0,0,0,Hospital Information System,True
EN000267,KPJ_01,JCORP Specialist Hospital,2024-09-27,Inpatient Wards,Inpatient,85,0,44,17,15,1,1,Hospital Information System,True
EN000268,KPJ_01,JCORP Specialist Hospital,2024-09-28,Emergency Department,Emergency,178,160,56,0,0,0,0,Hospital Information System,True
EN000269,KPJ_01,JCORP Specialist Hospital,2024-09-28,Outpatient Department,Outpatient,117,108,90,0,0,0,0,Hospital Information System,True
EN000270,KPJ_01,JCORP Specialist Hospital,2024-09-28,Inpatient Wards,Inpatient,89,0,45,18,17,2,2,Hospital Information System,True
EN000271,KPJ_01,JCORP Specialist Hospital,2024-09-29,Emergency Department,Emergency,169,153,57,0,0,0,0,Hospital Information System,True
EN000272,KPJ_01,JCORP Specialist Hospital,2024-09-29,Outpatient Department,Outpatient,121,113,92,0,0,0,0,Hospital Information System,True
EN000273,KPJ_01,JCORP Specialist Hospital,2024-09-29,Inpatient Wards,Inpatient,76,0,44,14,10,0,3,Hospital Information System,True
EN000274,KPJ_01,JCORP Specialist Hospital,2024-09-30,Emergency Department,Emergency,158,148,61,0,0,0,0,Hospital Information System,True
EN000275,KPJ_01,JCORP Specialist Hospital,2024-09-30,Outpatient Department,Outpatient,335,310,244,0,0,0,0,Hospital Information System,True
EN000276,KPJ_01,JCORP Specialist Hospital,2024-09-30,Inpatient Wards,Inpatient,83,0,46,17,20,2,1,Hospital Information System,True
EN000277,KPJ_01,JCORP Specialist Hospital,2024-10-01,Emergency Department,Emergency,152,141,56,0,0,0,0,Hospital Information System,True
EN000278,KPJ_01,JCORP Specialist Hospital,2024-10-01,Outpatient Department,Outpatient,338,324,250,0,0,0,0,Hospital Information System,True
EN000279,KPJ_01,JCORP Specialist Hospital,2024-10-01,Inpatient Wards,Inpatient,89,0,48,16,18,2,3,Hospital Information System,True
EN000280,KPJ_01,JCORP Specialist Hospital,2024-10-02,Emergency Department,Emergency,168,157,67,0,0,0,0,Hospital Information System,True
EN000281,KPJ_01,JCORP Specialist Hospital,2024-10-02,Outpatient Department,Outpatient,313,297,241,0,0,0,0,Hospital Information System,True
EN000282,KPJ_01,JCORP Specialist Hospital,2024-10-02,Inpatient Wards,Inpatient,91,0,48,16,15,2,3,Hospital Information System,True
EN000283,KPJ_01,JCORP Specialist Hospital,2024-10-03,Emergency Department,Emergency,155,141,53,0,0,0,0,Hospital Information System,True
EN000284,KPJ_01,JCORP Specialist Hospital,2024-10-03,Outpatient Department,Outpatient,385,359,285,0,0,0,0,Hospital Information System,True
EN000285,KPJ_01,JCORP Specialist Hospital,2024-10-03,Inpatient Wards,Inpatient,83,0,49,17,19,2,1,Hospital Information System,True
EN000286,KPJ_01,JCORP Specialist Hospital,2024-10-04,Emergency Department,Emergency,180,163,56,0,0,0,0,Hospital Information System,True
EN000287,KPJ_01,JCORP Specialist Hospital,2024-10-04,Outpatient Department,Outpatient,334,310,264,0,0,0,0,Hospital Information System,True
EN000288,KPJ_01,JCORP Specialist Hospital,2024-10-04,Inpatient Wards,Inpatient,91,0,51,20,19,2,2,Hospital Information System,True
EN000289,KPJ_01,JCORP Specialist Hospital,2024-10-05,Emergency Department,Emergency,186,169,73,0,0,0,0,Hospital Information System,True
EN000290,KPJ_01,JCORP Specialist Hospital,2024-10-05,Outpatient Department,Outpatient,120,111,85,0,0,0,0,Hospital Information System,True
EN000291,KPJ_01,JCORP Specialist Hospital,2024-10-05,Inpatient Wards,Inpatient,86,0,47,16,14,1,2,Hospital Information System,True
EN000292,KPJ_01,JCORP Specialist Hospital,2024-10-06,Emergency Department,Emergency,180,169,65,0,0,0,0,Hospital Information System,True
EN000293,KPJ_01,JCORP Specialist Hospital,2024-10-06,Outpatient Department,Outpatient,118,109,92,0,0,0,0,Hospital Information System,True
EN000294,KPJ_01,JCORP Specialist Hospital,2024-10-06,Inpatient Wards,Inpatient,83,0,46,13,13,1,1,Hospital Information System,True
EN000295,KPJ_01,JCORP Specialist Hospital,2024-10-07,Emergency Department,Emergency,153,139,52,0,0,0,0,Hospital Information System,True
EN000296,KPJ_01,JCORP Specialist Hospital,2024-10-07,Outpatient Department,Outpatient,397,368,310,0,0,0,0,Hospital Information System,True
EN000297,KPJ_01,JCORP Specialist Hospital,2024-10-07,Inpatient Wards,Inpatient,89,0,47,17,21,1,1,Hospital Information System,True
EN000298,KPJ_01,JCORP Specialist Hospital,2024-10-08,Emergency Department,Emergency,163,147,65,0,0,0,0,Hospital Information System,True
EN000299,KPJ_01,JCORP Specialist Hospital,2024-10-08,Outpatient Department,Outpatient,334,309,235,0,0,0,0,Hospital Information System,True
EN000300,KPJ_01,JCORP Specialist Hospital,2024-10-08,Inpatient Wards,Inpatient,85,0,46,16,13,2,1,Hospital Information System,True
EN000301,KPJ_01,JCORP Specialist Hospital,2024-10-09,Emergency Department,Emergency,171,155,62,0,0,0,0,Hospital Information System,True
EN000302,KPJ_01,JCORP Specialist Hospital,2024-10-09,Outpatient Department,Outpatient,333,310,263,0,0,0,0,Hospital Information System,True
EN000303,KPJ_01,JCORP Specialist Hospital,2024-10-09,Inpatient Wards,Inpatient,87,0,44,17,19,3,3,Hospital Information System,True
EN000304,KPJ_01,JCORP Specialist Hospital,2024-10-10,Emergency Department,Emergency,168,154,57,0,0,0,0,Hospital Information System,True
EN000305,KPJ_01,JCORP Specialist Hospital,2024-10-10,Outpatient Department,Outpatient,294,275,225,0,0,0,0,Hospital Information System,True
EN000306,KPJ_01,JCORP Specialist Hospital,2024-10-10,Inpatient Wards,Inpatient,93,0,48,20,19,2,1,Hospital Information System,True
EN000307,KPJ_01,JCORP Specialist Hospital,2024-10-11,Emergency Department,Emergency,170,155,61,0,0,0,0,Hospital Information System,True
EN000308,KPJ_01,JCORP Specialist Hospital,2024-10-11,Outpatient Department,Outpatient,378,350,291,0,0,0,0,Hospital Information System,True
EN000309,KPJ_01,JCORP Specialist Hospital,2024-10-11,Inpatient Wards,Inpatient,91,0,47,17,18,2,1,Hospital Information System,True
EN000310,KPJ_01,JCORP Specialist Hospital,2024-10-12,Emergency Department,Emergency,200,183,69,0,0,0,0,Hospital Information System,True
EN000311,KPJ_01,JCORP Specialist Hospital,2024-10-12,Outpatient Department,Outpatient,130,124,92,0,0,0,0,Hospital Information System,True
EN000312,KPJ_01,JCORP Specialist Hospital,2024-10-12,Inpatient Wards,Inpatient,76,0,39,13,11,3,1,Hospital Information System,True
EN000313,KPJ_01,JCORP Specialist Hospital,2024-10-13,Emergency Department,Emergency,186,173,58,0,0,0,0,Hospital Information System,True
EN000314,KPJ_01,JCORP Specialist Hospital,2024-10-13,Outpatient Department,Outpatient,145,134,106,0,0,0,0,Hospital Information System,True
EN000315,KPJ_01,JCORP Specialist Hospital,2024-10-13,Inpatient Wards,Inpatient,92,0,54,14,17,1,2,Hospital Information System,True
EN000316,KPJ_01,JCORP Specialist Hospital,2024-10-14,Emergency Department,Emergency,183,166,69,0,0,0,0,Hospital Information System,True
EN000317,KPJ_01,JCORP Specialist Hospital,2024-10-14,Outpatient Department,Outpatient,422,391,320,0,0,0,0,Hospital Information System,True
EN000318,KPJ_01,JCORP Specialist Hospital,2024-10-14,Inpatient Wards,Inpatient,76,0,43,13,13,0,0,Hospital Information System,True
EN000319,KPJ_01,JCORP Specialist Hospital,2024-10-15,Emergency Department,Emergency,162,149,57,0,0,0,0,Hospital Information System,True
EN000320,KPJ_01,JCORP Specialist Hospital,2024-10-15,Outpatient Department,Outpatient,358,333,257,0,0,0,0,Hospital Information System,True
EN000321,KPJ_01,JCORP Specialist Hospital,2024-10-15,Inpatient Wards,Inpatient,79,0,47,15,12,2,1,Hospital Information System,True
EN000322,KPJ_01,JCORP Specialist Hospital,2024-10-16,Emergency Department,Emergency,170,156,59,0,0,0,0,Hospital Information System,True
EN000323,KPJ_01,JCORP Specialist Hospital,2024-10-16,Outpatient Department,Outpatient,360,337,254,0,0,0,0,Hospital Information System,True
EN000324,KPJ_01,JCORP Specialist Hospital,2024-10-16,Inpatient Wards,Inpatient,80,0,44,17,13,1,1,Hospital Information System,True
EN000325,KPJ_01,JCORP Specialist Hospital,2024-10-17,Emergency Department,Emergency,143,130,46,0,0,0,0,Hospital Information System,True
EN000326,KPJ_01,JCORP Specialist Hospital,2024-10-17,Outpatient Department,Outpatient,318,307,249,0,0,0,0,Hospital Information System,True
EN000327,KPJ_01,JCORP Specialist Hospital,2024-10-17,Inpatient Wards,Inpatient,92,0,52,16,17,1,1,Hospital Information System,True
EN000328,KPJ_01,JCORP Specialist Hospital,2024-10-18,Emergency Department,Emergency,162,152,57,0,0,0,0,Hospital Information System,True
EN000329,KPJ_01,JCORP Specialist Hospital,2024-10-18,Outpatient Department,Outpatient,315,305,239,0,0,0,0,Hospital Information System,True
EN000330,KPJ_01,JCORP Specialist Hospital,2024-10-18,Inpatient Wards,Inpatient,76,0,40,12,9,1,1,Hospital Information System,True
EN000331,KPJ_01,JCORP Specialist Hospital,2024-10-19,Emergency Department,Emergency,190,170,71,0,0,0,0,Hospital Information System,True
EN000332,KPJ_01,JCORP Specialist Hospital,2024-10-19,Outpatient Department,Outpatient,122,114,94,0,0,0,0,Hospital Information System,True
EN000333,KPJ_01,JCORP Specialist Hospital,2024-10-19,Inpatient Wards,Inpatient,84,0,42,14,10,1,3,Hospital Information System,True
EN000334,KPJ_01,JCORP Specialist Hospital,2024-10-20,Emergency Department,Emergency,167,154,52,0,0,0,0,Hospital Information System,True
EN000335,KPJ_01,JCORP Specialist Hospital,2024-10-20,Outpatient Department,Outpatient,123,117,86,0,0,0,0,Hospital Information System,True
EN000336,KPJ_01,JCORP Specialist Hospital,2024-10-20,Inpatient Wards,Inpatient,79,0,41,12,11,5,1,Hospital Information System,True
EN000337,KPJ_01,JCORP Specialist Hospital,2024-10-21,Emergency Department,Emergency,170,154,51,0,0,0,0,Hospital Information System,True
EN000338,KPJ_01,JCORP Specialist Hospital,2024-10-21,Outpatient Department,Outpatient,344,328,269,0,0,0,0,Hospital Information System,True
EN000339,KPJ_01,JCORP Specialist Hospital,2024-10-21,Inpatient Wards,Inpatient,84,0,49,16,16,2,1,Hospital Information System,True
EN000340,KPJ_01,JCORP Specialist Hospital,2024-10-22,Emergency Department,Emergency,153,136,52,0,0,0,0,Hospital Information System,True
EN000341,KPJ_01,JCORP Specialist Hospital,2024-10-22,Outpatient Department,Outpatient,332,320,250,0,0,0,0,Hospital Information System,True
EN000342,KPJ_01,JCORP Specialist Hospital,2024-10-22,Inpatient Wards,Inpatient,84,0,50,14,12,2,0,Hospital Information System,True
EN000343,KPJ_01,JCORP Specialist Hospital,2024-10-23,Emergency Department,Emergency,152,142,49,0,0,0,0,Hospital Information System,True
EN000344,KPJ_01,JCORP Specialist Hospital,2024-10-23,Outpatient Department,Outpatient,331,314,255,0,0,0,0,Hospital Information System,True
EN000345,KPJ_01,JCORP Specialist Hospital,2024-10-23,Inpatient Wards,Inpatient,84,0,47,12,13,1,2,Hospital Information System,True
EN000346,KPJ_01,JCORP Specialist Hospital,2024-10-24,Emergency Department,Emergency,148,137,50,0,0,0,0,Hospital Information System,True
EN000347,KPJ_01,JCORP Specialist Hospital,2024-10-24,Outpatient Department,Outpatient,340,319,242,0,0,0,0,Hospital Information System,True
EN000348,KPJ_01,JCORP Specialist Hospital,2024-10-24,Inpatient Wards,Inpatient,102,0,57,17,13,1,1,Hospital Information System,True
EN000349,KPJ_01,JCORP Specialist Hospital,2024-10-25,Emergency Department,Emergency,177,159,58,0,0,0,0,Hospital Information System,True
EN000350,KPJ_01,JCORP Specialist Hospital,2024-10-25,Outpatient Department,Outpatient,385,359,306,0,0,0,0,Hospital Information System,True
EN000351,KPJ_01,JCORP Specialist Hospital,2024-10-25,Inpatient Wards,Inpatient,81,0,43,13,11,2,1,Hospital Information System,True
EN000352,KPJ_01,JCORP Specialist Hospital,2024-10-26,Emergency Department,Emergency,177,163,68,0,0,0,0,Hospital Information System,True
EN000353,KPJ_01,JCORP Specialist Hospital,2024-10-26,Outpatient Department,Outpatient,135,130,103,0,0,0,0,Hospital Information System,True
EN000354,KPJ_01,JCORP Specialist Hospital,2024-10-26,Inpatient Wards,Inpatient,78,0,43,17,16,2,1,Hospital Information System,True
EN000355,KPJ_01,JCORP Specialist Hospital,2024-10-27,Emergency Department,Emergency,190,175,64,0,0,0,0,Hospital Information System,True
EN000356,KPJ_01,JCORP Specialist Hospital,2024-10-27,Outpatient Department,Outpatient,128,118,101,0,0,0,0,Hospital Information System,True
EN000357,KPJ_01,JCORP Specialist Hospital,2024-10-27,Inpatient Wards,Inpatient,81,0,47,16,14,1,1,Hospital Information System,True
EN000358,KPJ_01,JCORP Specialist Hospital,2024-10-28,Emergency Department,Emergency,151,141,53,0,0,0,0,Hospital Information System,True
EN000359,KPJ_01,JCORP Specialist Hospital,2024-10-28,Outpatient Department,Outpatient,348,331,245,0,0,0,0,Hospital Information System,True
EN000360,KPJ_01,JCORP Specialist Hospital,2024-10-28,Inpatient Wards,Inpatient,81,0,44,14,14,2,2,Hospital Information System,True
EN000361,KPJ_01,JCORP Specialist Hospital,2024-10-29,Emergency Department,Emergency,163,149,50,0,0,0,0,Hospital Information System,True
EN000362,KPJ_01,JCORP Specialist Hospital,2024-10-29,Outpatient Department,Outpatient,327,301,248,0,0,0,0,Hospital Information System,True
EN000363,KPJ_01,JCORP Specialist Hospital,2024-10-29,Inpatient Wards,Inpatient,77,0,44,15,13,1,3,Hospital Information System,True
EN000364,KPJ_01,JCORP Specialist Hospital,2024-10-30,Emergency Department,Emergency,168,154,57,0,0,0,0,Hospital Information System,True
EN000365,KPJ_01,JCORP Specialist Hospital,2024-10-30,Outpatient Department,Outpatient,330,311,250,0,0,0,0,Hospital Information System,True
EN000366,KPJ_01,JCORP Specialist Hospital,2024-10-30,Inpatient Wards,Inpatient,80,0,42,17,18,2,3,Hospital Information System,True
EN000367,KPJ_01,JCORP Specialist Hospital,2024-10-31,Emergency Department,Emergency,141,132,55,0,0,0,0,Hospital Information System,True
EN000368,KPJ_01,JCORP Specialist Hospital,2024-10-31,Outpatient Department,Outpatient,354,326,264,0,0,0,0,Hospital Information System,True
EN000369,KPJ_01,JCORP Specialist Hospital,2024-10-31,Inpatient Wards,Inpatient,86,0,51,13,12,3,0,Hospital Information System,True
EN000370,KPJ_01,JCORP Specialist Hospital,2024-11-01,Emergency Department,Emergency,167,151,61,0,0,0,0,Hospital Information System,True
EN000371,KPJ_01,JCORP Specialist Hospital,2024-11-01,Outpatient Department,Outpatient,367,344,281,0,0,0,0,Hospital Information System,True
EN000372,KPJ_01,JCORP Specialist Hospital,2024-11-01,Inpatient Wards,Inpatient,77,0,41,16,14,3,2,Hospital Information System,True
EN000373,KPJ_01,JCORP Specialist Hospital,2024-11-02,Emergency Department,Emergency,170,152,53,0,0,0,0,Hospital Information System,True
EN000374,KPJ_01,JCORP Specialist Hospital,2024-11-02,Outpatient Department,Outpatient,108,104,84,0,0,0,0,Hospital Information System,True
EN000375,KPJ_01,JCORP Specialist Hospital,2024-11-02,Inpatient Wards,Inpatient,75,0,40,12,17,2,1,Hospital Information System,True
EN000376,KPJ_01,JCORP Specialist Hospital,2024-11-03,Emergency Department,Emergency,191,179,67,0,0,0,0,Hospital Information System,True
EN000377,KPJ_01,JCORP Specialist Hospital,2024-11-03,Outpatient Department,Outpatient,128,123,102,0,0,0,0,Hospital Information System,True
EN000378,KPJ_01,JCORP Specialist Hospital,2024-11-03,Inpatient Wards,Inpatient,87,0,46,16,13,2,1,Hospital Information System,True
EN000379,KPJ_01,JCORP Specialist Hospital,2024-11-04,Emergency Department,Emergency,161,151,55,0,0,0,0,Hospital Information System,True
EN000380,KPJ_01,JCORP Specialist Hospital,2024-11-04,Outpatient Department,Outpatient,357,333,252,0,0,0,0,Hospital Information System,True
EN000381,KPJ_01,JCORP Specialist Hospital,2024-11-04,Inpatient Wards,Inpatient,91,0,52,15,16,0,1,Hospital Information System,True
EN000382,KPJ_01,JCORP Specialist Hospital,2024-11-05,Emergency Department,Emergency,164,151,49,0,0,0,0,Hospital Information System,True
EN000383,KPJ_01,JCORP Specialist Hospital,2024-11-05,Outpatient Department,Outpatient,336,322,259,0,0,0,0,Hospital Information System,True
EN000384,KPJ_01,JCORP Specialist Hospital,2024-11-05,Inpatient Wards,Inpatient,90,0,51,18,15,2,0,Hospital Information System,True
EN000385,KPJ_01,JCORP Specialist Hospital,2024-11-06,Emergency Department,Emergency,168,153,64,0,0,0,0,Hospital Information System,True
EN000386,KPJ_01,JCORP Specialist Hospital,2024-11-06,Outpatient Department,Outpatient,342,321,270,0,0,0,0,Hospital Information System,True
EN000387,KPJ_01,JCORP Specialist Hospital,2024-11-06,Inpatient Wards,Inpatient,90,0,52,13,16,2,1,Hospital Information System,True
EN000388,KPJ_01,JCORP Specialist Hospital,2024-11-07,Emergency Department,Emergency,175,162,63,0,0,0,0,Hospital Information System,True
EN000389,KPJ_01,JCORP Specialist Hospital,2024-11-07,Outpatient Department,Outpatient,338,323,266,0,0,0,0,Hospital Information System,True
EN000390,KPJ_01,JCORP Specialist Hospital,2024-11-07,Inpatient Wards,Inpatient,87,0,44,13,10,2,1,Hospital Information System,True
EN000391,KPJ_01,JCORP Specialist Hospital,2024-11-08,Emergency Department,Emergency,173,160,58,0,0,0,0,Hospital Information System,True
EN000392,KPJ_01,JCORP Specialist Hospital,2024-11-08,Outpatient Department,Outpatient,347,330,271,0,0,0,0,Hospital Information System,True
EN000393,KPJ_01,JCORP Specialist Hospital,2024-11-08,Inpatient Wards,Inpatient,81,0,42,11,12,1,2,Hospital Information System,True
EN000394,KPJ_01,JCORP Specialist Hospital,2024-11-09,Emergency Department,Emergency,180,162,67,0,0,0,0,Hospital Information System,True
EN000395,KPJ_01,JCORP Specialist Hospital,2024-11-09,Outpatient Department,Outpatient,112,106,89,0,0,0,0,Hospital Information System,True
EN000396,KPJ_01,JCORP Specialist Hospital,2024-11-09,Inpatient Wards,Inpatient,86,0,45,16,18,0,3,Hospital Information System,True
EN000397,KPJ_01,JCORP Specialist Hospital,2024-11-10,Emergency Department,Emergency,177,166,56,0,0,0,0,Hospital Information System,True
EN000398,KPJ_01,JCORP Specialist Hospital,2024-11-10,Outpatient Department,Outpatient,123,117,91,0,0,0,0,Hospital Information System,True
EN000399,KPJ_01,JCORP Specialist Hospital,2024-11-10,Inpatient Wards,Inpatient,89,0,50,15,15,2,1,Hospital Information System,True
EN000400,KPJ_01,JCORP Specialist Hospital,2024-11-11,Emergency Department,Emergency,177,165,60,0,0,0,0,Hospital Information System,True
EN000401,KPJ_01,JCORP Specialist Hospital,2024-11-11,Outpatient Department,Outpatient,349,329,255,0,0,0,0,Hospital Information System,True
EN000402,KPJ_01,JCORP Specialist Hospital,2024-11-11,Inpatient Wards,Inpatient,89,0,47,14,12,2,2,Hospital Information System,True
EN000403,KPJ_01,JCORP Specialist Hospital,2024-11-12,Emergency Department,Emergency,152,135,49,0,0,0,0,Hospital Information System,True
EN000404,KPJ_01,JCORP Specialist Hospital,2024-11-12,Outpatient Department,Outpatient,347,333,257,0,0,0,0,Hospital Information System,True
EN000405,KPJ_01,JCORP Specialist Hospital,2024-11-12,Inpatient Wards,Inpatient,78,0,43,15,11,2,1,Hospital Information System,True
EN000406,KPJ_01,JCORP Specialist Hospital,2024-11-13,Emergency Department,Emergency,147,136,51,0,0,0,0,Hospital Information System,True
EN000407,KPJ_01,JCORP Specialist Hospital,2024-11-13,Outpatient Department,Outpatient,295,277,224,0,0,0,0,Hospital Information System,True
EN000408,KPJ_01,JCORP Specialist Hospital,2024-11-13,Inpatient Wards,Inpatient,77,0,43,19,16,1,2,Hospital Information System,True
EN000409,KPJ_01,JCORP Specialist Hospital,2024-11-14,Emergency Department,Emergency,169,153,61,0,0,0,0,Hospital Information System,True
EN000410,KPJ_01,JCORP Specialist Hospital,2024-11-14,Outpatient Department,Outpatient,329,305,250,0,0,0,0,Hospital Information System,True
EN000411,KPJ_01,JCORP Specialist Hospital,2024-11-14,Inpatient Wards,Inpatient,91,0,53,16,15,1,2,Hospital Information System,True
EN000412,KPJ_01,JCORP Specialist Hospital,2024-11-15,Emergency Department,Emergency,160,143,56,0,0,0,0,Hospital Information System,True
EN000413,KPJ_01,JCORP Specialist Hospital,2024-11-15,Outpatient Department,Outpatient,306,290,220,0,0,0,0,Hospital Information System,True
EN000414,KPJ_01,JCORP Specialist Hospital,2024-11-15,Inpatient Wards,Inpatient,85,0,49,13,12,2,1,Hospital Information System,True
EN000415,KPJ_01,JCORP Specialist Hospital,2024-11-16,Emergency Department,Emergency,168,152,59,0,0,0,0,Hospital Information System,True
EN000416,KPJ_01,JCORP Specialist Hospital,2024-11-16,Outpatient Department,Outpatient,115,110,86,0,0,0,0,Hospital Information System,True
EN000417,KPJ_01,JCORP Specialist Hospital,2024-11-16,Inpatient Wards,Inpatient,85,0,43,15,13,2,1,Hospital Information System,True
EN000418,KPJ_01,JCORP Specialist Hospital,2024-11-17,Emergency Department,Emergency,198,186,70,0,0,0,0,Hospital Information System,True
EN000419,KPJ_01,JCORP Specialist Hospital,2024-11-17,Outpatient Department,Outpatient,112,108,81,0,0,0,0,Hospital Information System,True
EN000420,KPJ_01,JCORP Specialist Hospital,2024-11-17,Inpatient Wards,Inpatient,88,0,52,18,14,1,3,Hospital Information System,True
EN000421,KPJ_01,JCORP Specialist Hospital,2024-11-18,Emergency Department,Emergency,146,137,58,0,0,0,0,Hospital Information System,True
EN000422,KPJ_01,JCORP Specialist Hospital,2024-11-18,Outpatient Department,Outpatient,362,346,277,0,0,0,0,Hospital Information System,True
EN000423,KPJ_01,JCORP Specialist Hospital,2024-11-18,Inpatient Wards,Inpatient,87,0,45,16,19,3,2,Hospital Information System,True
EN000424,KPJ_01,JCORP Specialist Hospital,2024-11-19,Emergency Department,Emergency,150,136,55,0,0,0,0,Hospital Information System,True
EN000425,KPJ_01,JCORP Specialist Hospital,2024-11-19,Outpatient Department,Outpatient,270,253,201,0,0,0,0,Hospital Information System,True
EN000426,KPJ_01,JCORP Specialist Hospital,2024-11-19,Inpatient Wards,Inpatient,73,0,39,16,15,1,2,Hospital Information System,True
EN000427,KPJ_01,JCORP Specialist Hospital,2024-11-20,Emergency Department,Emergency,154,142,48,0,0,0,0,Hospital Information System,True
EN000428,KPJ_01,JCORP Specialist Hospital,2024-11-20,Outpatient Department,Outpatient,332,319,252,0,0,0,0,Hospital Information System,True
EN000429,KPJ_01,JCORP Specialist Hospital,2024-11-20,Inpatient Wards,Inpatient,87,0,48,16,13,3,2,Hospital Information System,True
EN000430,KPJ_01,JCORP Specialist Hospital,2024-11-21,Emergency Department,Emergency,155,143,49,0,0,0,0,Hospital Information System,True
EN000431,KPJ_01,JCORP Specialist Hospital,2024-11-21,Outpatient Department,Outpatient,345,330,257,0,0,0,0,Hospital Information System,True
EN000432,KPJ_01,JCORP Specialist Hospital,2024-11-21,Inpatient Wards,Inpatient,90,0,48,13,10,1,2,Hospital Information System,True
EN000433,KPJ_01,JCORP Specialist Hospital,2024-11-22,Emergency Department,Emergency,144,130,51,0,0,0,0,Hospital Information System,True
EN000434,KPJ_01,JCORP Specialist Hospital,2024-11-22,Outpatient Department,Outpatient,309,289,220,0,0,0,0,Hospital Information System,True
EN000435,KPJ_01,JCORP Specialist Hospital,2024-11-22,Inpatient Wards,Inpatient,78,0,46,14,13,2,0,Hospital Information System,True
EN000436,KPJ_01,JCORP Specialist Hospital,2024-11-23,Emergency Department,Emergency,171,157,55,0,0,0,0,Hospital Information System,True
EN000437,KPJ_01,JCORP Specialist Hospital,2024-11-23,Outpatient Department,Outpatient,104,96,77,0,0,0,0,Hospital Information System,True
EN000438,KPJ_01,JCORP Specialist Hospital,2024-11-23,Inpatient Wards,Inpatient,85,0,46,16,14,2,3,Hospital Information System,True
EN000439,KPJ_01,JCORP Specialist Hospital,2024-11-24,Emergency Department,Emergency,195,178,70,0,0,0,0,Hospital Information System,True
EN000440,KPJ_01,JCORP Specialist Hospital,2024-11-24,Outpatient Department,Outpatient,110,105,85,0,0,0,0,Hospital Information System,True
EN000441,KPJ_01,JCORP Specialist Hospital,2024-11-24,Inpatient Wards,Inpatient,82,0,44,13,16,4,2,Hospital Information System,True
EN000442,KPJ_01,JCORP Specialist Hospital,2024-11-25,Emergency Department,Emergency,145,131,56,0,0,0,0,Hospital Information System,True
EN000443,KPJ_01,JCORP Specialist Hospital,2024-11-25,Outpatient Department,Outpatient,378,365,291,0,0,0,0,Hospital Information System,True
EN000444,KPJ_01,JCORP Specialist Hospital,2024-11-25,Inpatient Wards,Inpatient,89,0,49,16,16,2,1,Hospital Information System,True
EN000445,KPJ_01,JCORP Specialist Hospital,2024-11-26,Emergency Department,Emergency,176,165,59,0,0,0,0,Hospital Information System,True
EN000446,KPJ_01,JCORP Specialist Hospital,2024-11-26,Outpatient Department,Outpatient,345,332,257,0,0,0,0,Hospital Information System,True
EN000447,KPJ_01,JCORP Specialist Hospital,2024-11-26,Inpatient Wards,Inpatient,89,0,47,14,13,3,1,Hospital Information System,True
EN000448,KPJ_01,JCORP Specialist Hospital,2024-11-27,Emergency Department,Emergency,155,141,52,0,0,0,0,Hospital Information System,True
EN000449,KPJ_01,JCORP Specialist Hospital,2024-11-27,Outpatient Department,Outpatient,356,336,265,0,0,0,0,Hospital Information System,True
EN000450,KPJ_01,JCORP Specialist Hospital,2024-11-27,Inpatient Wards,Inpatient,76,0,38,17,16,1,2,Hospital Information System,True
EN000451,KPJ_01,JCORP Specialist Hospital,2024-11-28,Emergency Department,Emergency,153,142,50,0,0,0,0,Hospital Information System,True
EN000452,KPJ_01,JCORP Specialist Hospital,2024-11-28,Outpatient Department,Outpatient,353,332,254,0,0,0,0,Hospital Information System,True
EN000453,KPJ_01,JCORP Specialist Hospital,2024-11-28,Inpatient Wards,Inpatient,85,0,48,16,16,1,1,Hospital Information System,True
EN000454,KPJ_01,JCORP Specialist Hospital,2024-11-29,Emergency Department,Emergency,143,134,43,0,0,0,0,Hospital Information System,True
EN000455,KPJ_01,JCORP Specialist Hospital,2024-11-29,Outpatient Department,Outpatient,364,340,264,0,0,0,0,Hospital Information System,True
EN000456,KPJ_01,JCORP Specialist Hospital,2024-11-29,Inpatient Wards,Inpatient,84,0,44,14,9,2,1,Hospital Information System,True
EN000457,KPJ_01,JCORP Specialist Hospital,2024-11-30,Emergency Department,Emergency,195,176,77,0,0,0,0,Hospital Information System,True
EN000458,KPJ_01,JCORP Specialist Hospital,2024-11-30,Outpatient Department,Outpatient,114,110,90,0,0,0,0,Hospital Information System,True
EN000459,KPJ_01,JCORP Specialist Hospital,2024-11-30,Inpatient Wards,Inpatient,93,0,52,17,17,4,2,Hospital Information System,True
EN000460,KPJ_01,JCORP Specialist Hospital,2024-12-01,Emergency Department,Emergency,189,172,60,0,0,0,0,Hospital Information System,True
EN000461,KPJ_01,JCORP Specialist Hospital,2024-12-01,Outpatient Department,Outpatient,91,86,64,0,0,0,0,Hospital Information System,True
EN000462,KPJ_01,JCORP Specialist Hospital,2024-12-01,Inpatient Wards,Inpatient,81,0,44,19,19,3,3,Hospital Information System,True
EN000463,KPJ_01,JCORP Specialist Hospital,2024-12-02,Emergency Department,Emergency,159,144,52,0,0,0,0,Hospital Information System,True
EN000464,KPJ_01,JCORP Specialist Hospital,2024-12-02,Outpatient Department,Outpatient,367,347,280,0,0,0,0,Hospital Information System,True
EN000465,KPJ_01,JCORP Specialist Hospital,2024-12-02,Inpatient Wards,Inpatient,86,0,44,14,10,2,0,Hospital Information System,True
EN000466,KPJ_01,JCORP Specialist Hospital,2024-12-03,Emergency Department,Emergency,153,144,49,0,0,0,0,Hospital Information System,True
EN000467,KPJ_01,JCORP Specialist Hospital,2024-12-03,Outpatient Department,Outpatient,302,279,224,0,0,0,0,Hospital Information System,True
EN000468,KPJ_01,JCORP Specialist Hospital,2024-12-03,Inpatient Wards,Inpatient,78,0,41,15,16,3,2,Hospital Information System,True
EN000469,KPJ_01,JCORP Specialist Hospital,2024-12-04,Emergency Department,Emergency,162,145,50,0,0,0,0,Hospital Information System,True
EN000470,KPJ_01,JCORP Specialist Hospital,2024-12-04,Outpatient Department,Outpatient,308,294,230,0,0,0,0,Hospital Information System,True
EN000471,KPJ_01,JCORP Specialist Hospital,2024-12-04,Inpatient Wards,Inpatient,75,0,43,15,16,2,2,Hospital Information System,True
EN000472,KPJ_01,JCORP Specialist Hospital,2024-12-05,Emergency Department,Emergency,166,153,53,0,0,0,0,Hospital Information System,True
EN000473,KPJ_01,JCORP Specialist Hospital,2024-12-05,Outpatient Department,Outpatient,289,271,223,0,0,0,0,Hospital Information System,True
EN000474,KPJ_01,JCORP Specialist Hospital,2024-12-05,Inpatient Wards,Inpatient,94,0,50,16,17,0,2,Hospital Information System,True
EN000475,KPJ_01,JCORP Specialist Hospital,2024-12-06,Emergency Department,Emergency,148,139,56,0,0,0,0,Hospital Information System,True
EN000476,KPJ_01,JCORP Specialist Hospital,2024-12-06,Outpatient Department,Outpatient,284,275,207,0,0,0,0,Hospital Information System,True
EN000477,KPJ_01,JCORP Specialist Hospital,2024-12-06,Inpatient Wards,Inpatient,88,0,46,19,21,1,1,Hospital Information System,True
EN000478,KPJ_01,JCORP Specialist Hospital,2024-12-07,Emergency Department,Emergency,158,144,48,0,0,0,0,Hospital Information System,True
EN000479,KPJ_01,JCORP Specialist Hospital,2024-12-07,Outpatient Department,Outpatient,106,100,80,0,0,0,0,Hospital Information System,True
EN000480,KPJ_01,JCORP Specialist Hospital,2024-12-07,Inpatient Wards,Inpatient,76,0,40,14,12,3,1,Hospital Information System,True
EN000481,KPJ_01,JCORP Specialist Hospital,2024-12-08,Emergency Department,Emergency,183,170,63,0,0,0,0,Hospital Information System,True
EN000482,KPJ_01,JCORP Specialist Hospital,2024-12-08,Outpatient Department,Outpatient,108,102,86,0,0,0,0,Hospital Information System,True
EN000483,KPJ_01,JCORP Specialist Hospital,2024-12-08,Inpatient Wards,Inpatient,77,0,41,11,9,1,2,Hospital Information System,True
EN000484,KPJ_01,JCORP Specialist Hospital,2024-12-09,Emergency Department,Emergency,154,142,56,0,0,0,0,Hospital Information System,True
EN000485,KPJ_01,JCORP Specialist Hospital,2024-12-09,Outpatient Department,Outpatient,374,344,289,0,0,0,0,Hospital Information System,True
EN000486,KPJ_01,JCORP Specialist Hospital,2024-12-09,Inpatient Wards,Inpatient,82,0,49,15,13,3,2,Hospital Information System,True
EN000487,KPJ_01,JCORP Specialist Hospital,2024-12-10,Emergency Department,Emergency,134,122,53,0,0,0,0,Hospital Information System,True
EN000488,KPJ_01,JCORP Specialist Hospital,2024-12-10,Outpatient Department,Outpatient,285,271,200,0,0,0,0,Hospital Information System,True
EN000489,KPJ_01,JCORP Specialist Hospital,2024-12-10,Inpatient Wards,Inpatient,90,0,53,19,16,2,1,Hospital Information System,True
EN000490,KPJ_01,JCORP Specialist Hospital,2024-12-11,Emergency Department,Emergency,167,152,50,0,0,0,0,Hospital Information System,True
EN000491,KPJ_01,JCORP Specialist Hospital,2024-12-11,Outpatient Department,Outpatient,347,330,257,0,0,0,0,Hospital Information System,True
EN000492,KPJ_01,JCORP Specialist Hospital,2024-12-11,Inpatient Wards,Inpatient,82,0,45,12,14,3,2,Hospital Information System,True
EN000493,KPJ_01,JCORP Specialist Hospital,2024-12-12,Emergency Department,Emergency,150,140,46,0,0,0,0,Hospital Information System,True
EN000494,KPJ_01,JCORP Specialist Hospital,2024-12-12,Outpatient Department,Outpatient,373,346,281,0,0,0,0,Hospital Information System,True
EN000495,KPJ_01,JCORP Specialist Hospital,2024-12-12,Inpatient Wards,Inpatient,82,0,47,18,20,2,2,Hospital Information System,True
EN000496,KPJ_01,JCORP Specialist Hospital,2024-12-13,Emergency Department,Emergency,145,130,46,0,0,0,0,Hospital Information System,True
EN000497,KPJ_01,JCORP Specialist Hospital,2024-12-13,Outpatient Department,Outpatient,341,320,254,0,0,0,0,Hospital Information System,True
EN000498,KPJ_01,JCORP Specialist Hospital,2024-12-13,Inpatient Wards,Inpatient,82,0,47,15,14,2,1,Hospital Information System,True
EN000499,KPJ_01,JCORP Specialist Hospital,2024-12-14,Emergency Department,Emergency,181,166,66,0,0,0,0,Hospital Information System,True
EN000500,KPJ_01,JCORP Specialist Hospital,2024-12-14,Outpatient Department,Outpatient,106,99,80,0,0,0,0,Hospital Information System,True
EN000501,KPJ_01,JCORP Specialist Hospital,2024-12-14,Inpatient Wards,Inpatient,83,0,46,13,10,2,4,Hospital Information System,True
EN000502,KPJ_01,JCORP Specialist Hospital,2024-12-15,Emergency Department,Emergency,182,164,72,0,0,0,0,Hospital Information System,True
EN000503,KPJ_01,JCORP Specialist Hospital,2024-12-15,Outpatient Department,Outpatient,115,109,84,0,0,0,0,Hospital Information System,True
EN000504,KPJ_01,JCORP Specialist Hospital,2024-12-15,Inpatient Wards,Inpatient,77,0,41,12,11,1,1,Hospital Information System,True
EN000505,KPJ_01,JCORP Specialist Hospital,2024-12-16,Emergency Department,Emergency,164,150,64,0,0,0,0,Hospital Information System,True
EN000506,KPJ_01,JCORP Specialist Hospital,2024-12-16,Outpatient Department,Outpatient,335,322,260,0,0,0,0,Hospital Information System,True
EN000507,KPJ_01,JCORP Specialist Hospital,2024-12-16,Inpatient Wards,Inpatient,80,0,44,11,9,0,1,Hospital Information System,True
EN000508,KPJ_01,JCORP Specialist Hospital,2024-12-17,Emergency Department,Emergency,158,142,52,0,0,0,0,Hospital Information System,True
EN000509,KPJ_01,JCORP Specialist Hospital,2024-12-17,Outpatient Department,Outpatient,313,304,233,0,0,0,0,Hospital Information System,True
EN000510,KPJ_01,JCORP Specialist Hospital,2024-12-17,Inpatient Wards,Inpatient,81,0,46,13,15,2,2,Hospital Information System,True
EN000511,KPJ_01,JCORP Specialist Hospital,2024-12-18,Emergency Department,Emergency,170,159,60,0,0,0,0,Hospital Information System,True
EN000512,KPJ_01,JCORP Specialist Hospital,2024-12-18,Outpatient Department,Outpatient,332,316,252,0,0,0,0,Hospital Information System,True
EN000513,KPJ_01,JCORP Specialist Hospital,2024-12-18,Inpatient Wards,Inpatient,84,0,48,12,14,3,2,Hospital Information System,True
EN000514,KPJ_01,JCORP Specialist Hospital,2024-12-19,Emergency Department,Emergency,161,150,60,0,0,0,0,Hospital Information System,True
EN000515,KPJ_01,JCORP Specialist Hospital,2024-12-19,Outpatient Department,Outpatient,309,293,242,0,0,0,0,Hospital Information System,True
EN000516,KPJ_01,JCORP Specialist Hospital,2024-12-19,Inpatient Wards,Inpatient,98,0,56,17,17,1,0,Hospital Information System,True
EN000517,KPJ_01,JCORP Specialist Hospital,2024-12-20,Emergency Department,Emergency,144,130,54,0,0,0,0,Hospital Information System,True
EN000518,KPJ_01,JCORP Specialist Hospital,2024-12-20,Outpatient Department,Outpatient,323,313,229,0,0,0,0,Hospital Information System,True
EN000519,KPJ_01,JCORP Specialist Hospital,2024-12-20,Inpatient Wards,Inpatient,96,0,49,17,15,0,1,Hospital Information System,True
EN000520,KPJ_01,JCORP Specialist Hospital,2024-12-21,Emergency Department,Emergency,178,161,59,0,0,0,0,Hospital Information System,True
EN000521,KPJ_01,JCORP Specialist Hospital,2024-12-21,Outpatient Department,Outpatient,106,100,84,0,0,0,0,Hospital Information System,True
EN000522,KPJ_01,JCORP Specialist Hospital,2024-12-21,Inpatient Wards,Inpatient,84,0,45,12,13,1,2,Hospital Information System,True
EN000523,KPJ_01,JCORP Specialist Hospital,2024-12-22,Emergency Department,Emergency,172,160,58,0,0,0,0,Hospital Information System,True
EN000524,KPJ_01,JCORP Specialist Hospital,2024-12-22,Outpatient Department,Outpatient,108,103,79,0,0,0,0,Hospital Information System,True
EN000525,KPJ_01,JCORP Specialist Hospital,2024-12-22,Inpatient Wards,Inpatient,82,0,41,15,18,2,2,Hospital Information System,True
EN000526,KPJ_01,JCORP Specialist Hospital,2024-12-23,Emergency Department,Emergency,157,147,57,0,0,0,0,Hospital Information System,True
EN000527,KPJ_01,JCORP Specialist Hospital,2024-12-23,Outpatient Department,Outpatient,362,337,270,0,0,0,0,Hospital Information System,True
EN000528,KPJ_01,JCORP Specialist Hospital,2024-12-23,Inpatient Wards,Inpatient,76,0,45,12,10,1,1,Hospital Information System,True
EN000529,KPJ_01,JCORP Specialist Hospital,2024-12-24,Emergency Department,Emergency,169,151,60,0,0,0,0,Hospital Information System,True
EN000530,KPJ_01,JCORP Specialist Hospital,2024-12-24,Outpatient Department,Outpatient,286,277,216,0,0,0,0,Hospital Information System,True
EN000531,KPJ_01,JCORP Specialist Hospital,2024-12-24,Inpatient Wards,Inpatient,82,0,45,15,13,0,1,Hospital Information System,True
EN000532,KPJ_01,JCORP Specialist Hospital,2024-12-25,Emergency Department,Emergency,174,162,58,0,0,0,0,Hospital Information System,True
EN000533,KPJ_01,JCORP Specialist Hospital,2024-12-25,Outpatient Department,Outpatient,327,305,250,0,0,0,0,Hospital Information System,True
EN000534,KPJ_01,JCORP Specialist Hospital,2024-12-25,Inpatient Wards,Inpatient,85,0,43,16,17,3,2,Hospital Information System,True
EN000535,KPJ_01,JCORP Specialist Hospital,2024-12-26,Emergency Department,Emergency,166,154,55,0,0,0,0,Hospital Information System,True
EN000536,KPJ_01,JCORP Specialist Hospital,2024-12-26,Outpatient Department,Outpatient,296,278,233,0,0,0,0,Hospital Information System,True
EN000537,KPJ_01,JCORP Specialist Hospital,2024-12-26,Inpatient Wards,Inpatient,74,0,44,15,16,1,2,Hospital Information System,True
EN000538,KPJ_01,JCORP Specialist Hospital,2024-12-27,Emergency Department,Emergency,181,161,57,0,0,0,0,Hospital Information System,True
EN000539,KPJ_01,JCORP Specialist Hospital,2024-12-27,Outpatient Department,Outpatient,353,340,271,0,0,0,0,Hospital Information System,True
EN000540,KPJ_01,JCORP Specialist Hospital,2024-12-27,Inpatient Wards,Inpatient,76,0,41,16,17,3,1,Hospital Information System,True
EN000541,KPJ_01,JCORP Specialist Hospital,2024-12-28,Emergency Department,Emergency,175,164,62,0,0,0,0,Hospital Information System,True
EN000542,KPJ_01,JCORP Specialist Hospital,2024-12-28,Outpatient Department,Outpatient,111,107,88,0,0,0,0,Hospital Information System,True
EN000543,KPJ_01,JCORP Specialist Hospital,2024-12-28,Inpatient Wards,Inpatient,65,0,37,12,11,1,1,Hospital Information System,True
EN000544,KPJ_01,JCORP Specialist Hospital,2024-12-29,Emergency Department,Emergency,154,144,58,0,0,0,0,Hospital Information System,True
EN000545,KPJ_01,JCORP Specialist Hospital,2024-12-29,Outpatient Department,Outpatient,97,90,72,0,0,0,0,Hospital Information System,True
EN000546,KPJ_01,JCORP Specialist Hospital,2024-12-29,Inpatient Wards,Inpatient,84,0,47,11,8,1,2,Hospital Information System,True
EN000547,KPJ_01,JCORP Specialist Hospital,2024-12-30,Emergency Department,Emergency,158,147,54,0,0,0,0,Hospital Information System,True
EN000548,KPJ_01,JCORP Specialist Hospital,2024-12-30,Outpatient Department,Outpatient,354,329,256,0,0,0,0,Hospital Information System,True
EN000549,KPJ_01,JCORP Specialist Hospital,2024-12-30,Inpatient Wards,Inpatient,88,0,51,16,15,2,1,Hospital Information System,True
EN000550,KPJ_01,JCORP Specialist Hospital,2024-12-31,Emergency Department,Emergency,160,150,51,0,0,0,0,Hospital Information System,True
EN000551,KPJ_01,JCORP Specialist Hospital,2024-12-31,Outpatient Department,Outpatient,288,267,221,0,0,0,0,Hospital Information System,True
EN000552,KPJ_01,JCORP Specialist Hospital,2024-12-31,Inpatient Wards,Inpatient,73,0,41,12,14,1,1,Hospital Information System,True
EN000553,KPJ_01,JCORP Specialist Hospital,2025-01-01,Emergency Department,Emergency,152,136,51,0,0,0,0,Hospital Information System,True
EN000554,KPJ_01,JCORP Specialist Hospital,2025-01-01,Outpatient Department,Outpatient,346,335,268,0,0,0,0,Hospital Information System,True
EN000555,KPJ_01,JCORP Specialist Hospital,2025-01-01,Inpatient Wards,Inpatient,78,0,47,16,17,1,3,Hospital Information System,True
EN000556,KPJ_01,JCORP Specialist Hospital,2025-01-02,Emergency Department,Emergency,165,149,56,0,0,0,0,Hospital Information System,True
EN000557,KPJ_01,JCORP Specialist Hospital,2025-01-02,Outpatient Department,Outpatient,292,281,210,0,0,0,0,Hospital Information System,True
EN000558,KPJ_01,JCORP Specialist Hospital,2025-01-02,Inpatient Wards,Inpatient,83,0,42,15,15,2,3,Hospital Information System,True
EN000559,KPJ_01,JCORP Specialist Hospital,2025-01-03,Emergency Department,Emergency,153,142,47,0,0,0,0,Hospital Information System,True
EN000560,KPJ_01,JCORP Specialist Hospital,2025-01-03,Outpatient Department,Outpatient,285,266,226,0,0,0,0,Hospital Information System,True
EN000561,KPJ_01,JCORP Specialist Hospital,2025-01-03,Inpatient Wards,Inpatient,90,0,53,15,13,0,2,Hospital Information System,True
EN000562,KPJ_01,JCORP Specialist Hospital,2025-01-04,Emergency Department,Emergency,179,165,57,0,0,0,0,Hospital Information System,True
EN000563,KPJ_01,JCORP Specialist Hospital,2025-01-04,Outpatient Department,Outpatient,112,107,80,0,0,0,0,Hospital Information System,True
EN000564,KPJ_01,JCORP Specialist Hospital,2025-01-04,Inpatient Wards,Inpatient,83,0,44,13,12,2,4,Hospital Information System,True
EN000565,KPJ_01,JCORP Specialist Hospital,2025-01-05,Emergency Department,Emergency,164,146,57,0,0,0,0,Hospital Information System,True
EN000566,KPJ_01,JCORP Specialist Hospital,2025-01-05,Outpatient Department,Outpatient,113,106,89,0,0,0,0,Hospital Information System,True
EN000567,KPJ_01,JCORP Specialist Hospital,2025-01-05,Inpatient Wards,Inpatient,90,0,53,18,16,1,3,Hospital Information System,True
EN000568,KPJ_01,JCORP Specialist Hospital,2025-01-06,Emergency Department,Emergency,150,138,50,0,0,0,0,Hospital Information System,True
EN000569,KPJ_01,JCORP Specialist Hospital,2025-01-06,Outpatient Department,Outpatient,377,348,279,0,0,0,0,Hospital Information System,True
EN000570,KPJ_01,JCORP Specialist Hospital,2025-01-06,Inpatient Wards,Inpatient,86,0,46,15,16,3,2,Hospital Information System,True
EN000571,KPJ_01,JCORP Specialist Hospital,2025-01-07,Emergency Department,Emergency,164,154,64,0,0,0,0,Hospital Information System,True
EN000572,KPJ_01,JCORP Specialist Hospital,2025-01-07,Outpatient Department,Outpatient,331,309,237,0,0,0,0,Hospital Information System,True
EN000573,KPJ_01,JCORP Specialist Hospital,2025-01-07,Inpatient Wards,Inpatient,91,0,51,14,15,2,1,Hospital Information System,True
EN000574,KPJ_01,JCORP Specialist Hospital,2025-01-08,Emergency Department,Emergency,156,139,54,0,0,0,0,Hospital Information System,True
EN000575,KPJ_01,JCORP Specialist Hospital,2025-01-08,Outpatient Department,Outpatient,365,344,268,0,0,0,0,Hospital Information System,True
EN000576,KPJ_01,JCORP Specialist Hospital,2025-01-08,Inpatient Wards,Inpatient,76,0,42,17,14,3,0,Hospital Information System,True
EN000577,KPJ_01,JCORP Specialist Hospital,2025-01-09,Emergency Department,Emergency,160,145,56,0,0,0,0,Hospital Information System,True
EN000578,KPJ_01,JCORP Specialist Hospital,2025-01-09,Outpatient Department,Outpatient,319,300,239,0,0,0,0,Hospital Information System,True
EN000579,KPJ_01,JCORP Specialist Hospital,2025-01-09,Inpatient Wards,Inpatient,83,0,42,17,18,1,2,Hospital Information System,True
EN000580,KPJ_01,JCORP Specialist Hospital,2025-01-10,Emergency Department,Emergency,151,139,60,0,0,0,0,Hospital Information System,True
EN000581,KPJ_01,JCORP Specialist Hospital,2025-01-10,Outpatient Department,Outpatient,378,365,265,0,0,0,0,Hospital Information System,True
EN000582,KPJ_01,JCORP Specialist Hospital,2025-01-10,Inpatient Wards,Inpatient,75,0,41,11,12,2,3,Hospital Information System,True
EN000583,KPJ_01,JCORP Specialist Hospital,2025-01-11,Emergency Department,Emergency,180,168,70,0,0,0,0,Hospital Information System,True
EN000584,KPJ_01,JCORP Specialist Hospital,2025-01-11,Outpatient Department,Outpatient,110,102,85,0,0,0,0,Hospital Information System,True
EN000585,KPJ_01,JCORP Specialist Hospital,2025-01-11,Inpatient Wards,Inpatient,76,0,41,10,6,1,2,Hospital Information System,True
EN000586,KPJ_01,JCORP Specialist Hospital,2025-01-12,Emergency Department,Emergency,179,165,58,0,0,0,0,Hospital Information System,True
EN000587,KPJ_01,JCORP Specialist Hospital,2025-01-12,Outpatient Department,Outpatient,108,101,77,0,0,0,0,Hospital Information System,True
EN000588,KPJ_01,JCORP Specialist Hospital,2025-01-12,Inpatient Wards,Inpatient,73,0,40,14,17,2,2,Hospital Information System,True
EN000589,KPJ_01,JCORP Specialist Hospital,2025-01-13,Emergency Department,Emergency,170,157,64,0,0,0,0,Hospital Information System,True
EN000590,KPJ_01,JCORP Specialist Hospital,2025-01-13,Outpatient Department,Outpatient,371,341,293,0,0,0,0,Hospital Information System,True
EN000591,KPJ_01,JCORP Specialist Hospital,2025-01-13,Inpatient Wards,Inpatient,83,0,44,10,12,2,1,Hospital Information System,True
EN000592,KPJ_01,JCORP Specialist Hospital,2025-01-14,Emergency Department,Emergency,157,141,51,0,0,0,0,Hospital Information System,True
EN000593,KPJ_01,JCORP Specialist Hospital,2025-01-14,Outpatient Department,Outpatient,317,303,246,0,0,0,0,Hospital Information System,True
EN000594,KPJ_01,JCORP Specialist Hospital,2025-01-14,Inpatient Wards,Inpatient,74,0,37,15,15,1,1,Hospital Information System,True
EN000595,KPJ_01,JCORP Specialist Hospital,2025-01-15,Emergency Department,Emergency,126,118,38,0,0,0,0,Hospital Information System,True
EN000596,KPJ_01,JCORP Specialist Hospital,2025-01-15,Outpatient Department,Outpatient,328,311,249,0,0,0,0,Hospital Information System,True
EN000597,KPJ_01,JCORP Specialist Hospital,2025-01-15,Inpatient Wards,Inpatient,73,0,37,12,14,2,2,Hospital Information System,True
EN000598,KPJ_01,JCORP Specialist Hospital,2025-01-16,Emergency Department,Emergency,162,150,55,0,0,0,0,Hospital Information System,True
EN000599,KPJ_01,JCORP Specialist Hospital,2025-01-16,Outpatient Department,Outpatient,360,344,265,0,0,0,0,Hospital Information System,True
EN000600,KPJ_01,JCORP Specialist Hospital,2025-01-16,Inpatient Wards,Inpatient,78,0,42,13,10,2,2,Hospital Information System,True
EN000601,KPJ_01,JCORP Specialist Hospital,2025-01-17,Emergency Department,Emergency,154,139,61,0,0,0,0,Hospital Information System,True
EN000602,KPJ_01,JCORP Specialist Hospital,2025-01-17,Outpatient Department,Outpatient,304,287,236,0,0,0,0,Hospital Information System,True
EN000603,KPJ_01,JCORP Specialist Hospital,2025-01-17,Inpatient Wards,Inpatient,89,0,47,19,15,2,3,Hospital Information System,True
EN000604,KPJ_01,JCORP Specialist Hospital,2025-01-18,Emergency Department,Emergency,194,182,68,0,0,0,0,Hospital Information System,True
EN000605,KPJ_01,JCORP Specialist Hospital,2025-01-18,Outpatient Department,Outpatient,107,104,78,0,0,0,0,Hospital Information System,True
EN000606,KPJ_01,JCORP Specialist Hospital,2025-01-18,Inpatient Wards,Inpatient,85,0,43,13,12,2,2,Hospital Information System,True
EN000607,KPJ_01,JCORP Specialist Hospital,2025-01-19,Emergency Department,Emergency,174,159,57,0,0,0,0,Hospital Information System,True
EN000608,KPJ_01,JCORP Specialist Hospital,2025-01-19,Outpatient Department,Outpatient,108,100,79,0,0,0,0,Hospital Information System,True
EN000609,KPJ_01,JCORP Specialist Hospital,2025-01-19,Inpatient Wards,Inpatient,74,0,40,10,10,2,1,Hospital Information System,True
EN000610,KPJ_01,JCORP Specialist Hospital,2025-01-20,Emergency Department,Emergency,147,136,50,0,0,0,0,Hospital Information System,True
EN000611,KPJ_01,JCORP Specialist Hospital,2025-01-20,Outpatient Department,Outpatient,382,359,271,0,0,0,0,Hospital Information System,True
EN000612,KPJ_01,JCORP Specialist Hospital,2025-01-20,Inpatient Wards,Inpatient,82,0,48,14,17,3,2,Hospital Information System,True
EN000613,KPJ_01,JCORP Specialist Hospital,2025-01-21,Emergency Department,Emergency,147,132,57,0,0,0,0,Hospital Information System,True
EN000614,KPJ_01,JCORP Specialist Hospital,2025-01-21,Outpatient Department,Outpatient,347,324,251,0,0,0,0,Hospital Information System,True
EN000615,KPJ_01,JCORP Specialist Hospital,2025-01-21,Inpatient Wards,Inpatient,95,0,49,17,15,1,1,Hospital Information System,True
EN000616,KPJ_01,JCORP Specialist Hospital,2025-01-22,Emergency Department,Emergency,152,141,50,0,0,0,0,Hospital Information System,True
EN000617,KPJ_01,JCORP Specialist Hospital,2025-01-22,Outpatient Department,Outpatient,275,261,199,0,0,0,0,Hospital Information System,True
EN000618,KPJ_01,JCORP Specialist Hospital,2025-01-22,Inpatient Wards,Inpatient,77,0,41,13,13,1,2,Hospital Information System,True
EN000619,KPJ_01,JCORP Specialist Hospital,2025-01-23,Emergency Department,Emergency,146,131,50,0,0,0,0,Hospital Information System,True
EN000620,KPJ_01,JCORP Specialist Hospital,2025-01-23,Outpatient Department,Outpatient,354,342,250,0,0,0,0,Hospital Information System,True
EN000621,KPJ_01,JCORP Specialist Hospital,2025-01-23,Inpatient Wards,Inpatient,86,0,49,19,18,2,1,Hospital Information System,True
EN000622,KPJ_01,JCORP Specialist Hospital,2025-01-24,Emergency Department,Emergency,145,130,45,0,0,0,0,Hospital Information System,True
EN000623,KPJ_01,JCORP Specialist Hospital,2025-01-24,Outpatient Department,Outpatient,318,296,230,0,0,0,0,Hospital Information System,True
EN000624,KPJ_01,JCORP Specialist Hospital,2025-01-24,Inpatient Wards,Inpatient,83,0,47,17,14,1,2,Hospital Information System,True
EN000625,KPJ_01,JCORP Specialist Hospital,2025-01-25,Emergency Department,Emergency,165,149,59,0,0,0,0,Hospital Information System,True
EN000626,KPJ_01,JCORP Specialist Hospital,2025-01-25,Outpatient Department,Outpatient,119,112,89,0,0,0,0,Hospital Information System,True
EN000627,KPJ_01,JCORP Specialist Hospital,2025-01-25,Inpatient Wards,Inpatient,76,0,39,12,11,0,2,Hospital Information System,True
EN000628,KPJ_01,JCORP Specialist Hospital,2025-01-26,Emergency Department,Emergency,151,139,55,0,0,0,0,Hospital Information System,True
EN000629,KPJ_01,JCORP Specialist Hospital,2025-01-26,Outpatient Department,Outpatient,114,109,91,0,0,0,0,Hospital Information System,True
EN000630,KPJ_01,JCORP Specialist Hospital,2025-01-26,Inpatient Wards,Inpatient,75,0,43,13,13,3,3,Hospital Information System,True
EN000631,KPJ_01,JCORP Specialist Hospital,2025-01-27,Emergency Department,Emergency,148,135,52,0,0,0,0,Hospital Information System,True
EN000632,KPJ_01,JCORP Specialist Hospital,2025-01-27,Outpatient Department,Outpatient,347,325,273,0,0,0,0,Hospital Information System,True
EN000633,KPJ_01,JCORP Specialist Hospital,2025-01-27,Inpatient Wards,Inpatient,71,0,41,9,7,2,2,Hospital Information System,True
EN000634,KPJ_01,JCORP Specialist Hospital,2025-01-28,Emergency Department,Emergency,155,140,49,0,0,0,0,Hospital Information System,True
EN000635,KPJ_01,JCORP Specialist Hospital,2025-01-28,Outpatient Department,Outpatient,302,290,216,0,0,0,0,Hospital Information System,True
EN000636,KPJ_01,JCORP Specialist Hospital,2025-01-28,Inpatient Wards,Inpatient,88,0,52,19,19,2,2,Hospital Information System,True
EN000637,KPJ_01,JCORP Specialist Hospital,2025-01-29,Emergency Department,Emergency,157,143,54,0,0,0,0,Hospital Information System,True
EN000638,KPJ_01,JCORP Specialist Hospital,2025-01-29,Outpatient Department,Outpatient,360,343,283,0,0,0,0,Hospital Information System,True
EN000639,KPJ_01,JCORP Specialist Hospital,2025-01-29,Inpatient Wards,Inpatient,84,0,49,15,16,3,3,Hospital Information System,True
EN000640,KPJ_01,JCORP Specialist Hospital,2025-01-30,Emergency Department,Emergency,166,153,57,0,0,0,0,Hospital Information System,True
EN000641,KPJ_01,JCORP Specialist Hospital,2025-01-30,Outpatient Department,Outpatient,281,266,206,0,0,0,0,Hospital Information System,True
EN000642,KPJ_01,JCORP Specialist Hospital,2025-01-30,Inpatient Wards,Inpatient,88,0,46,19,23,2,2,Hospital Information System,True
EN000643,KPJ_01,JCORP Specialist Hospital,2025-01-31,Emergency Department,Emergency,169,156,54,0,0,0,0,Hospital Information System,True
EN000644,KPJ_01,JCORP Specialist Hospital,2025-01-31,Outpatient Department,Outpatient,317,294,228,0,0,0,0,Hospital Information System,True
EN000645,KPJ_01,JCORP Specialist Hospital,2025-01-31,Inpatient Wards,Inpatient,80,0,48,18,16,3,1,Hospital Information System,True
EN000646,KPJ_01,JCORP Specialist Hospital,2025-02-01,Emergency Department,Emergency,171,156,55,0,0,0,0,Hospital Information System,True
EN000647,KPJ_01,JCORP Specialist Hospital,2025-02-01,Outpatient Department,Outpatient,105,101,79,0,0,0,0,Hospital Information System,True
EN000648,KPJ_01,JCORP Specialist Hospital,2025-02-01,Inpatient Wards,Inpatient,71,0,39,13,16,3,1,Hospital Information System,True
EN000649,KPJ_01,JCORP Specialist Hospital,2025-02-02,Emergency Department,Emergency,154,139,54,0,0,0,0,Hospital Information System,True
EN000650,KPJ_01,JCORP Specialist Hospital,2025-02-02,Outpatient Department,Outpatient,116,112,93,0,0,0,0,Hospital Information System,True
EN000651,KPJ_01,JCORP Specialist Hospital,2025-02-02,Inpatient Wards,Inpatient,70,0,37,12,14,3,3,Hospital Information System,True
EN000652,KPJ_01,JCORP Specialist Hospital,2025-02-03,Emergency Department,Emergency,144,135,56,0,0,0,0,Hospital Information System,True
EN000653,KPJ_01,JCORP Specialist Hospital,2025-02-03,Outpatient Department,Outpatient,339,323,260,0,0,0,0,Hospital Information System,True
EN000654,KPJ_01,JCORP Specialist Hospital,2025-02-03,Inpatient Wards,Inpatient,76,0,39,12,14,1,3,Hospital Information System,True
EN000655,KPJ_01,JCORP Specialist Hospital,2025-02-04,Emergency Department,Emergency,153,138,51,0,0,0,0,Hospital Information System,True
EN000656,KPJ_01,JCORP Specialist Hospital,2025-02-04,Outpatient Department,Outpatient,322,307,234,0,0,0,0,Hospital Information System,True
EN000657,KPJ_01,JCORP Specialist Hospital,2025-02-04,Inpatient Wards,Inpatient,84,0,46,15,15,2,2,Hospital Information System,True
EN000658,KPJ_01,JCORP Specialist Hospital,2025-02-05,Emergency Department,Emergency,155,141,53,0,0,0,0,Hospital Information System,True
EN000659,KPJ_01,JCORP Specialist Hospital,2025-02-05,Outpatient Department,Outpatient,317,304,238,0,0,0,0,Hospital Information System,True
EN000660,KPJ_01,JCORP Specialist Hospital,2025-02-05,Inpatient Wards,Inpatient,84,0,44,16,15,2,0,Hospital Information System,True
EN000661,KPJ_01,JCORP Specialist Hospital,2025-02-06,Emergency Department,Emergency,134,123,40,0,0,0,0,Hospital Information System,True
EN000662,KPJ_01,JCORP Specialist Hospital,2025-02-06,Outpatient Department,Outpatient,342,326,259,0,0,0,0,Hospital Information System,True
EN000663,KPJ_01,JCORP Specialist Hospital,2025-02-06,Inpatient Wards,Inpatient,84,0,49,13,12,3,2,Hospital Information System,True
EN000664,KPJ_01,JCORP Specialist Hospital,2025-02-07,Emergency Department,Emergency,155,145,51,0,0,0,0,Hospital Information System,True
EN000665,KPJ_01,JCORP Specialist Hospital,2025-02-07,Outpatient Department,Outpatient,307,289,240,0,0,0,0,Hospital Information System,True
EN000666,KPJ_01,JCORP Specialist Hospital,2025-02-07,Inpatient Wards,Inpatient,78,0,40,17,19,1,1,Hospital Information System,True
EN000667,KPJ_01,JCORP Specialist Hospital,2025-02-08,Emergency Department,Emergency,180,169,68,0,0,0,0,Hospital Information System,True
EN000668,KPJ_01,JCORP Specialist Hospital,2025-02-08,Outpatient Department,Outpatient,108,100,78,0,0,0,0,Hospital Information System,True
EN000669,KPJ_01,JCORP Specialist Hospital,2025-02-08,Inpatient Wards,Inpatient,80,0,43,16,14,2,2,Hospital Information System,True
EN000670,KPJ_01,JCORP Specialist Hospital,2025-02-09,Emergency Department,Emergency,184,165,67,0,0,0,0,Hospital Information System,True
EN000671,KPJ_01,JCORP Specialist Hospital,2025-02-09,Outpatient Department,Outpatient,108,100,80,0,0,0,0,Hospital Information System,True
EN000672,KPJ_01,JCORP Specialist Hospital,2025-02-09,Inpatient Wards,Inpatient,71,0,38,13,15,2,1,Hospital Information System,True
EN000673,KPJ_01,JCORP Specialist Hospital,2025-02-10,Emergency Department,Emergency,165,153,60,0,0,0,0,Hospital Information System,True
EN000674,KPJ_01,JCORP Specialist Hospital,2025-02-10,Outpatient Department,Outpatient,303,292,213,0,0,0,0,Hospital Information System,True
EN000675,KPJ_01,JCORP Specialist Hospital,2025-02-10,Inpatient Wards,Inpatient,82,0,41,12,12,3,2,Hospital Information System,True
EN000676,KPJ_01,JCORP Specialist Hospital,2025-02-11,Emergency Department,Emergency,155,138,52,0,0,0,0,Hospital Information System,True
EN000677,KPJ_01,JCORP Specialist Hospital,2025-02-11,Outpatient Department,Outpatient,324,301,241,0,0,0,0,Hospital Information System,True
EN000678,KPJ_01,JCORP Specialist Hospital,2025-02-11,Inpatient Wards,Inpatient,79,0,44,13,13,0,2,Hospital Information System,True
EN000679,KPJ_01,JCORP Specialist Hospital,2025-02-12,Emergency Department,Emergency,147,135,48,0,0,0,0,Hospital Information System,True
EN000680,KPJ_01,JCORP Specialist Hospital,2025-02-12,Outpatient Department,Outpatient,307,297,237,0,0,0,0,Hospital Information System,True
EN000681,KPJ_01,JCORP Specialist Hospital,2025-02-12,Inpatient Wards,Inpatient,86,0,47,15,16,2,0,Hospital Information System,True
EN000682,KPJ_01,JCORP Specialist Hospital,2025-02-13,Emergency Department,Emergency,153,137,57,0,0,0,0,Hospital Information System,True
EN000683,KPJ_01,JCORP Specialist Hospital,2025-02-13,Outpatient Department,Outpatient,281,270,223,0,0,0,0,Hospital Information System,True
EN000684,KPJ_01,JCORP Specialist Hospital,2025-02-13,Inpatient Wards,Inpatient,77,0,44,16,13,2,2,Hospital Information System,True
EN000685,KPJ_01,JCORP Specialist Hospital,2025-02-14,Emergency Department,Emergency,137,127,47,0,0,0,0,Hospital Information System,True
EN000686,KPJ_01,JCORP Specialist Hospital,2025-02-14,Outpatient Department,Outpatient,269,251,194,0,0,0,0,Hospital Information System,True
EN000687,KPJ_01,JCORP Specialist Hospital,2025-02-14,Inpatient Wards,Inpatient,81,0,43,14,14,2,2,Hospital Information System,True
EN000688,KPJ_01,JCORP Specialist Hospital,2025-02-15,Emergency Department,Emergency,179,164,65,0,0,0,0,Hospital Information System,True
EN000689,KPJ_01,JCORP Specialist Hospital,2025-02-15,Outpatient Department,Outpatient,117,109,91,0,0,0,0,Hospital Information System,True
EN000690,KPJ_01,JCORP Specialist Hospital,2025-02-15,Inpatient Wards,Inpatient,84,0,44,12,12,2,1,Hospital Information System,True
EN000691,KPJ_01,JCORP Specialist Hospital,2025-02-16,Emergency Department,Emergency,157,146,62,0,0,0,0,Hospital Information System,True
EN000692,KPJ_01,JCORP Specialist Hospital,2025-02-16,Outpatient Department,Outpatient,107,103,82,0,0,0,0,Hospital Information System,True
EN000693,KPJ_01,JCORP Specialist Hospital,2025-02-16,Inpatient Wards,Inpatient,73,0,39,15,14,2,1,Hospital Information System,True
EN000694,KPJ_01,JCORP Specialist Hospital,2025-02-17,Emergency Department,Emergency,146,132,49,0,0,0,0,Hospital Information System,True
EN000695,KPJ_01,JCORP Specialist Hospital,2025-02-17,Outpatient Department,Outpatient,335,325,263,0,0,0,0,Hospital Information System,True
EN000696,KPJ_01,JCORP Specialist Hospital,2025-02-17,Inpatient Wards,Inpatient,79,0,43,14,13,2,1,Hospital Information System,True
EN000697,KPJ_01,JCORP Specialist Hospital,2025-02-18,Emergency Department,Emergency,137,128,52,0,0,0,0,Hospital Information System,True
EN000698,KPJ_01,JCORP Specialist Hospital,2025-02-18,Outpatient Department,Outpatient,304,293,238,0,0,0,0,Hospital Information System,True
EN000699,KPJ_01,JCORP Specialist Hospital,2025-02-18,Inpatient Wards,Inpatient,72,0,37,12,14,2,2,Hospital Information System,True
EN000700,KPJ_01,JCORP Specialist Hospital,2025-02-19,Emergency Department,Emergency,145,135,50,0,0,0,0,Hospital Information System,True
EN000701,KPJ_01,JCORP Specialist Hospital,2025-02-19,Outpatient Department,Outpatient,355,339,281,0,0,0,0,Hospital Information System,True
EN000702,KPJ_01,JCORP Specialist Hospital,2025-02-19,Inpatient Wards,Inpatient,76,0,39,15,17,1,1,Hospital Information System,True
EN000703,KPJ_01,JCORP Specialist Hospital,2025-02-20,Emergency Department,Emergency,155,139,57,0,0,0,0,Hospital Information System,True
EN000704,KPJ_01,JCORP Specialist Hospital,2025-02-20,Outpatient Department,Outpatient,336,318,257,0,0,0,0,Hospital Information System,True
EN000705,KPJ_01,JCORP Specialist Hospital,2025-02-20,Inpatient Wards,Inpatient,93,0,52,17,16,1,1,Hospital Information System,True
EN000706,KPJ_01,JCORP Specialist Hospital,2025-02-21,Emergency Department,Emergency,132,118,50,0,0,0,0,Hospital Information System,True
EN000707,KPJ_01,JCORP Specialist Hospital,2025-02-21,Outpatient Department,Outpatient,300,278,221,0,0,0,0,Hospital Information System,True
EN000708,KPJ_01,JCORP Specialist Hospital,2025-02-21,Inpatient Wards,Inpatient,78,0,44,17,19,1,1,Hospital Information System,True
EN000709,KPJ_01,JCORP Specialist Hospital,2025-02-22,Emergency Department,Emergency,166,156,57,0,0,0,0,Hospital Information System,True
EN000710,KPJ_01,JCORP Specialist Hospital,2025-02-22,Outpatient Department,Outpatient,107,102,79,0,0,0,0,Hospital Information System,True
EN000711,KPJ_01,JCORP Specialist Hospital,2025-02-22,Inpatient Wards,Inpatient,74,0,43,18,22,2,1,Hospital Information System,True
EN000712,KPJ_01,JCORP Specialist Hospital,2025-02-23,Emergency Department,Emergency,158,141,58,0,0,0,0,Hospital Information System,True
EN000713,KPJ_01,JCORP Specialist Hospital,2025-02-23,Outpatient Department,Outpatient,110,106,84,0,0,0,0,Hospital Information System,True
EN000714,KPJ_01,JCORP Specialist Hospital,2025-02-23,Inpatient Wards,Inpatient,80,0,43,13,14,2,1,Hospital Information System,True
EN000715,KPJ_01,JCORP Specialist Hospital,2025-02-24,Emergency Department,Emergency,157,142,52,0,0,0,0,Hospital Information System,True
EN000716,KPJ_01,JCORP Specialist Hospital,2025-02-24,Outpatient Department,Outpatient,375,350,287,0,0,0,0,Hospital Information System,True
EN000717,KPJ_01,JCORP Specialist Hospital,2025-02-24,Inpatient Wards,Inpatient,73,0,39,13,11,2,0,Hospital Information System,True
EN000718,KPJ_01,JCORP Specialist Hospital,2025-02-25,Emergency Department,Emergency,137,124,44,0,0,0,0,Hospital Information System,True
EN000719,KPJ_01,JCORP Specialist Hospital,2025-02-25,Outpatient Department,Outpatient,330,314,241,0,0,0,0,Hospital Information System,True
EN000720,KPJ_01,JCORP Specialist Hospital,2025-02-25,Inpatient Wards,Inpatient,80,0,41,14,18,2,1,Hospital Information System,True
EN000721,KPJ_01,JCORP Specialist Hospital,2025-02-26,Emergency Department,Emergency,153,139,58,0,0,0,0,Hospital Information System,True
EN000722,KPJ_01,JCORP Specialist Hospital,2025-02-26,Outpatient Department,Outpatient,328,309,246,0,0,0,0,Hospital Information System,True
EN000723,KPJ_01,JCORP Specialist Hospital,2025-02-26,Inpatient Wards,Inpatient,80,0,45,16,18,3,1,Hospital Information System,True
EN000724,KPJ_01,JCORP Specialist Hospital,2025-02-27,Emergency Department,Emergency,150,135,59,0,0,0,0,Hospital Information System,True
EN000725,KPJ_01,JCORP Specialist Hospital,2025-02-27,Outpatient Department,Outpatient,328,314,258,0,0,0,0,Hospital Information System,True
EN000726,KPJ_01,JCORP Specialist Hospital,2025-02-27,Inpatient Wards,Inpatient,69,0,38,16,16,2,1,Hospital Information System,True
EN000727,KPJ_01,JCORP Specialist Hospital,2025-02-28,Emergency Department,Emergency,148,134,58,0,0,0,0,Hospital Information System,True
EN000728,KPJ_01,JCORP Specialist Hospital,2025-02-28,Outpatient Department,Outpatient,271,249,191,0,0,0,0,Hospital Information System,True
EN000729,KPJ_01,JCORP Specialist Hospital,2025-02-28,Inpatient Wards,Inpatient,90,0,50,14,15,4,1,Hospital Information System,True
EN000730,KPJ_01,JCORP Specialist Hospital,2025-03-01,Emergency Department,Emergency,161,148,57,0,0,0,0,Hospital Information System,True
EN000731,KPJ_01,JCORP Specialist Hospital,2025-03-01,Outpatient Department,Outpatient,108,100,80,0,0,0,0,Hospital Information System,True
EN000732,KPJ_01,JCORP Specialist Hospital,2025-03-01,Inpatient Wards,Inpatient,78,0,41,13,14,1,1,Hospital Information System,True
EN000733,KPJ_01,JCORP Specialist Hospital,2025-03-02,Emergency Department,Emergency,153,137,59,0,0,0,0,Hospital Information System,True
EN000734,KPJ_01,JCORP Specialist Hospital,2025-03-02,Outpatient Department,Outpatient,109,103,86,0,0,0,0,Hospital Information System,True
EN000735,KPJ_01,JCORP Specialist Hospital,2025-03-02,Inpatient Wards,Inpatient,68,0,40,11,9,1,1,Hospital Information System,True
EN000736,KPJ_01,JCORP Specialist Hospital,2025-03-03,Emergency Department,Emergency,159,146,58,0,0,0,0,Hospital Information System,True
EN000737,KPJ_01,JCORP Specialist Hospital,2025-03-03,Outpatient Department,Outpatient,344,318,247,0,0,0,0,Hospital Information System,True
EN000738,KPJ_01,JCORP Specialist Hospital,2025-03-03,Inpatient Wards,Inpatient,81,0,43,14,13,2,1,Hospital Information System,True
EN000739,KPJ_01,JCORP Specialist Hospital,2025-03-04,Emergency Department,Emergency,144,130,43,0,0,0,0,Hospital Information System,True
EN000740,KPJ_01,JCORP Specialist Hospital,2025-03-04,Outpatient Department,Outpatient,305,283,214,0,0,0,0,Hospital Information System,True
EN000741,KPJ_01,JCORP Specialist Hospital,2025-03-04,Inpatient Wards,Inpatient,82,0,43,17,15,2,2,Hospital Information System,True
EN000742,KPJ_01,JCORP Specialist Hospital,2025-03-05,Emergency Department,Emergency,146,136,56,0,0,0,0,Hospital Information System,True
EN000743,KPJ_01,JCORP Specialist Hospital,2025-03-05,Outpatient Department,Outpatient,281,271,204,0,0,0,0,Hospital Information System,True
EN000744,KPJ_01,JCORP Specialist Hospital,2025-03-05,Inpatient Wards,Inpatient,78,0,43,11,11,0,2,Hospital Information System,True
EN000745,KPJ_01,JCORP Specialist Hospital,2025-03-06,Emergency Department,Emergency,167,151,58,0,0,0,0,Hospital Information System,True
EN000746,KPJ_01,JCORP Specialist Hospital,2025-03-06,Outpatient Department,Outpatient,308,287,226,0,0,0,0,Hospital Information System,True
EN000747,KPJ_01,JCORP Specialist Hospital,2025-03-06,Inpatient Wards,Inpatient,84,0,44,13,16,2,2,Hospital Information System,True
EN000748,KPJ_01,JCORP Specialist Hospital,2025-03-07,Emergency Department,Emergency,150,135,45,0,0,0,0,Hospital Information System,True
EN000749,KPJ_01,JCORP Specialist Hospital,2025-03-07,Outpatient Department,Outpatient,290,281,209,0,0,0,0,Hospital Information System,True
EN000750,KPJ_01,JCORP Specialist Hospital,2025-03-07,Inpatient Wards,Inpatient,78,0,42,12,11,0,2,Hospital Information System,True
EN000751,KPJ_01,JCORP Specialist Hospital,2025-03-08,Emergency Department,Emergency,186,170,63,0,0,0,0,Hospital Information System,True
EN000752,KPJ_01,JCORP Specialist Hospital,2025-03-08,Outpatient Department,Outpatient,112,108,89,0,0,0,0,Hospital Information System,True
EN000753,KPJ_01,JCORP Specialist Hospital,2025-03-08,Inpatient Wards,Inpatient,70,0,40,12,12,2,2,Hospital Information System,True
EN000754,KPJ_01,JCORP Specialist Hospital,2025-03-09,Emergency Department,Emergency,154,139,47,0,0,0,0,Hospital Information System,True
EN000755,KPJ_01,JCORP Specialist Hospital,2025-03-09,Outpatient Department,Outpatient,110,102,86,0,0,0,0,Hospital Information System,True
EN000756,KPJ_01,JCORP Specialist Hospital,2025-03-09,Inpatient Wards,Inpatient,67,0,36,12,11,2,1,Hospital Information System,True
EN000757,KPJ_01,JCORP Specialist Hospital,2025-03-10,Emergency Department,Emergency,146,131,58,0,0,0,0,Hospital Information System,True
EN000758,KPJ_01,JCORP Specialist Hospital,2025-03-10,Outpatient Department,Outpatient,312,293,219,0,0,0,0,Hospital Information System,True
EN000759,KPJ_01,JCORP Specialist Hospital,2025-03-10,Inpatient Wards,Inpatient,87,0,45,13,15,2,1,Hospital Information System,True
EN000760,KPJ_01,JCORP Specialist Hospital,2025-03-11,Emergency Department,Emergency,162,145,54,0,0,0,0,Hospital Information System,True
EN000761,KPJ_01,JCORP Specialist Hospital,2025-03-11,Outpatient Department,Outpatient,321,301,230,0,0,0,0,Hospital Information System,True
EN000762,KPJ_01,JCORP Specialist Hospital,2025-03-11,Inpatient Wards,Inpatient,75,0,45,14,15,2,1,Hospital Information System,True
EN000763,KPJ_01,JCORP Specialist Hospital,2025-03-12,Emergency Department,Emergency,166,155,53,0,0,0,0,Hospital Information System,True
EN000764,KPJ_01,JCORP Specialist Hospital,2025-03-12,Outpatient Department,Outpatient,314,297,245,0,0,0,0,Hospital Information System,True
EN000765,KPJ_01,JCORP Specialist Hospital,2025-03-12,Inpatient Wards,Inpatient,75,0,45,14,16,3,1,Hospital Information System,True
EN000766,KPJ_01,JCORP Specialist Hospital,2025-03-13,Emergency Department,Emergency,150,137,51,0,0,0,0,Hospital Information System,True
EN000767,KPJ_01,JCORP Specialist Hospital,2025-03-13,Outpatient Department,Outpatient,316,299,232,0,0,0,0,Hospital Information System,True
EN000768,KPJ_01,JCORP Specialist Hospital,2025-03-13,Inpatient Wards,Inpatient,76,0,43,16,15,2,1,Hospital Information System,True
EN000769,KPJ_01,JCORP Specialist Hospital,2025-03-14,Emergency Department,Emergency,155,143,48,0,0,0,0,Hospital Information System,True
EN000770,KPJ_01,JCORP Specialist Hospital,2025-03-14,Outpatient Department,Outpatient,295,279,215,0,0,0,0,Hospital Information System,True
EN000771,KPJ_01,JCORP Specialist Hospital,2025-03-14,Inpatient Wards,Inpatient,83,0,49,17,12,1,2,Hospital Information System,True
EN000772,KPJ_01,JCORP Specialist Hospital,2025-03-15,Emergency Department,Emergency,158,147,55,0,0,0,0,Hospital Information System,True
EN000773,KPJ_01,JCORP Specialist Hospital,2025-03-15,Outpatient Department,Outpatient,109,105,83,0,0,0,0,Hospital Information System,True
EN000774,KPJ_01,JCORP Specialist Hospital,2025-03-15,Inpatient Wards,Inpatient,84,0,48,15,15,2,2,Hospital Information System,True
EN000775,KPJ_01,JCORP Specialist Hospital,2025-03-16,Emergency Department,Emergency,158,144,57,0,0,0,0,Hospital Information System,True
EN000776,KPJ_01,JCORP Specialist Hospital,2025-03-16,Outpatient Department,Outpatient,88,82,69,0,0,0,0,Hospital Information System,True
EN000777,KPJ_01,JCORP Specialist Hospital,2025-03-16,Inpatient Wards,Inpatient,71,0,36,11,9,1,2,Hospital Information System,True
EN000778,KPJ_01,JCORP Specialist Hospital,2025-03-17,Emergency Department,Emergency,159,143,55,0,0,0,0,Hospital Information System,True
EN000779,KPJ_01,JCORP Specialist Hospital,2025-03-17,Outpatient Department,Outpatient,302,280,212,0,0,0,0,Hospital Information System,True
EN000780,KPJ_01,JCORP Specialist Hospital,2025-03-17,Inpatient Wards,Inpatient,79,0,40,15,14,2,1,Hospital Information System,True
EN000781,KPJ_01,JCORP Specialist Hospital,2025-03-18,Emergency Department,Emergency,143,130,54,0,0,0,0,Hospital Information System,True
EN000782,KPJ_01,JCORP Specialist Hospital,2025-03-18,Outpatient Department,Outpatient,316,293,239,0,0,0,0,Hospital Information System,True
EN000783,KPJ_01,JCORP Specialist Hospital,2025-03-18,Inpatient Wards,Inpatient,83,0,46,14,12,0,1,Hospital Information System,True
EN000784,KPJ_01,JCORP Specialist Hospital,2025-03-19,Emergency Department,Emergency,164,153,52,0,0,0,0,Hospital Information System,True
EN000785,KPJ_01,JCORP Specialist Hospital,2025-03-19,Outpatient Department,Outpatient,330,314,245,0,0,0,0,Hospital Information System,True
EN000786,KPJ_01,JCORP Specialist Hospital,2025-03-19,Inpatient Wards,Inpatient,81,0,47,16,13,2,2,Hospital Information System,True
EN000787,KPJ_01,JCORP Specialist Hospital,2025-03-20,Emergency Department,Emergency,139,126,52,0,0,0,0,Hospital Information System,True
EN000788,KPJ_01,JCORP Specialist Hospital,2025-03-20,Outpatient Department,Outpatient,286,268,204,0,0,0,0,Hospital Information System,True
EN000789,KPJ_01,JCORP Specialist Hospital,2025-03-20,Inpatient Wards,Inpatient,78,0,46,16,15,3,2,Hospital Information System,True
EN000790,KPJ_01,JCORP Specialist Hospital,2025-03-21,Emergency Department,Emergency,141,129,46,0,0,0,0,Hospital Information System,True
EN000791,KPJ_01,JCORP Specialist Hospital,2025-03-21,Outpatient Department,Outpatient,294,283,224,0,0,0,0,Hospital Information System,True
EN000792,KPJ_01,JCORP Specialist Hospital,2025-03-21,Inpatient Wards,Inpatient,72,0,37,14,12,1,1,Hospital Information System,True
EN000793,KPJ_01,JCORP Specialist Hospital,2025-03-22,Emergency Department,Emergency,169,157,61,0,0,0,0,Hospital Information System,True
EN000794,KPJ_01,JCORP Specialist Hospital,2025-03-22,Outpatient Department,Outpatient,116,111,88,0,0,0,0,Hospital Information System,True
EN000795,KPJ_01,JCORP Specialist Hospital,2025-03-22,Inpatient Wards,Inpatient,80,0,47,13,12,2,2,Hospital Information System,True
EN000796,KPJ_01,JCORP Specialist Hospital,2025-03-23,Emergency Department,Emergency,165,151,51,0,0,0,0,Hospital Information System,True
EN000797,KPJ_01,JCORP Specialist Hospital,2025-03-23,Outpatient Department,Outpatient,107,99,82,0,0,0,0,Hospital Information System,True
EN000798,KPJ_01,JCORP Specialist Hospital,2025-03-23,Inpatient Wards,Inpatient,79,0,45,17,19,3,1,Hospital Information System,True
EN000799,KPJ_01,JCORP Specialist Hospital,2025-03-24,Emergency Department,Emergency,163,151,54,0,0,0,0,Hospital Information System,True
EN000800,KPJ_01,JCORP Specialist Hospital,2025-03-24,Outpatient Department,Outpatient,378,350,268,0,0,0,0,Hospital Information System,True
EN000801,KPJ_01,JCORP Specialist Hospital,2025-03-24,Inpatient Wards,Inpatient,84,0,46,15,15,1,2,Hospital Information System,True
EN000802,KPJ_01,JCORP Specialist Hospital,2025-03-25,Emergency Department,Emergency,160,149,54,0,0,0,0,Hospital Information System,True
EN000803,KPJ_01,JCORP Specialist Hospital,2025-03-25,Outpatient Department,Outpatient,290,272,215,0,0,0,0,Hospital Information System,True
EN000804,KPJ_01,JCORP Specialist Hospital,2025-03-25,Inpatient Wards,Inpatient,74,0,42,15,13,2,3,Hospital Information System,True
EN000805,KPJ_01,JCORP Specialist Hospital,2025-03-26,Emergency Department,Emergency,133,125,45,0,0,0,0,Hospital Information System,True
EN000806,KPJ_01,JCORP Specialist Hospital,2025-03-26,Outpatient Department,Outpatient,347,336,252,0,0,0,0,Hospital Information System,True
EN000807,KPJ_01,JCORP Specialist Hospital,2025-03-26,Inpatient Wards,Inpatient,78,0,43,13,11,2,2,Hospital Information System,True
EN000808,KPJ_01,JCORP Specialist Hospital,2025-03-27,Emergency Department,Emergency,123,111,47,0,0,0,0,Hospital Information System,True
EN000809,KPJ_01,JCORP Specialist Hospital,2025-03-27,Outpatient Department,Outpatient,298,282,234,0,0,0,0,Hospital Information System,True
EN000810,KPJ_01,JCORP Specialist Hospital,2025-03-27,Inpatient Wards,Inpatient,82,0,41,14,15,2,3,Hospital Information System,True
EN000811,KPJ_01,JCORP Specialist Hospital,2025-03-28,Emergency Department,Emergency,181,168,66,0,0,0,0,Hospital Information System,True
EN000812,KPJ_01,JCORP Specialist Hospital,2025-03-28,Outpatient Department,Outpatient,285,262,203,0,0,0,0,Hospital Information System,True
EN000813,KPJ_01,JCORP Specialist Hospital,2025-03-28,Inpatient Wards,Inpatient,74,0,41,12,9,2,2,Hospital Information System,True
EN000814,KPJ_01,JCORP Specialist Hospital,2025-03-29,Emergency Department,Emergency,181,165,60,0,0,0,0,Hospital Information System,True
EN000815,KPJ_01,JCORP Specialist Hospital,2025-03-29,Outpatient Department,Outpatient,117,108,90,0,0,0,0,Hospital Information System,True
EN000816,KPJ_01,JCORP Specialist Hospital,2025-03-29,Inpatient Wards,Inpatient,66,0,36,8,11,3,3,Hospital Information System,True
EN000817,KPJ_01,JCORP Specialist Hospital,2025-03-30,Emergency Department,Emergency,173,157,59,0,0,0,0,Hospital Information System,True
EN000818,KPJ_01,JCORP Specialist Hospital,2025-03-30,Outpatient Department,Outpatient,119,111,93,0,0,0,0,Hospital Information System,True
EN000819,KPJ_01,JCORP Specialist Hospital,2025-03-30,Inpatient Wards,Inpatient,68,0,37,15,16,1,2,Hospital Information System,True
EN000820,KPJ_01,JCORP Specialist Hospital,2025-03-31,Emergency Department,Emergency,145,131,54,0,0,0,0,Hospital Information System,True
EN000821,KPJ_01,JCORP Specialist Hospital,2025-03-31,Outpatient Department,Outpatient,363,344,264,0,0,0,0,Hospital Information System,True
EN000822,KPJ_01,JCORP Specialist Hospital,2025-03-31,Inpatient Wards,Inpatient,74,0,37,16,16,2,1,Hospital Information System,True
EN000823,KPJ_01,JCORP Specialist Hospital,2025-04-01,Emergency Department,Emergency,128,114,51,0,0,0,0,Hospital Information System,True
EN000824,KPJ_01,JCORP Specialist Hospital,2025-04-01,Outpatient Department,Outpatient,288,274,229,0,0,0,0,Hospital Information System,True
EN000825,KPJ_01,JCORP Specialist Hospital,2025-04-01,Inpatient Wards,Inpatient,75,0,39,10,7,3,3,Hospital Information System,True
EN000826,KPJ_01,JCORP Specialist Hospital,2025-04-02,Emergency Department,Emergency,152,137,56,0,0,0,0,Hospital Information System,True
EN000827,KPJ_01,JCORP Specialist Hospital,2025-04-02,Outpatient Department,Outpatient,342,317,273,0,0,0,0,Hospital Information System,True
EN000828,KPJ_01,JCORP Specialist Hospital,2025-04-02,Inpatient Wards,Inpatient,81,0,45,15,15,2,3,Hospital Information System,True
EN000829,KPJ_01,JCORP Specialist Hospital,2025-04-03,Emergency Department,Emergency,149,140,56,0,0,0,0,Hospital Information System,True
EN000830,KPJ_01,JCORP Specialist Hospital,2025-04-03,Outpatient Department,Outpatient,306,296,224,0,0,0,0,Hospital Information System,True
EN000831,KPJ_01,JCORP Specialist Hospital,2025-04-03,Inpatient Wards,Inpatient,79,0,41,14,11,2,0,Hospital Information System,True
EN000832,KPJ_01,JCORP Specialist Hospital,2025-04-04,Emergency Department,Emergency,159,144,57,0,0,0,0,Hospital Information System,True
EN000833,KPJ_01,JCORP Specialist Hospital,2025-04-04,Outpatient Department,Outpatient,271,255,204,0,0,0,0,Hospital Information System,True
EN000834,KPJ_01,JCORP Specialist Hospital,2025-04-04,Inpatient Wards,Inpatient,76,0,40,14,10,3,2,Hospital Information System,True
EN000835,KPJ_01,JCORP Specialist Hospital,2025-04-05,Emergency Department,Emergency,175,163,59,0,0,0,0,Hospital Information System,True
EN000836,KPJ_01,JCORP Specialist Hospital,2025-04-05,Outpatient Department,Outpatient,100,96,79,0,0,0,0,Hospital Information System,True
EN000837,KPJ_01,JCORP Specialist Hospital,2025-04-05,Inpatient Wards,Inpatient,69,0,37,14,11,2,0,Hospital Information System,True
EN000838,KPJ_01,JCORP Specialist Hospital,2025-04-06,Emergency Department,Emergency,177,160,70,0,0,0,0,Hospital Information System,True
EN000839,KPJ_01,JCORP Specialist Hospital,2025-04-06,Outpatient Department,Outpatient,113,107,87,0,0,0,0,Hospital Information System,True
EN000840,KPJ_01,JCORP Specialist Hospital,2025-04-06,Inpatient Wards,Inpatient,76,0,40,15,20,1,1,Hospital Information System,True
EN000841,KPJ_01,JCORP Specialist Hospital,2025-04-07,Emergency Department,Emergency,137,127,49,0,0,0,0,Hospital Information System,True
EN000842,KPJ_01,JCORP Specialist Hospital,2025-04-07,Outpatient Department,Outpatient,318,298,236,0,0,0,0,Hospital Information System,True
EN000843,KPJ_01,JCORP Specialist Hospital,2025-04-07,Inpatient Wards,Inpatient,71,0,37,7,5,1,2,Hospital Information System,True
EN000844,KPJ_01,JCORP Specialist Hospital,2025-04-08,Emergency Department,Emergency,149,137,47,0,0,0,0,Hospital Information System,True
EN000845,KPJ_01,JCORP Specialist Hospital,2025-04-08,Outpatient Department,Outpatient,294,276,220,0,0,0,0,Hospital Information System,True
EN000846,KPJ_01,JCORP Specialist Hospital,2025-04-08,Inpatient Wards,Inpatient,75,0,42,13,12,3,2,Hospital Information System,True
EN000847,KPJ_01,JCORP Specialist Hospital,2025-04-09,Emergency Department,Emergency,170,155,68,0,0,0,0,Hospital Information System,True
EN000848,KPJ_01,JCORP Specialist Hospital,2025-04-09,Outpatient Department,Outpatient,341,329,262,0,0,0,0,Hospital Information System,True
EN000849,KPJ_01,JCORP Specialist Hospital,2025-04-09,Inpatient Wards,Inpatient,84,0,44,15,14,2,1,Hospital Information System,True
EN000850,KPJ_01,JCORP Specialist Hospital,2025-04-10,Emergency Department,Emergency,140,129,52,0,0,0,0,Hospital Information System,True
EN000851,KPJ_01,JCORP Specialist Hospital,2025-04-10,Outpatient Department,Outpatient,322,299,226,0,0,0,0,Hospital Information System,True
EN000852,KPJ_01,JCORP Specialist Hospital,2025-04-10,Inpatient Wards,Inpatient,82,0,48,14,13,3,2,Hospital Information System,True
EN000853,KPJ_01,JCORP Specialist Hospital,2025-04-11,Emergency Department,Emergency,144,131,48,0,0,0,0,Hospital Information System,True
EN000854,KPJ_01,JCORP Specialist Hospital,2025-04-11,Outpatient Department,Outpatient,314,303,242,0,0,0,0,Hospital Information System,True
EN000855,KPJ_01,JCORP Specialist Hospital,2025-04-11,Inpatient Wards,Inpatient,72,0,43,14,13,3,0,Hospital Information System,True
EN000856,KPJ_01,JCORP Specialist Hospital,2025-04-12,Emergency Department,Emergency,171,156,67,0,0,0,0,Hospital Information System,True
EN000857,KPJ_01,JCORP Specialist Hospital,2025-04-12,Outpatient Department,Outpatient,110,103,88,0,0,0,0,Hospital Information System,True
EN000858,KPJ_01,JCORP Specialist Hospital,2025-04-12,Inpatient Wards,Inpatient,73,0,39,12,10,2,2,Hospital Information System,True
EN000859,KPJ_01,JCORP Specialist Hospital,2025-04-13,Emergency Department,Emergency,167,155,55,0,0,0,0,Hospital Information System,True
EN000860,KPJ_01,JCORP Specialist Hospital,2025-04-13,Outpatient Department,Outpatient,112,107,89,0,0,0,0,Hospital Information System,True
EN000861,KPJ_01,JCORP Specialist Hospital,2025-04-13,Inpatient Wards,Inpatient,70,0,38,11,8,2,1,Hospital Information System,True
EN000862,KPJ_01,JCORP Specialist Hospital,2025-04-14,Emergency Department,Emergency,154,143,56,0,0,0,0,Hospital Information System,True
EN000863,KPJ_01,JCORP Specialist Hospital,2025-04-14,Outpatient Department,Outpatient,329,311,248,0,0,0,0,Hospital Information System,True
EN000864,KPJ_01,JCORP Specialist Hospital,2025-04-14,Inpatient Wards,Inpatient,64,0,32,10,7,1,0,Hospital Information System,True
EN000865,KPJ_01,JCORP Specialist Hospital,2025-04-15,Emergency Department,Emergency,161,151,62,0,0,0,0,Hospital Information System,True
EN000866,KPJ_01,JCORP Specialist Hospital,2025-04-15,Outpatient Department,Outpatient,302,292,241,0,0,0,0,Hospital Information System,True
EN000867,KPJ_01,JCORP Specialist Hospital,2025-04-15,Inpatient Wards,Inpatient,69,0,38,16,16,2,1,Hospital Information System,True
EN000868,KPJ_01,JCORP Specialist Hospital,2025-04-16,Emergency Department,Emergency,147,136,49,0,0,0,0,Hospital Information System,True
EN000869,KPJ_01,JCORP Specialist Hospital,2025-04-16,Outpatient Department,Outpatient,311,300,218,0,0,0,0,Hospital Information System,True
EN000870,KPJ_01,JCORP Specialist Hospital,2025-04-16,Inpatient Wards,Inpatient,74,0,41,15,12,1,0,Hospital Information System,True
EN000871,KPJ_01,JCORP Specialist Hospital,2025-04-17,Emergency Department,Emergency,170,155,55,0,0,0,0,Hospital Information System,True
EN000872,KPJ_01,JCORP Specialist Hospital,2025-04-17,Outpatient Department,Outpatient,306,288,225,0,0,0,0,Hospital Information System,True
EN000873,KPJ_01,JCORP Specialist Hospital,2025-04-17,Inpatient Wards,Inpatient,75,0,40,13,8,3,1,Hospital Information System,True
EN000874,KPJ_01,JCORP Specialist Hospital,2025-04-18,Emergency Department,Emergency,170,155,57,0,0,0,0,Hospital Information System,True
EN000875,KPJ_01,JCORP Specialist Hospital,2025-04-18,Outpatient Department,Outpatient,286,270,222,0,0,0,0,Hospital Information System,True
EN000876,KPJ_01,JCORP Specialist Hospital,2025-04-18,Inpatient Wards,Inpatient,80,0,44,13,16,3,3,Hospital Information System,True
EN000877,KPJ_01,JCORP Specialist Hospital,2025-04-19,Emergency Department,Emergency,157,141,61,0,0,0,0,Hospital Information System,True
EN000878,KPJ_01,JCORP Specialist Hospital,2025-04-19,Outpatient Department,Outpatient,103,100,76,0,0,0,0,Hospital Information System,True
EN000879,KPJ_01,JCORP Specialist Hospital,2025-04-19,Inpatient Wards,Inpatient,72,0,42,11,9,4,1,Hospital Information System,True
EN000880,KPJ_01,JCORP Specialist Hospital,2025-04-20,Emergency Department,Emergency,155,142,53,0,0,0,0,Hospital Information System,True
EN000881,KPJ_01,JCORP Specialist Hospital,2025-04-20,Outpatient Department,Outpatient,101,93,78,0,0,0,0,Hospital Information System,True
EN000882,KPJ_01,JCORP Specialist Hospital,2025-04-20,Inpatient Wards,Inpatient,72,0,36,10,8,2,0,Hospital Information System,True
EN000883,KPJ_01,JCORP Specialist Hospital,2025-04-21,Emergency Department,Emergency,148,136,59,0,0,0,0,Hospital Information System,True
EN000884,KPJ_01,JCORP Specialist Hospital,2025-04-21,Outpatient Department,Outpatient,313,297,226,0,0,0,0,Hospital Information System,True
EN000885,KPJ_01,JCORP Specialist Hospital,2025-04-21,Inpatient Wards,Inpatient,81,0,46,14,14,0,1,Hospital Information System,True
EN000886,KPJ_01,JCORP Specialist Hospital,2025-04-22,Emergency Department,Emergency,156,146,55,0,0,0,0,Hospital Information System,True
EN000887,KPJ_01,JCORP Specialist Hospital,2025-04-22,Outpatient Department,Outpatient,298,281,216,0,0,0,0,Hospital Information System,True
EN000888,KPJ_01,JCORP Specialist Hospital,2025-04-22,Inpatient Wards,Inpatient,83,0,45,13,12,2,1,Hospital Information System,True
EN000889,KPJ_01,JCORP Specialist Hospital,2025-04-23,Emergency Department,Emergency,145,130,49,0,0,0,0,Hospital Information System,True
EN000890,KPJ_01,JCORP Specialist Hospital,2025-04-23,Outpatient Department,Outpatient,328,310,252,0,0,0,0,Hospital Information System,True
EN000891,KPJ_01,JCORP Specialist Hospital,2025-04-23,Inpatient Wards,Inpatient,79,0,44,9,13,2,2,Hospital Information System,True
EN000892,KPJ_01,JCORP Specialist Hospital,2025-04-24,Emergency Department,Emergency,143,129,48,0,0,0,0,Hospital Information System,True
EN000893,KPJ_01,JCORP Specialist Hospital,2025-04-24,Outpatient Department,Outpatient,341,314,261,0,0,0,0,Hospital Information System,True
EN000894,KPJ_01,JCORP Specialist Hospital,2025-04-24,Inpatient Wards,Inpatient,80,0,45,15,16,3,1,Hospital Information System,True
EN000895,KPJ_01,JCORP Specialist Hospital,2025-04-25,Emergency Department,Emergency,156,145,47,0,0,0,0,Hospital Information System,True
EN000896,KPJ_01,JCORP Specialist Hospital,2025-04-25,Outpatient Department,Outpatient,301,291,235,0,0,0,0,Hospital Information System,True
EN000897,KPJ_01,JCORP Specialist Hospital,2025-04-25,Inpatient Wards,Inpatient,80,0,45,17,17,2,1,Hospital Information System,True
EN000898,KPJ_01,JCORP Specialist Hospital,2025-04-26,Emergency Department,Emergency,169,157,53,0,0,0,0,Hospital Information System,True
EN000899,KPJ_01,JCORP Specialist Hospital,2025-04-26,Outpatient Department,Outpatient,110,106,84,0,0,0,0,Hospital Information System,True
EN000900,KPJ_01,JCORP Specialist Hospital,2025-04-26,Inpatient Wards,Inpatient,63,0,32,12,9,1,0,Hospital Information System,True
EN000901,KPJ_01,JCORP Specialist Hospital,2025-04-27,Emergency Department,Emergency,166,150,51,0,0,0,0,Hospital Information System,True
EN000902,KPJ_01,JCORP Specialist Hospital,2025-04-27,Outpatient Department,Outpatient,93,89,67,0,0,0,0,Hospital Information System,True
EN000903,KPJ_01,JCORP Specialist Hospital,2025-04-27,Inpatient Wards,Inpatient,67,0,38,9,7,2,3,Hospital Information System,True
EN000904,KPJ_01,JCORP Specialist Hospital,2025-04-28,Emergency Department,Emergency,133,124,42,0,0,0,0,Hospital Information System,True
EN000905,KPJ_01,JCORP Specialist Hospital,2025-04-28,Outpatient Department,Outpatient,336,316,254,0,0,0,0,Hospital Information System,True
EN000906,KPJ_01,JCORP Specialist Hospital,2025-04-28,Inpatient Wards,Inpatient,79,0,47,12,10,2,1,Hospital Information System,True
EN000907,KPJ_01,JCORP Specialist Hospital,2025-04-29,Emergency Department,Emergency,139,128,53,0,0,0,0,Hospital Information System,True
EN000908,KPJ_01,JCORP Specialist Hospital,2025-04-29,Outpatient Department,Outpatient,324,305,232,0,0,0,0,Hospital Information System,True
EN000909,KPJ_01,JCORP Specialist Hospital,2025-04-29,Inpatient Wards,Inpatient,76,0,44,18,19,0,3,Hospital Information System,True
EN000910,KPJ_01,JCORP Specialist Hospital,2025-04-30,Emergency Department,Emergency,160,146,50,0,0,0,0,Hospital Information System,True
EN000911,KPJ_01,JCORP Specialist Hospital,2025-04-30,Outpatient Department,Outpatient,249,231,182,0,0,0,0,Hospital Information System,True
EN000912,KPJ_01,JCORP Specialist Hospital,2025-04-30,Inpatient Wards,Inpatient,82,0,42,17,15,2,2,Hospital Information System,True
EN000913,KPJ_01,JCORP Specialist Hospital,2025-05-01,Emergency Department,Emergency,154,145,50,0,0,0,0,Hospital Information System,True
EN000914,KPJ_01,JCORP Specialist Hospital,2025-05-01,Outpatient Department,Outpatient,320,295,226,0,0,0,0,Hospital Information System,True
EN000915,KPJ_01,JCORP Specialist Hospital,2025-05-01,Inpatient Wards,Inpatient,75,0,43,12,14,1,2,Hospital Information System,True
EN000916,KPJ_01,JCORP Specialist Hospital,2025-05-02,Emergency Department,Emergency,150,138,56,0,0,0,0,Hospital Information System,True
EN000917,KPJ_01,JCORP Specialist Hospital,2025-05-02,Outpatient Department,Outpatient,312,299,231,0,0,0,0,Hospital Information System,True
EN000918,KPJ_01,JCORP Specialist Hospital,2025-05-02,Inpatient Wards,Inpatient,72,0,40,13,11,2,2,Hospital Information System,True
EN000919,KPJ_01,JCORP Specialist Hospital,2025-05-03,Emergency Department,Emergency,168,156,60,0,0,0,0,Hospital Information System,True
EN000920,KPJ_01,JCORP Specialist Hospital,2025-05-03,Outpatient Department,Outpatient,110,103,86,0,0,0,0,Hospital Information System,True
EN000921,KPJ_01,JCORP Specialist Hospital,2025-05-03,Inpatient Wards,Inpatient,70,0,40,10,10,1,1,Hospital Information System,True
EN000922,KPJ_01,JCORP Specialist Hospital,2025-05-04,Emergency Department,Emergency,173,155,58,0,0,0,0,Hospital Information System,True
EN000923,KPJ_01,JCORP Specialist Hospital,2025-05-04,Outpatient Department,Outpatient,122,116,97,0,0,0,0,Hospital Information System,True
EN000924,KPJ_01,JCORP Specialist Hospital,2025-05-04,Inpatient Wards,Inpatient,82,0,45,13,7,3,3,Hospital Information System,True
EN000925,KPJ_01,JCORP Specialist Hospital,2025-05-05,Emergency Department,Emergency,131,119,40,0,0,0,0,Hospital Information System,True
EN000926,KPJ_01,JCORP Specialist Hospital,2025-05-05,Outpatient Department,Outpatient,323,311,241,0,0,0,0,Hospital Information System,True
EN000927,KPJ_01,JCORP Specialist Hospital,2025-05-05,Inpatient Wards,Inpatient,84,0,47,14,14,1,1,Hospital Information System,True
EN000928,KPJ_01,JCORP Specialist Hospital,2025-05-06,Emergency Department,Emergency,140,131,52,0,0,0,0,Hospital Information System,True
EN000929,KPJ_01,JCORP Specialist Hospital,2025-05-06,Outpatient Department,Outpatient,328,302,245,0,0,0,0,Hospital Information System,True
EN000930,KPJ_01,JCORP Specialist Hospital,2025-05-06,Inpatient Wards,Inpatient,79,0,46,13,11,2,0,Hospital Information System,True
EN000931,KPJ_01,JCORP Specialist Hospital,2025-05-07,Emergency Department,Emergency,135,120,52,0,0,0,0,Hospital Information System,True
EN000932,KPJ_01,JCORP Specialist Hospital,2025-05-07,Outpatient Department,Outpatient,292,279,211,0,0,0,0,Hospital Information System,True
EN000933,KPJ_01,JCORP Specialist Hospital,2025-05-07,Inpatient Wards,Inpatient,81,0,47,14,13,1,2,Hospital Information System,True
EN000934,KPJ_01,JCORP Specialist Hospital,2025-05-08,Emergency Department,Emergency,161,145,50,0,0,0,0,Hospital Information System,True
EN000935,KPJ_01,JCORP Specialist Hospital,2025-05-08,Outpatient Department,Outpatient,278,268,214,0,0,0,0,Hospital Information System,True
EN000936,KPJ_01,JCORP Specialist Hospital,2025-05-08,Inpatient Wards,Inpatient,83,0,46,13,14,3,2,Hospital Information System,True
EN000937,KPJ_01,JCORP Specialist Hospital,2025-05-09,Emergency Department,Emergency,153,143,49,0,0,0,0,Hospital Information System,True
EN000938,KPJ_01,JCORP Specialist Hospital,2025-05-09,Outpatient Department,Outpatient,271,255,214,0,0,0,0,Hospital Information System,True
EN000939,KPJ_01,JCORP Specialist Hospital,2025-05-09,Inpatient Wards,Inpatient,74,0,40,12,11,1,4,Hospital Information System,True
EN000940,KPJ_01,JCORP Specialist Hospital,2025-05-10,Emergency Department,Emergency,156,146,50,0,0,0,0,Hospital Information System,True
EN000941,KPJ_01,JCORP Specialist Hospital,2025-05-10,Outpatient Department,Outpatient,103,97,78,0,0,0,0,Hospital Information System,True
EN000942,KPJ_01,JCORP Specialist Hospital,2025-05-10,Inpatient Wards,Inpatient,72,0,39,14,12,2,0,Hospital Information System,True
EN000943,KPJ_01,JCORP Specialist Hospital,2025-05-11,Emergency Department,Emergency,179,161,64,0,0,0,0,Hospital Information System,True
EN000944,KPJ_01,JCORP Specialist Hospital,2025-05-11,Outpatient Department,Outpatient,127,119,101,0,0,0,0,Hospital Information System,True
EN000945,KPJ_01,JCORP Specialist Hospital,2025-05-11,Inpatient Wards,Inpatient,77,0,42,13,14,2,1,Hospital Information System,True
EN000946,KPJ_01,JCORP Specialist Hospital,2025-05-12,Emergency Department,Emergency,160,144,52,0,0,0,0,Hospital Information System,True
EN000947,KPJ_01,JCORP Specialist Hospital,2025-05-12,Outpatient Department,Outpatient,294,282,216,0,0,0,0,Hospital Information System,True
EN000948,KPJ_01,JCORP Specialist Hospital,2025-05-12,Inpatient Wards,Inpatient,83,0,45,11,10,3,1,Hospital Information System,True
EN000949,KPJ_01,JCORP Specialist Hospital,2025-05-13,Emergency Department,Emergency,150,135,55,0,0,0,0,Hospital Information System,True
EN000950,KPJ_01,JCORP Specialist Hospital,2025-05-13,Outpatient Department,Outpatient,310,299,221,0,0,0,0,Hospital Information System,True
EN000951,KPJ_01,JCORP Specialist Hospital,2025-05-13,Inpatient Wards,Inpatient,81,0,42,17,14,3,1,Hospital Information System,True
EN000952,KPJ_01,JCORP Specialist Hospital,2025-05-14,Emergency Department,Emergency,128,117,39,0,0,0,0,Hospital Information System,True
EN000953,KPJ_01,JCORP Specialist Hospital,2025-05-14,Outpatient Department,Outpatient,302,292,232,0,0,0,0,Hospital Information System,True
EN000954,KPJ_01,JCORP Specialist Hospital,2025-05-14,Inpatient Wards,Inpatient,71,0,42,12,12,0,1,Hospital Information System,True
EN000955,KPJ_01,JCORP Specialist Hospital,2025-05-15,Emergency Department,Emergency,154,137,57,0,0,0,0,Hospital Information System,True
EN000956,KPJ_01,JCORP Specialist Hospital,2025-05-15,Outpatient Department,Outpatient,275,260,194,0,0,0,0,Hospital Information System,True
EN000957,KPJ_01,JCORP Specialist Hospital,2025-05-15,Inpatient Wards,Inpatient,81,0,43,12,12,2,1,Hospital Information System,True
EN000958,KPJ_01,JCORP Specialist Hospital,2025-05-16,Emergency Department,Emergency,154,144,53,0,0,0,0,Hospital Information System,True
EN000959,KPJ_01,JCORP Specialist Hospital,2025-05-16,Outpatient Department,Outpatient,290,280,227,0,0,0,0,Hospital Information System,True
EN000960,KPJ_01,JCORP Specialist Hospital,2025-05-16,Inpatient Wards,Inpatient,75,0,41,11,11,4,3,Hospital Information System,True
EN000961,KPJ_01,JCORP Specialist Hospital,2025-05-17,Emergency Department,Emergency,150,139,55,0,0,0,0,Hospital Information System,True
EN000962,KPJ_01,JCORP Specialist Hospital,2025-05-17,Outpatient Department,Outpatient,117,108,89,0,0,0,0,Hospital Information System,True
EN000963,KPJ_01,JCORP Specialist Hospital,2025-05-17,Inpatient Wards,Inpatient,70,0,38,12,10,2,2,Hospital Information System,True
EN000964,KPJ_01,JCORP Specialist Hospital,2025-05-18,Emergency Department,Emergency,143,133,45,0,0,0,0,Hospital Information System,True
EN000965,KPJ_01,JCORP Specialist Hospital,2025-05-18,Outpatient Department,Outpatient,105,97,74,0,0,0,0,Hospital Information System,True
EN000966,KPJ_01,JCORP Specialist Hospital,2025-05-18,Inpatient Wards,Inpatient,74,0,40,14,15,1,2,Hospital Information System,True
EN000967,KPJ_01,JCORP Specialist Hospital,2025-05-19,Emergency Department,Emergency,169,157,65,0,0,0,0,Hospital Information System,True
EN000968,KPJ_01,JCORP Specialist Hospital,2025-05-19,Outpatient Department,Outpatient,354,327,256,0,0,0,0,Hospital Information System,True
EN000969,KPJ_01,JCORP Specialist Hospital,2025-05-19,Inpatient Wards,Inpatient,79,0,44,17,19,1,1,Hospital Information System,True
EN000970,KPJ_01,JCORP Specialist Hospital,2025-05-20,Emergency Department,Emergency,159,143,48,0,0,0,0,Hospital Information System,True
EN000971,KPJ_01,JCORP Specialist Hospital,2025-05-20,Outpatient Department,Outpatient,261,247,188,0,0,0,0,Hospital Information System,True
EN000972,KPJ_01,JCORP Specialist Hospital,2025-05-20,Inpatient Wards,Inpatient,74,0,41,12,14,3,1,Hospital Information System,True
EN000973,KPJ_01,JCORP Specialist Hospital,2025-05-21,Emergency Department,Emergency,152,139,51,0,0,0,0,Hospital Information System,True
EN000974,KPJ_01,JCORP Specialist Hospital,2025-05-21,Outpatient Department,Outpatient,272,259,191,0,0,0,0,Hospital Information System,True
EN000975,KPJ_01,JCORP Specialist Hospital,2025-05-21,Inpatient Wards,Inpatient,80,0,45,17,16,1,3,Hospital Information System,True
EN000976,KPJ_01,JCORP Specialist Hospital,2025-05-22,Emergency Department,Emergency,152,141,48,0,0,0,0,Hospital Information System,True
EN000977,KPJ_01,JCORP Specialist Hospital,2025-05-22,Outpatient Department,Outpatient,316,301,230,0,0,0,0,Hospital Information System,True
EN000978,KPJ_01,JCORP Specialist Hospital,2025-05-22,Inpatient Wards,Inpatient,81,0,41,14,16,2,1,Hospital Information System,True
EN000979,KPJ_01,JCORP Specialist Hospital,2025-05-23,Emergency Department,Emergency,133,120,46,0,0,0,0,Hospital Information System,True
EN000980,KPJ_01,JCORP Specialist Hospital,2025-05-23,Outpatient Department,Outpatient,343,321,246,0,0,0,0,Hospital Information System,True
EN000981,KPJ_01,JCORP Specialist Hospital,2025-05-23,Inpatient Wards,Inpatient,66,0,36,11,9,4,1,Hospital Information System,True
EN000982,KPJ_01,JCORP Specialist Hospital,2025-05-24,Emergency Department,Emergency,162,147,55,0,0,0,0,Hospital Information System,True
EN000983,KPJ_01,JCORP Specialist Hospital,2025-05-24,Outpatient Department,Outpatient,107,101,77,0,0,0,0,Hospital Information System,True
EN000984,KPJ_01,JCORP Specialist Hospital,2025-05-24,Inpatient Wards,Inpatient,78,0,43,13,13,2,1,Hospital Information System,True
EN000985,KPJ_01,JCORP Specialist Hospital,2025-05-25,Emergency Department,Emergency,143,132,53,0,0,0,0,Hospital Information System,True
EN000986,KPJ_01,JCORP Specialist Hospital,2025-05-25,Outpatient Department,Outpatient,120,113,93,0,0,0,0,Hospital Information System,True
EN000987,KPJ_01,JCORP Specialist Hospital,2025-05-25,Inpatient Wards,Inpatient,79,0,42,13,11,3,2,Hospital Information System,True
EN000988,KPJ_01,JCORP Specialist Hospital,2025-05-26,Emergency Department,Emergency,130,121,42,0,0,0,0,Hospital Information System,True
EN000989,KPJ_01,JCORP Specialist Hospital,2025-05-26,Outpatient Department,Outpatient,304,280,240,0,0,0,0,Hospital Information System,True
EN000990,KPJ_01,JCORP Specialist Hospital,2025-05-26,Inpatient Wards,Inpatient,83,0,49,15,12,3,1,Hospital Information System,True
EN000991,KPJ_01,JCORP Specialist Hospital,2025-05-27,Emergency Department,Emergency,149,139,59,0,0,0,0,Hospital Information System,True
EN000992,KPJ_01,JCORP Specialist Hospital,2025-05-27,Outpatient Department,Outpatient,288,279,214,0,0,0,0,Hospital Information System,True
EN000993,KPJ_01,JCORP Specialist Hospital,2025-05-27,Inpatient Wards,Inpatient,75,0,41,16,14,0,1,Hospital Information System,True
EN000994,KPJ_01,JCORP Specialist Hospital,2025-05-28,Emergency Department,Emergency,173,159,57,0,0,0,0,Hospital Information System,True
EN000995,KPJ_01,JCORP Specialist Hospital,2025-05-28,Outpatient Department,Outpatient,312,289,241,0,0,0,0,Hospital Information System,True
EN000996,KPJ_01,JCORP Specialist Hospital,2025-05-28,Inpatient Wards,Inpatient,88,0,47,22,21,1,1,Hospital Information System,True
EN000997,KPJ_01,JCORP Specialist Hospital,2025-05-29,Emergency Department,Emergency,155,141,60,0,0,0,0,Hospital Information System,True
EN000998,KPJ_01,JCORP Specialist Hospital,2025-05-29,Outpatient Department,Outpatient,288,277,228,0,0,0,0,Hospital Information System,True
EN000999,KPJ_01,JCORP Specialist Hospital,2025-05-29,Inpatient Wards,Inpatient,81,0,48,16,16,2,2,Hospital Information System,True
EN001000,KPJ_01,JCORP Specialist Hospital,2025-05-30,Emergency Department,Emergency,145,132,52,0,0,0,0,Hospital Information System,True
EN001001,KPJ_01,JCORP Specialist Hospital,2025-05-30,Outpatient Department,Outpatient,294,276,221,0,0,0,0,Hospital Information System,True
EN001002,KPJ_01,JCORP Specialist Hospital,2025-05-30,Inpatient Wards,Inpatient,79,0,41,17,17,2,2,Hospital Information System,True
EN001003,KPJ_01,JCORP Specialist Hospital,2025-05-31,Emergency Department,Emergency,164,150,62,0,0,0,0,Hospital Information System,True
EN001004,KPJ_01,JCORP Specialist Hospital,2025-05-31,Outpatient Department,Outpatient,112,106,79,0,0,0,0,Hospital Information System,True
EN001005,KPJ_01,JCORP Specialist Hospital,2025-05-31,Inpatient Wards,Inpatient,78,0,47,13,17,2,3,Hospital Information System,True
EN001006,KPJ_01,JCORP Specialist Hospital,2025-06-01,Emergency Department,Emergency,177,162,62,0,0,0,0,Hospital Information System,True
EN001007,KPJ_01,JCORP Specialist Hospital,2025-06-01,Outpatient Department,Outpatient,122,116,92,0,0,0,0,Hospital Information System,True
EN001008,KPJ_01,JCORP Specialist Hospital,2025-06-01,Inpatient Wards,Inpatient,82,0,46,15,13,3,2,Hospital Information System,True
EN001009,KPJ_01,JCORP Specialist Hospital,2025-06-02,Emergency Department,Emergency,151,139,49,0,0,0,0,Hospital Information System,True
EN001010,KPJ_01,JCORP Specialist Hospital,2025-06-02,Outpatient Department,Outpatient,321,307,226,0,0,0,0,Hospital Information System,True
EN001011,KPJ_01,JCORP Specialist Hospital,2025-06-02,Inpatient Wards,Inpatient,78,0,44,13,15,4,1,Hospital Information System,True
EN001012,KPJ_01,JCORP Specialist Hospital,2025-06-03,Emergency Department,Emergency,169,159,56,0,0,0,0,Hospital Information System,True
EN001013,KPJ_01,JCORP Specialist Hospital,2025-06-03,Outpatient Department,Outpatient,293,274,234,0,0,0,0,Hospital Information System,True
EN001014,KPJ_01,JCORP Specialist Hospital,2025-06-03,Inpatient Wards,Inpatient,88,0,48,13,13,2,0,Hospital Information System,True
EN001015,KPJ_01,JCORP Specialist Hospital,2025-06-04,Emergency Department,Emergency,146,133,44,0,0,0,0,Hospital Information System,True
EN001016,KPJ_01,JCORP Specialist Hospital,2025-06-04,Outpatient Department,Outpatient,294,276,213,0,0,0,0,Hospital Information System,True
EN001017,KPJ_01,JCORP Specialist Hospital,2025-06-04,Inpatient Wards,Inpatient,75,0,38,15,17,3,3,Hospital Information System,True
EN001018,KPJ_01,JCORP Specialist Hospital,2025-06-05,Emergency Department,Emergency,153,143,50,0,0,0,0,Hospital Information System,True
EN001019,KPJ_01,JCORP Specialist Hospital,2025-06-05,Outpatient Department,Outpatient,319,304,232,0,0,0,0,Hospital Information System,True
EN001020,KPJ_01,JCORP Specialist Hospital,2025-06-05,Inpatient Wards,Inpatient,89,0,52,14,14,2,3,Hospital Information System,True
EN001021,KPJ_01,JCORP Specialist Hospital,2025-06-06,Emergency Department,Emergency,155,143,60,0,0,0,0,Hospital Information System,True
EN001022,KPJ_01,JCORP Specialist Hospital,2025-06-06,Outpatient Department,Outpatient,293,275,207,0,0,0,0,Hospital Information System,True
EN001023,KPJ_01,JCORP Specialist Hospital,2025-06-06,Inpatient Wards,Inpatient,83,0,43,17,19,1,3,Hospital Information System,True
EN001024,KPJ_01,JCORP Specialist Hospital,2025-06-07,Emergency Department,Emergency,156,143,60,0,0,0,0,Hospital Information System,True
EN001025,KPJ_01,JCORP Specialist Hospital,2025-06-07,Outpatient Department,Outpatient,104,101,81,0,0,0,0,Hospital Information System,True
EN001026,KPJ_01,JCORP Specialist Hospital,2025-06-07,Inpatient Wards,Inpatient,79,0,46,17,14,2,2,Hospital Information System,True
EN001027,KPJ_01,JCORP Specialist Hospital,2025-06-08,Emergency Department,Emergency,173,154,53,0,0,0,0,Hospital Information System,True
EN001028,KPJ_01,JCORP Specialist Hospital,2025-06-08,Outpatient Department,Outpatient,108,102,82,0,0,0,0,Hospital Information System,True
EN001029,KPJ_01,JCORP Specialist Hospital,2025-06-08,Inpatient Wards,Inpatient,78,0,45,13,14,1,2,Hospital Information System,True
EN001030,KPJ_01,JCORP Specialist Hospital,2025-06-09,Emergency Department,Emergency,139,130,45,0,0,0,0,Hospital Information System,True
EN001031,KPJ_01,JCORP Specialist Hospital,2025-06-09,Outpatient Department,Outpatient,369,341,271,0,0,0,0,Hospital Information System,True
EN001032,KPJ_01,JCORP Specialist Hospital,2025-06-09,Inpatient Wards,Inpatient,92,0,49,18,17,1,3,Hospital Information System,True
EN001033,KPJ_01,JCORP Specialist Hospital,2025-06-10,Emergency Department,Emergency,151,138,46,0,0,0,0,Hospital Information System,True
EN001034,KPJ_01,JCORP Specialist Hospital,2025-06-10,Outpatient Department,Outpatient,310,296,239,0,0,0,0,Hospital Information System,True
EN001035,KPJ_01,JCORP Specialist Hospital,2025-06-10,Inpatient Wards,Inpatient,76,0,45,12,12,3,2,Hospital Information System,True
EN001036,KPJ_01,JCORP Specialist Hospital,2025-06-11,Emergency Department,Emergency,147,138,55,0,0,0,0,Hospital Information System,True
EN001037,KPJ_01,JCORP Specialist Hospital,2025-06-11,Outpatient Department,Outpatient,339,326,257,0,0,0,0,Hospital Information System,True
EN001038,KPJ_01,JCORP Specialist Hospital,2025-06-11,Inpatient Wards,Inpatient,84,0,46,14,17,3,1,Hospital Information System,True
EN001039,KPJ_01,JCORP Specialist Hospital,2025-06-12,Emergency Department,Emergency,146,130,58,0,0,0,0,Hospital Information System,True
EN001040,KPJ_01,JCORP Specialist Hospital,2025-06-12,Outpatient Department,Outpatient,330,312,252,0,0,0,0,Hospital Information System,True
EN001041,KPJ_01,JCORP Specialist Hospital,2025-06-12,Inpatient Wards,Inpatient,84,0,48,17,18,2,2,Hospital Information System,True
EN001042,KPJ_01,JCORP Specialist Hospital,2025-06-13,Emergency Department,Emergency,142,131,49,0,0,0,0,Hospital Information System,True
EN001043,KPJ_01,JCORP Specialist Hospital,2025-06-13,Outpatient Department,Outpatient,299,282,230,0,0,0,0,Hospital Information System,True
EN001044,KPJ_01,JCORP Specialist Hospital,2025-06-13,Inpatient Wards,Inpatient,88,0,45,18,17,4,1,Hospital Information System,True
EN001045,KPJ_01,JCORP Specialist Hospital,2025-06-14,Emergency Department,Emergency,172,156,64,0,0,0,0,Hospital Information System,True
EN001046,KPJ_01,JCORP Specialist Hospital,2025-06-14,Outpatient Department,Outpatient,106,98,79,0,0,0,0,Hospital Information System,True
EN001047,KPJ_01,JCORP Specialist Hospital,2025-06-14,Inpatient Wards,Inpatient,74,0,38,14,13,2,2,Hospital Information System,True
EN001048,KPJ_01,JCORP Specialist Hospital,2025-06-15,Emergency Department,Emergency,163,146,50,0,0,0,0,Hospital Information System,True
EN001049,KPJ_01,JCORP Specialist Hospital,2025-06-15,Outpatient Department,Outpatient,116,112,85,0,0,0,0,Hospital Information System,True
EN001050,KPJ_01,JCORP Specialist Hospital,2025-06-15,Inpatient Wards,Inpatient,79,0,46,14,12,2,0,Hospital Information System,True
EN001051,KPJ_01,JCORP Specialist Hospital,2025-06-16,Emergency Department,Emergency,157,144,48,0,0,0,0,Hospital Information System,True
EN001052,KPJ_01,JCORP Specialist Hospital,2025-06-16,Outpatient Department,Outpatient,361,349,260,0,0,0,0,Hospital Information System,True
EN001053,KPJ_01,JCORP Specialist Hospital,2025-06-16,Inpatient Wards,Inpatient,79,0,42,11,10,0,4,Hospital Information System,True
EN001054,KPJ_01,JCORP Specialist Hospital,2025-06-17,Emergency Department,Emergency,145,133,50,0,0,0,0,Hospital Information System,True
EN001055,KPJ_01,JCORP Specialist Hospital,2025-06-17,Outpatient Department,Outpatient,315,291,231,0,0,0,0,Hospital Information System,True
EN001056,KPJ_01,JCORP Specialist Hospital,2025-06-17,Inpatient Wards,Inpatient,74,0,37,14,12,2,2,Hospital Information System,True
EN001057,KPJ_01,JCORP Specialist Hospital,2025-06-18,Emergency Department,Emergency,149,136,50,0,0,0,0,Hospital Information System,True
EN001058,KPJ_01,JCORP Specialist Hospital,2025-06-18,Outpatient Department,Outpatient,300,284,227,0,0,0,0,Hospital Information System,True
EN001059,KPJ_01,JCORP Specialist Hospital,2025-06-18,Inpatient Wards,Inpatient,86,0,50,14,13,3,2,Hospital Information System,True
EN001060,KPJ_01,JCORP Specialist Hospital,2025-06-19,Emergency Department,Emergency,170,152,64,0,0,0,0,Hospital Information System,True
EN001061,KPJ_01,JCORP Specialist Hospital,2025-06-19,Outpatient Department,Outpatient,350,323,258,0,0,0,0,Hospital Information System,True
EN001062,KPJ_01,JCORP Specialist Hospital,2025-06-19,Inpatient Wards,Inpatient,72,0,42,12,10,2,1,Hospital Information System,True
EN001063,KPJ_01,JCORP Specialist Hospital,2025-06-20,Emergency Department,Emergency,152,137,49,0,0,0,0,Hospital Information System,True
EN001064,KPJ_01,JCORP Specialist Hospital,2025-06-20,Outpatient Department,Outpatient,305,295,235,0,0,0,0,Hospital Information System,True
EN001065,KPJ_01,JCORP Specialist Hospital,2025-06-20,Inpatient Wards,Inpatient,74,0,43,8,6,0,2,Hospital Information System,True
EN001066,KPJ_01,JCORP Specialist Hospital,2025-06-21,Emergency Department,Emergency,164,146,53,0,0,0,0,Hospital Information System,True
EN001067,KPJ_01,JCORP Specialist Hospital,2025-06-21,Outpatient Department,Outpatient,120,110,93,0,0,0,0,Hospital Information System,True
EN001068,KPJ_01,JCORP Specialist Hospital,2025-06-21,Inpatient Wards,Inpatient,84,0,49,15,14,4,2,Hospital Information System,True
EN001069,KPJ_01,JCORP Specialist Hospital,2025-06-22,Emergency Department,Emergency,155,140,55,0,0,0,0,Hospital Information System,True
EN001070,KPJ_01,JCORP Specialist Hospital,2025-06-22,Outpatient Department,Outpatient,115,107,89,0,0,0,0,Hospital Information System,True
EN001071,KPJ_01,JCORP Specialist Hospital,2025-06-22,Inpatient Wards,Inpatient,70,0,38,9,7,1,2,Hospital Information System,True
EN001072,KPJ_01,JCORP Specialist Hospital,2025-06-23,Emergency Department,Emergency,134,125,42,0,0,0,0,Hospital Information System,True
EN001073,KPJ_01,JCORP Specialist Hospital,2025-06-23,Outpatient Department,Outpatient,305,288,220,0,0,0,0,Hospital Information System,True
EN001074,KPJ_01,JCORP Specialist Hospital,2025-06-23,Inpatient Wards,Inpatient,76,0,41,13,10,1,1,Hospital Information System,True
EN001075,KPJ_01,JCORP Specialist Hospital,2025-06-24,Emergency Department,Emergency,141,130,45,0,0,0,0,Hospital Information System,True
EN001076,KPJ_01,JCORP Specialist Hospital,2025-06-24,Outpatient Department,Outpatient,307,284,222,0,0,0,0,Hospital Information System,True
EN001077,KPJ_01,JCORP Specialist Hospital,2025-06-24,Inpatient Wards,Inpatient,91,0,49,18,14,0,3,Hospital Information System,True
EN001078,KPJ_01,JCORP Specialist Hospital,2025-06-25,Emergency Department,Emergency,159,142,63,0,0,0,0,Hospital Information System,True
EN001079,KPJ_01,JCORP Specialist Hospital,2025-06-25,Outpatient Department,Outpatient,326,301,244,0,0,0,0,Hospital Information System,True
EN001080,KPJ_01,JCORP Specialist Hospital,2025-06-25,Inpatient Wards,Inpatient,79,0,46,12,12,1,3,Hospital Information System,True
EN001081,KPJ_01,JCORP Specialist Hospital,2025-06-26,Emergency Department,Emergency,177,165,69,0,0,0,0,Hospital Information System,True
EN001082,KPJ_01,JCORP Specialist Hospital,2025-06-26,Outpatient Department,Outpatient,330,319,239,0,0,0,0,Hospital Information System,True
EN001083,KPJ_01,JCORP Specialist Hospital,2025-06-26,Inpatient Wards,Inpatient,68,0,39,10,8,1,2,Hospital Information System,True
EN001084,KPJ_01,JCORP Specialist Hospital,2025-06-27,Emergency Department,Emergency,155,142,48,0,0,0,0,Hospital Information System,True
EN001085,KPJ_01,JCORP Specialist Hospital,2025-06-27,Outpatient Department,Outpatient,283,261,206,0,0,0,0,Hospital Information System,True
EN001086,KPJ_01,JCORP Specialist Hospital,2025-06-27,Inpatient Wards,Inpatient,81,0,46,14,14,2,3,Hospital Information System,True
EN001087,KPJ_01,JCORP Specialist Hospital,2025-06-28,Emergency Department,Emergency,173,159,53,0,0,0,0,Hospital Information System,True
EN001088,KPJ_01,JCORP Specialist Hospital,2025-06-28,Outpatient Department,Outpatient,112,105,79,0,0,0,0,Hospital Information System,True
EN001089,KPJ_01,JCORP Specialist Hospital,2025-06-28,Inpatient Wards,Inpatient,63,0,33,9,11,2,3,Hospital Information System,True
EN001090,KPJ_01,JCORP Specialist Hospital,2025-06-29,Emergency Department,Emergency,186,174,60,0,0,0,0,Hospital Information System,True
EN001091,KPJ_01,JCORP Specialist Hospital,2025-06-29,Outpatient Department,Outpatient,110,103,79,0,0,0,0,Hospital Information System,True
EN001092,KPJ_01,JCORP Specialist Hospital,2025-06-29,Inpatient Wards,Inpatient,84,0,48,14,17,0,1,Hospital Information System,True
EN001093,KPJ_01,JCORP Specialist Hospital,2025-06-30,Emergency Department,Emergency,150,137,57,0,0,0,0,Hospital Information System,True
EN001094,KPJ_01,JCORP Specialist Hospital,2025-06-30,Outpatient Department,Outpatient,329,307,256,0,0,0,0,Hospital Information System,True
EN001095,KPJ_01,JCORP Specialist Hospital,2025-06-30,Inpatient Wards,Inpatient,75,0,43,13,13,2,1,Hospital Information System,True
EN001096,KPJ_01,JCORP Specialist Hospital,2025-07-01,Emergency Department,Emergency,151,139,45,0,0,0,0,Hospital Information System,True
EN001097,KPJ_01,JCORP Specialist Hospital,2025-07-01,Outpatient Department,Outpatient,304,282,229,0,0,0,0,Hospital Information System,True
EN001098,KPJ_01,JCORP Specialist Hospital,2025-07-01,Inpatient Wards,Inpatient,91,0,53,18,18,2,2,Hospital Information System,True
EN001099,KPJ_01,JCORP Specialist Hospital,2025-07-02,Emergency Department,Emergency,164,148,53,0,0,0,0,Hospital Information System,True
EN001100,KPJ_01,JCORP Specialist Hospital,2025-07-02,Outpatient Department,Outpatient,341,318,267,0,0,0,0,Hospital Information System,True
EN001101,KPJ_01,JCORP Specialist Hospital,2025-07-02,Inpatient Wards,Inpatient,81,0,44,12,13,1,1,Hospital Information System,True
EN001102,KPJ_01,JCORP Specialist Hospital,2025-07-03,Emergency Department,Emergency,142,127,54,0,0,0,0,Hospital Information System,True
EN001103,KPJ_01,JCORP Specialist Hospital,2025-07-03,Outpatient Department,Outpatient,325,302,254,0,0,0,0,Hospital Information System,True
EN001104,KPJ_01,JCORP Specialist Hospital,2025-07-03,Inpatient Wards,Inpatient,88,0,46,17,19,1,1,Hospital Information System,True
EN001105,KPJ_01,JCORP Specialist Hospital,2025-07-04,Emergency Department,Emergency,167,149,66,0,0,0,0,Hospital Information System,True
EN001106,KPJ_01,JCORP Specialist Hospital,2025-07-04,Outpatient Department,Outpatient,280,264,222,0,0,0,0,Hospital Information System,True
EN001107,KPJ_01,JCORP Specialist Hospital,2025-07-04,Inpatient Wards,Inpatient,91,0,54,15,10,1,1,Hospital Information System,True
EN001108,KPJ_01,JCORP Specialist Hospital,2025-07-05,Emergency Department,Emergency,191,174,65,0,0,0,0,Hospital Information System,True
EN001109,KPJ_01,JCORP Specialist Hospital,2025-07-05,Outpatient Department,Outpatient,115,108,88,0,0,0,0,Hospital Information System,True
EN001110,KPJ_01,JCORP Specialist Hospital,2025-07-05,Inpatient Wards,Inpatient,77,0,41,14,13,3,3,Hospital Information System,True
EN001111,KPJ_01,JCORP Specialist Hospital,2025-07-06,Emergency Department,Emergency,180,163,62,0,0,0,0,Hospital Information System,True
EN001112,KPJ_01,JCORP Specialist Hospital,2025-07-06,Outpatient Department,Outpatient,124,118,97,0,0,0,0,Hospital Information System,True
EN001113,KPJ_01,JCORP Specialist Hospital,2025-07-06,Inpatient Wards,Inpatient,74,0,43,11,13,2,1,Hospital Information System,True
EN001114,KPJ_01,JCORP Specialist Hospital,2025-07-07,Emergency Department,Emergency,141,126,48,0,0,0,0,Hospital Information System,True
EN001115,KPJ_01,JCORP Specialist Hospital,2025-07-07,Outpatient Department,Outpatient,333,317,249,0,0,0,0,Hospital Information System,True
EN001116,KPJ_01,JCORP Specialist Hospital,2025-07-07,Inpatient Wards,Inpatient,62,0,35,11,10,0,2,Hospital Information System,True
EN001117,KPJ_01,JCORP Specialist Hospital,2025-07-08,Emergency Department,Emergency,137,124,49,0,0,0,0,Hospital Information System,True
EN001118,KPJ_01,JCORP Specialist Hospital,2025-07-08,Outpatient Department,Outpatient,304,280,230,0,0,0,0,Hospital Information System,True
EN001119,KPJ_01,JCORP Specialist Hospital,2025-07-08,Inpatient Wards,Inpatient,78,0,40,15,17,2,2,Hospital Information System,True
EN001120,KPJ_01,JCORP Specialist Hospital,2025-07-09,Emergency Department,Emergency,147,135,46,0,0,0,0,Hospital Information System,True
EN001121,KPJ_01,JCORP Specialist Hospital,2025-07-09,Outpatient Department,Outpatient,324,309,237,0,0,0,0,Hospital Information System,True
EN001122,KPJ_01,JCORP Specialist Hospital,2025-07-09,Inpatient Wards,Inpatient,94,0,51,19,20,2,0,Hospital Information System,True
EN001123,KPJ_01,JCORP Specialist Hospital,2025-07-10,Emergency Department,Emergency,153,144,61,0,0,0,0,Hospital Information System,True
EN001124,KPJ_01,JCORP Specialist Hospital,2025-07-10,Outpatient Department,Outpatient,319,303,246,0,0,0,0,Hospital Information System,True
EN001125,KPJ_01,JCORP Specialist Hospital,2025-07-10,Inpatient Wards,Inpatient,86,0,43,19,17,2,0,Hospital Information System,True
EN001126,KPJ_01,JCORP Specialist Hospital,2025-07-11,Emergency Department,Emergency,149,135,55,0,0,0,0,Hospital Information System,True
EN001127,KPJ_01,JCORP Specialist Hospital,2025-07-11,Outpatient Department,Outpatient,338,316,251,0,0,0,0,Hospital Information System,True
EN001128,KPJ_01,JCORP Specialist Hospital,2025-07-11,Inpatient Wards,Inpatient,85,0,47,17,18,2,2,Hospital Information System,True
EN001129,KPJ_01,JCORP Specialist Hospital,2025-07-12,Emergency Department,Emergency,165,150,65,0,0,0,0,Hospital Information System,True
EN001130,KPJ_01,JCORP Specialist Hospital,2025-07-12,Outpatient Department,Outpatient,127,119,95,0,0,0,0,Hospital Information System,True
EN001131,KPJ_01,JCORP Specialist Hospital,2025-07-12,Inpatient Wards,Inpatient,80,0,40,19,17,1,3,Hospital Information System,True
EN001132,KPJ_01,JCORP Specialist Hospital,2025-07-13,Emergency Department,Emergency,189,170,62,0,0,0,0,Hospital Information System,True
EN001133,KPJ_01,JCORP Specialist Hospital,2025-07-13,Outpatient Department,Outpatient,118,110,83,0,0,0,0,Hospital Information System,True
EN001134,KPJ_01,JCORP Specialist Hospital,2025-07-13,Inpatient Wards,Inpatient,73,0,40,19,20,1,1,Hospital Information System,True
EN001135,KPJ_01,JCORP Specialist Hospital,2025-07-14,Emergency Department,Emergency,125,115,49,0,0,0,0,Hospital Information System,True
EN001136,KPJ_01,JCORP Specialist Hospital,2025-07-14,Outpatient Department,Outpatient,339,329,252,0,0,0,0,Hospital Information System,True
EN001137,KPJ_01,JCORP Specialist Hospital,2025-07-14,Inpatient Wards,Inpatient,81,0,46,15,11,3,2,Hospital Information System,True
EN001138,KPJ_01,JCORP Specialist Hospital,2025-07-15,Emergency Department,Emergency,169,159,59,0,0,0,0,Hospital Information System,True
EN001139,KPJ_01,JCORP Specialist Hospital,2025-07-15,Outpatient Department,Outpatient,330,318,251,0,0,0,0,Hospital Information System,True
EN001140,KPJ_01,JCORP Specialist Hospital,2025-07-15,Inpatient Wards,Inpatient,79,0,43,14,14,2,1,Hospital Information System,True
EN001141,KPJ_01,JCORP Specialist Hospital,2025-07-16,Emergency Department,Emergency,161,144,60,0,0,0,0,Hospital Information System,True
EN001142,KPJ_01,JCORP Specialist Hospital,2025-07-16,Outpatient Department,Outpatient,320,305,253,0,0,0,0,Hospital Information System,True
EN001143,KPJ_01,JCORP Specialist Hospital,2025-07-16,Inpatient Wards,Inpatient,68,0,40,10,13,1,1,Hospital Information System,True
EN001144,KPJ_01,JCORP Specialist Hospital,2025-07-17,Emergency Department,Emergency,168,150,57,0,0,0,0,Hospital Information System,True
EN001145,KPJ_01,JCORP Specialist Hospital,2025-07-17,Outpatient Department,Outpatient,378,354,282,0,0,0,0,Hospital Information System,True
EN001146,KPJ_01,JCORP Specialist Hospital,2025-07-17,Inpatient Wards,Inpatient,90,0,50,14,15,2,1,Hospital Information System,True
EN001147,KPJ_01,JCORP Specialist Hospital,2025-07-18,Emergency Department,Emergency,161,144,54,0,0,0,0,Hospital Information System,True
EN001148,KPJ_01,JCORP Specialist Hospital,2025-07-18,Outpatient Department,Outpatient,351,336,276,0,0,0,0,Hospital Information System,True
EN001149,KPJ_01,JCORP Specialist Hospital,2025-07-18,Inpatient Wards,Inpatient,88,0,46,18,19,0,2,Hospital Information System,True
EN001150,KPJ_01,JCORP Specialist Hospital,2025-07-19,Emergency Department,Emergency,168,154,56,0,0,0,0,Hospital Information System,True
EN001151,KPJ_01,JCORP Specialist Hospital,2025-07-19,Outpatient Department,Outpatient,125,120,88,0,0,0,0,Hospital Information System,True
EN001152,KPJ_01,JCORP Specialist Hospital,2025-07-19,Inpatient Wards,Inpatient,86,0,45,14,13,1,0,Hospital Information System,True
EN001153,KPJ_01,JCORP Specialist Hospital,2025-07-20,Emergency Department,Emergency,173,158,52,0,0,0,0,Hospital Information System,True
EN001154,KPJ_01,JCORP Specialist Hospital,2025-07-20,Outpatient Department,Outpatient,112,107,89,0,0,0,0,Hospital Information System,True
EN001155,KPJ_01,JCORP Specialist Hospital,2025-07-20,Inpatient Wards,Inpatient,69,0,39,12,10,2,1,Hospital Information System,True
EN001156,KPJ_01,JCORP Specialist Hospital,2025-07-21,Emergency Department,Emergency,163,149,49,0,0,0,0,Hospital Information System,True
EN001157,KPJ_01,JCORP Specialist Hospital,2025-07-21,Outpatient Department,Outpatient,311,299,235,0,0,0,0,Hospital Information System,True
EN001158,KPJ_01,JCORP Specialist Hospital,2025-07-21,Inpatient Wards,Inpatient,83,0,44,12,13,2,1,Hospital Information System,True
EN001159,KPJ_01,JCORP Specialist Hospital,2025-07-22,Emergency Department,Emergency,160,143,58,0,0,0,0,Hospital Information System,True
EN001160,KPJ_01,JCORP Specialist Hospital,2025-07-22,Outpatient Department,Outpatient,306,283,232,0,0,0,0,Hospital Information System,True
EN001161,KPJ_01,JCORP Specialist Hospital,2025-07-22,Inpatient Wards,Inpatient,80,0,47,17,20,2,3,Hospital Information System,True
EN001162,KPJ_01,JCORP Specialist Hospital,2025-07-23,Emergency Department,Emergency,135,125,49,0,0,0,0,Hospital Information System,True
EN001163,KPJ_01,JCORP Specialist Hospital,2025-07-23,Outpatient Department,Outpatient,308,298,238,0,0,0,0,Hospital Information System,True
EN001164,KPJ_01,JCORP Specialist Hospital,2025-07-23,Inpatient Wards,Inpatient,85,0,47,14,18,2,0,Hospital Information System,True
EN001165,KPJ_01,JCORP Specialist Hospital,2025-07-24,Emergency Department,Emergency,161,150,58,0,0,0,0,Hospital Information System,True
EN001166,KPJ_01,JCORP Specialist Hospital,2025-07-24,Outpatient Department,Outpatient,317,304,233,0,0,0,0,Hospital Information System,True
EN001167,KPJ_01,JCORP Specialist Hospital,2025-07-24,Inpatient Wards,Inpatient,78,0,42,15,13,4,2,Hospital Information System,True
EN001168,KPJ_01,JCORP Specialist Hospital,2025-07-25,Emergency Department,Emergency,169,159,57,0,0,0,0,Hospital Information System,True
EN001169,KPJ_01,JCORP Specialist Hospital,2025-07-25,Outpatient Department,Outpatient,319,307,253,0,0,0,0,Hospital Information System,True
EN001170,KPJ_01,JCORP Specialist Hospital,2025-07-25,Inpatient Wards,Inpatient,86,0,49,15,17,2,4,Hospital Information System,True
EN001171,KPJ_01,JCORP Specialist Hospital,2025-07-26,Emergency Department,Emergency,178,164,56,0,0,0,0,Hospital Information System,True
EN001172,KPJ_01,JCORP Specialist Hospital,2025-07-26,Outpatient Department,Outpatient,122,116,89,0,0,0,0,Hospital Information System,True
EN001173,KPJ_01,JCORP Specialist Hospital,2025-07-26,Inpatient Wards,Inpatient,66,0,35,6,6,2,2,Hospital Information System,True
EN001174,KPJ_01,JCORP Specialist Hospital,2025-07-27,Emergency Department,Emergency,153,136,61,0,0,0,0,Hospital Information System,True
EN001175,KPJ_01,JCORP Specialist Hospital,2025-07-27,Outpatient Department,Outpatient,105,98,75,0,0,0,0,Hospital Information System,True
EN001176,KPJ_01,JCORP Specialist Hospital,2025-07-27,Inpatient Wards,Inpatient,72,0,37,14,12,2,1,Hospital Information System,True
EN001177,KPJ_01,JCORP Specialist Hospital,2025-07-28,Emergency Department,Emergency,145,134,46,0,0,0,0,Hospital Information System,True
EN001178,KPJ_01,JCORP Specialist Hospital,2025-07-28,Outpatient Department,Outpatient,351,330,247,0,0,0,0,Hospital Information System,True
EN001179,KPJ_01,JCORP Specialist Hospital,2025-07-28,Inpatient Wards,Inpatient,75,0,42,10,12,3,2,Hospital Information System,True
EN001180,KPJ_01,JCORP Specialist Hospital,2025-07-29,Emergency Department,Emergency,158,145,51,0,0,0,0,Hospital Information System,True
EN001181,KPJ_01,JCORP Specialist Hospital,2025-07-29,Outpatient Department,Outpatient,306,293,231,0,0,0,0,Hospital Information System,True
EN001182,KPJ_01,JCORP Specialist Hospital,2025-07-29,Inpatient Wards,Inpatient,84,0,46,15,15,1,2,Hospital Information System,True
EN001183,KPJ_01,JCORP Specialist Hospital,2025-07-30,Emergency Department,Emergency,164,149,52,0,0,0,0,Hospital Information System,True
EN001184,KPJ_01,JCORP Specialist Hospital,2025-07-30,Outpatient Department,Outpatient,323,300,255,0,0,0,0,Hospital Information System,True
EN001185,KPJ_01,JCORP Specialist Hospital,2025-07-30,Inpatient Wards,Inpatient,83,0,44,12,15,3,2,Hospital Information System,True
EN001186,KPJ_01,JCORP Specialist Hospital,2025-07-31,Emergency Department,Emergency,154,143,53,0,0,0,0,Hospital Information System,True
EN001187,KPJ_01,JCORP Specialist Hospital,2025-07-31,Outpatient Department,Outpatient,310,289,221,0,0,0,0,Hospital Information System,True
EN001188,KPJ_01,JCORP Specialist Hospital,2025-07-31,Inpatient Wards,Inpatient,76,0,41,12,12,2,1,Hospital Information System,True
EN001189,KPJ_01,JCORP Specialist Hospital,2025-08-01,Emergency Department,Emergency,154,138,53,0,0,0,0,Hospital Information System,True
EN001190,KPJ_01,JCORP Specialist Hospital,2025-08-01,Outpatient Department,Outpatient,367,350,259,0,0,0,0,Hospital Information System,True
EN001191,KPJ_01,JCORP Specialist Hospital,2025-08-01,Inpatient Wards,Inpatient,85,0,45,17,19,2,1,Hospital Information System,True
EN001192,KPJ_01,JCORP Specialist Hospital,2025-08-02,Emergency Department,Emergency,176,163,55,0,0,0,0,Hospital Information System,True
EN001193,KPJ_01,JCORP Specialist Hospital,2025-08-02,Outpatient Department,Outpatient,118,110,90,0,0,0,0,Hospital Information System,True
EN001194,KPJ_01,JCORP Specialist Hospital,2025-08-02,Inpatient Wards,Inpatient,81,0,48,13,14,2,1,Hospital Information System,True
EN001195,KPJ_01,JCORP Specialist Hospital,2025-08-03,Emergency Department,Emergency,188,168,61,0,0,0,0,Hospital Information System,True
EN001196,KPJ_01,JCORP Specialist Hospital,2025-08-03,Outpatient Department,Outpatient,123,117,97,0,0,0,0,Hospital Information System,True
EN001197,KPJ_01,JCORP Specialist Hospital,2025-08-03,Inpatient Wards,Inpatient,80,0,42,12,10,2,1,Hospital Information System,True
EN001198,KPJ_01,JCORP Specialist Hospital,2025-08-04,Emergency Department,Emergency,157,141,62,0,0,0,0,Hospital Information System,True
EN001199,KPJ_01,JCORP Specialist Hospital,2025-08-04,Outpatient Department,Outpatient,367,345,266,0,0,0,0,Hospital Information System,True
EN001200,KPJ_01,JCORP Specialist Hospital,2025-08-04,Inpatient Wards,Inpatient,87,0,52,16,14,3,1,Hospital Information System,True
EN001201,KPJ_01,JCORP Specialist Hospital,2025-08-05,Emergency Department,Emergency,166,155,66,0,0,0,0,Hospital Information System,True
EN001202,KPJ_01,JCORP Specialist Hospital,2025-08-05,Outpatient Department,Outpatient,336,314,241,0,0,0,0,Hospital Information System,True
EN001203,KPJ_01,JCORP Specialist Hospital,2025-08-05,Inpatient Wards,Inpatient,78,0,44,14,15,3,2,Hospital Information System,True
EN001204,KPJ_01,JCORP Specialist Hospital,2025-08-06,Emergency Department,Emergency,160,146,52,0,0,0,0,Hospital Information System,True
EN001205,KPJ_01,JCORP Specialist Hospital,2025-08-06,Outpatient Department,Outpatient,319,301,226,0,0,0,0,Hospital Information System,True
EN001206,KPJ_01,JCORP Specialist Hospital,2025-08-06,Inpatient Wards,Inpatient,93,0,55,15,14,3,1,Hospital Information System,True
EN001207,KPJ_01,JCORP Specialist Hospital,2025-08-07,Emergency Department,Emergency,133,120,53,0,0,0,0,Hospital Information System,True
EN001208,KPJ_01,JCORP Specialist Hospital,2025-08-07,Outpatient Department,Outpatient,310,294,246,0,0,0,0,Hospital Information System,True
EN001209,KPJ_01,JCORP Specialist Hospital,2025-08-07,Inpatient Wards,Inpatient,75,0,39,13,13,2,1,Hospital Information System,True
EN001210,KPJ_01,JCORP Specialist Hospital,2025-08-08,Emergency Department,Emergency,160,146,62,0,0,0,0,Hospital Information System,True
EN001211,KPJ_01,JCORP Specialist Hospital,2025-08-08,Outpatient Department,Outpatient,334,317,237,0,0,0,0,Hospital Information System,True
EN001212,KPJ_01,JCORP Specialist Hospital,2025-08-08,Inpatient Wards,Inpatient,85,0,46,14,14,1,0,Hospital Information System,True
EN001213,KPJ_01,JCORP Specialist Hospital,2025-08-09,Emergency Department,Emergency,192,180,74,0,0,0,0,Hospital Information System,True
EN001214,KPJ_01,JCORP Specialist Hospital,2025-08-09,Outpatient Department,Outpatient,112,106,80,0,0,0,0,Hospital Information System,True
EN001215,KPJ_01,JCORP Specialist Hospital,2025-08-09,Inpatient Wards,Inpatient,77,0,39,13,11,1,2,Hospital Information System,True
EN001216,KPJ_01,JCORP Specialist Hospital,2025-08-10,Emergency Department,Emergency,183,168,64,0,0,0,0,Hospital Information System,True
EN001217,KPJ_01,JCORP Specialist Hospital,2025-08-10,Outpatient Department,Outpatient,114,105,86,0,0,0,0,Hospital Information System,True
EN001218,KPJ_01,JCORP Specialist Hospital,2025-08-10,Inpatient Wards,Inpatient,81,0,46,14,15,1,1,Hospital Information System,True
EN001219,KPJ_01,JCORP Specialist Hospital,2025-08-11,Emergency Department,Emergency,154,138,56,0,0,0,0,Hospital Information System,True
EN001220,KPJ_01,JCORP Specialist Hospital,2025-08-11,Outpatient Department,Outpatient,372,352,261,0,0,0,0,Hospital Information System,True
EN001221,KPJ_01,JCORP Specialist Hospital,2025-08-11,Inpatient Wards,Inpatient,96,0,53,14,13,2,3,Hospital Information System,True
EN001222,KPJ_01,JCORP Specialist Hospital,2025-08-12,Emergency Department,Emergency,175,159,56,0,0,0,0,Hospital Information System,True
EN001223,KPJ_01,JCORP Specialist Hospital,2025-08-12,Outpatient Department,Outpatient,325,315,237,0,0,0,0,Hospital Information System,True
EN001224,KPJ_01,JCORP Specialist Hospital,2025-08-12,Inpatient Wards,Inpatient,80,0,42,12,10,2,2,Hospital Information System,True
EN001225,KPJ_01,JCORP Specialist Hospital,2025-08-13,Emergency Department,Emergency,169,154,58,0,0,0,0,Hospital Information System,True
EN001226,KPJ_01,JCORP Specialist Hospital,2025-08-13,Outpatient Department,Outpatient,364,341,276,0,0,0,0,Hospital Information System,True
EN001227,KPJ_01,JCORP Specialist Hospital,2025-08-13,Inpatient Wards,Inpatient,96,0,53,16,16,2,1,Hospital Information System,True
EN001228,KPJ_01,JCORP Specialist Hospital,2025-08-14,Emergency Department,Emergency,177,161,61,0,0,0,0,Hospital Information System,True
EN001229,KPJ_01,JCORP Specialist Hospital,2025-08-14,Outpatient Department,Outpatient,317,303,226,0,0,0,0,Hospital Information System,True
EN001230,KPJ_01,JCORP Specialist Hospital,2025-08-14,Inpatient Wards,Inpatient,87,0,49,15,14,3,0,Hospital Information System,True
EN001231,KPJ_01,JCORP Specialist Hospital,2025-08-15,Emergency Department,Emergency,155,144,47,0,0,0,0,Hospital Information System,True
EN001232,KPJ_01,JCORP Specialist Hospital,2025-08-15,Outpatient Department,Outpatient,384,363,282,0,0,0,0,Hospital Information System,True
EN001233,KPJ_01,JCORP Specialist Hospital,2025-08-15,Inpatient Wards,Inpatient,92,0,52,19,13,2,2,Hospital Information System,True
EN001234,KPJ_01,JCORP Specialist Hospital,2025-08-16,Emergency Department,Emergency,157,145,63,0,0,0,0,Hospital Information System,True
EN001235,KPJ_01,JCORP Specialist Hospital,2025-08-16,Outpatient Department,Outpatient,120,113,88,0,0,0,0,Hospital Information System,True
EN001236,KPJ_01,JCORP Specialist Hospital,2025-08-16,Inpatient Wards,Inpatient,88,0,51,16,13,1,3,Hospital Information System,True
EN001237,KPJ_01,JCORP Specialist Hospital,2025-08-17,Emergency Department,Emergency,191,177,68,0,0,0,0,Hospital Information System,True
EN001238,KPJ_01,JCORP Specialist Hospital,2025-08-17,Outpatient Department,Outpatient,119,114,93,0,0,0,0,Hospital Information System,True
EN001239,KPJ_01,JCORP Specialist Hospital,2025-08-17,Inpatient Wards,Inpatient,90,0,47,18,19,3,0,Hospital Information System,True
EN001240,KPJ_01,JCORP Specialist Hospital,2025-08-18,Emergency Department,Emergency,170,157,64,0,0,0,0,Hospital Information System,True
EN001241,KPJ_01,JCORP Specialist Hospital,2025-08-18,Outpatient Department,Outpatient,327,316,254,0,0,0,0,Hospital Information System,True
EN001242,KPJ_01,JCORP Specialist Hospital,2025-08-18,Inpatient Wards,Inpatient,79,0,47,17,15,2,1,Hospital Information System,True
EN001243,KPJ_01,JCORP Specialist Hospital,2025-08-19,Emergency Department,Emergency,169,153,54,0,0,0,0,Hospital Information System,True
EN001244,KPJ_01,JCORP Specialist Hospital,2025-08-19,Outpatient Department,Outpatient,345,321,255,0,0,0,0,Hospital Information System,True
EN001245,KPJ_01,JCORP Specialist Hospital,2025-08-19,Inpatient Wards,Inpatient,87,0,50,17,13,2,2,Hospital Information System,True
EN001246,KPJ_01,JCORP Specialist Hospital,2025-08-20,Emergency Department,Emergency,153,141,55,0,0,0,0,Hospital Information System,True
EN001247,KPJ_01,JCORP Specialist Hospital,2025-08-20,Outpatient Department,Outpatient,361,340,267,0,0,0,0,Hospital Information System,True
EN001248,KPJ_01,JCORP Specialist Hospital,2025-08-20,Inpatient Wards,Inpatient,76,0,43,13,13,2,2,Hospital Information System,True
EN001249,KPJ_01,JCORP Specialist Hospital,2025-08-21,Emergency Department,Emergency,171,158,64,0,0,0,0,Hospital Information System,True
EN001250,KPJ_01,JCORP Specialist Hospital,2025-08-21,Outpatient Department,Outpatient,318,302,227,0,0,0,0,Hospital Information System,True
EN001251,KPJ_01,JCORP Specialist Hospital,2025-08-21,Inpatient Wards,Inpatient,74,0,41,12,8,2,1,Hospital Information System,True
EN001252,KPJ_01,JCORP Specialist Hospital,2025-08-22,Emergency Department,Emergency,172,155,62,0,0,0,0,Hospital Information System,True
EN001253,KPJ_01,JCORP Specialist Hospital,2025-08-22,Outpatient Department,Outpatient,325,306,258,0,0,0,0,Hospital Information System,True
EN001254,KPJ_01,JCORP Specialist Hospital,2025-08-22,Inpatient Wards,Inpatient,84,0,50,18,21,3,3,Hospital Information System,True
EN001255,KPJ_01,JCORP Specialist Hospital,2025-08-23,Emergency Department,Emergency,170,155,54,0,0,0,0,Hospital Information System,True
EN001256,KPJ_01,JCORP Specialist Hospital,2025-08-23,Outpatient Department,Outpatient,119,113,94,0,0,0,0,Hospital Information System,True
EN001257,KPJ_01,JCORP Specialist Hospital,2025-08-23,Inpatient Wards,Inpatient,79,0,41,10,9,1,1,Hospital Information System,True
EN001258,KPJ_01,JCORP Specialist Hospital,2025-08-24,Emergency Department,Emergency,170,155,68,0,0,0,0,Hospital Information System,True
EN001259,KPJ_01,JCORP Specialist Hospital,2025-08-24,Outpatient Department,Outpatient,103,99,72,0,0,0,0,Hospital Information System,True
EN001260,KPJ_01,JCORP Specialist Hospital,2025-08-24,Inpatient Wards,Inpatient,81,0,45,19,17,0,0,Hospital Information System,True
EN001261,KPJ_01,JCORP Specialist Hospital,2025-08-25,Emergency Department,Emergency,141,128,43,0,0,0,0,Hospital Information System,True
EN001262,KPJ_01,JCORP Specialist Hospital,2025-08-25,Outpatient Department,Outpatient,397,382,307,0,0,0,0,Hospital Information System,True
EN001263,KPJ_01,JCORP Specialist Hospital,2025-08-25,Inpatient Wards,Inpatient,84,0,49,14,11,3,0,Hospital Information System,True
EN001264,KPJ_01,JCORP Specialist Hospital,2025-08-26,Emergency Department,Emergency,172,156,66,0,0,0,0,Hospital Information System,True
EN001265,KPJ_01,JCORP Specialist Hospital,2025-08-26,Outpatient Department,Outpatient,317,306,222,0,0,0,0,Hospital Information System,True
EN001266,KPJ_01,JCORP Specialist Hospital,2025-08-26,Inpatient Wards,Inpatient,89,0,47,20,19,2,2,Hospital Information System,True
EN001267,KPJ_01,JCORP Specialist Hospital,2025-08-27,Emergency Department,Emergency,149,134,53,0,0,0,0,Hospital Information System,True
EN001268,KPJ_01,JCORP Specialist Hospital,2025-08-27,Outpatient Department,Outpatient,334,322,238,0,0,0,0,Hospital Information System,True
EN001269,KPJ_01,JCORP Specialist Hospital,2025-08-27,Inpatient Wards,Inpatient,82,0,49,16,16,1,2,Hospital Information System,True
EN001270,KPJ_01,JCORP Specialist Hospital,2025-08-28,Emergency Department,Emergency,167,149,62,0,0,0,0,Hospital Information System,True
EN001271,KPJ_01,JCORP Specialist Hospital,2025-08-28,Outpatient Department,Outpatient,322,299,241,0,0,0,0,Hospital Information System,True
EN001272,KPJ_01,JCORP Specialist Hospital,2025-08-28,Inpatient Wards,Inpatient,83,0,49,15,16,1,1,Hospital Information System,True
EN001273,KPJ_01,JCORP Specialist Hospital,2025-08-29,Emergency Department,Emergency,164,150,63,0,0,0,0,Hospital Information System,True
EN001274,KPJ_01,JCORP Specialist Hospital,2025-08-29,Outpatient Department,Outpatient,349,332,268,0,0,0,0,Hospital Information System,True
EN001275,KPJ_01,JCORP Specialist Hospital,2025-08-29,Inpatient Wards,Inpatient,90,0,48,14,14,1,2,Hospital Information System,True
EN001276,KPJ_01,JCORP Specialist Hospital,2025-08-30,Emergency Department,Emergency,166,151,56,0,0,0,0,Hospital Information System,True
EN001277,KPJ_01,JCORP Specialist Hospital,2025-08-30,Outpatient Department,Outpatient,122,117,88,0,0,0,0,Hospital Information System,True
EN001278,KPJ_01,JCORP Specialist Hospital,2025-08-30,Inpatient Wards,Inpatient,86,0,51,15,13,3,1,Hospital Information System,True
EN001279,KPJ_01,JCORP Specialist Hospital,2025-08-31,Emergency Department,Emergency,182,168,69,0,0,0,0,Hospital Information System,True
EN001280,KPJ_01,JCORP Specialist Hospital,2025-08-31,Outpatient Department,Outpatient,119,110,91,0,0,0,0,Hospital Information System,True
EN001281,KPJ_01,JCORP Specialist Hospital,2025-08-31,Inpatient Wards,Inpatient,84,0,46,13,11,2,0,Hospital Information System,True
EN001282,KPJ_01,JCORP Specialist Hospital,2025-09-01,Emergency Department,Emergency,187,172,66,0,0,0,0,Hospital Information System,True
EN001283,KPJ_01,JCORP Specialist Hospital,2025-09-01,Outpatient Department,Outpatient,329,304,239,0,0,0,0,Hospital Information System,True
EN001284,KPJ_01,JCORP Specialist Hospital,2025-09-01,Inpatient Wards,Inpatient,85,0,43,13,11,0,1,Hospital Information System,True
EN001285,KPJ_01,JCORP Specialist Hospital,2025-09-02,Emergency Department,Emergency,151,136,59,0,0,0,0,Hospital Information System,True
EN001286,KPJ_01,JCORP Specialist Hospital,2025-09-02,Outpatient Department,Outpatient,333,321,244,0,0,0,0,Hospital Information System,True
EN001287,KPJ_01,JCORP Specialist Hospital,2025-09-02,Inpatient Wards,Inpatient,90,0,48,17,16,2,2,Hospital Information System,True
EN001288,KPJ_01,JCORP Specialist Hospital,2025-09-03,Emergency Department,Emergency,152,141,57,0,0,0,0,Hospital Information System,True
EN001289,KPJ_01,JCORP Specialist Hospital,2025-09-03,Outpatient Department,Outpatient,373,344,284,0,0,0,0,Hospital Information System,True
EN001290,KPJ_01,JCORP Specialist Hospital,2025-09-03,Inpatient Wards,Inpatient,91,0,50,18,17,4,2,Hospital Information System,True
EN001291,KPJ_01,JCORP Specialist Hospital,2025-09-04,Emergency Department,Emergency,157,141,54,0,0,0,0,Hospital Information System,True
EN001292,KPJ_01,JCORP Specialist Hospital,2025-09-04,Outpatient Department,Outpatient,283,262,201,0,0,0,0,Hospital Information System,True
EN001293,KPJ_01,JCORP Specialist Hospital,2025-09-04,Inpatient Wards,Inpatient,82,0,47,17,16,2,3,Hospital Information System,True
EN001294,KPJ_01,JCORP Specialist Hospital,2025-09-05,Emergency Department,Emergency,174,155,53,0,0,0,0,Hospital Information System,True
EN001295,KPJ_01,JCORP Specialist Hospital,2025-09-05,Outpatient Department,Outpatient,321,308,243,0,0,0,0,Hospital Information System,True
EN001296,KPJ_01,JCORP Specialist Hospital,2025-09-05,Inpatient Wards,Inpatient,88,0,50,16,15,2,0,Hospital Information System,True
EN001297,KPJ_01,JCORP Specialist Hospital,2025-09-06,Emergency Department,Emergency,206,193,79,0,0,0,0,Hospital Information System,True
EN001298,KPJ_01,JCORP Specialist Hospital,2025-09-06,Outpatient Department,Outpatient,132,122,101,0,0,0,0,Hospital Information System,True
EN001299,KPJ_01,JCORP Specialist Hospital,2025-09-06,Inpatient Wards,Inpatient,79,0,41,15,15,2,1,Hospital Information System,True
EN001300,KPJ_01,JCORP Specialist Hospital,2025-09-07,Emergency Department,Emergency,182,169,62,0,0,0,0,Hospital Information System,True
EN001301,KPJ_01,JCORP Specialist Hospital,2025-09-07,Outpatient Department,Outpatient,126,120,97,0,0,0,0,Hospital Information System,True
EN001302,KPJ_01,JCORP Specialist Hospital,2025-09-07,Inpatient Wards,Inpatient,77,0,44,14,11,2,2,Hospital Information System,True
EN001303,KPJ_01,JCORP Specialist Hospital,2025-09-08,Emergency Department,Emergency,166,148,56,0,0,0,0,Hospital Information System,True
EN001304,KPJ_01,JCORP Specialist Hospital,2025-09-08,Outpatient Department,Outpatient,349,330,264,0,0,0,0,Hospital Information System,True
EN001305,KPJ_01,JCORP Specialist Hospital,2025-09-08,Inpatient Wards,Inpatient,89,0,53,16,17,3,1,Hospital Information System,True
EN001306,KPJ_01,JCORP Specialist Hospital,2025-09-09,Emergency Department,Emergency,151,141,60,0,0,0,0,Hospital Information System,True
EN001307,KPJ_01,JCORP Specialist Hospital,2025-09-09,Outpatient Department,Outpatient,344,322,272,0,0,0,0,Hospital Information System,True
EN001308,KPJ_01,JCORP Specialist Hospital,2025-09-09,Inpatient Wards,Inpatient,79,0,43,13,11,1,2,Hospital Information System,True
EN001309,KPJ_01,JCORP Specialist Hospital,2025-09-10,Emergency Department,Emergency,152,141,53,0,0,0,0,Hospital Information System,True
EN001310,KPJ_01,JCORP Specialist Hospital,2025-09-10,Outpatient Department,Outpatient,347,326,275,0,0,0,0,Hospital Information System,True
EN001311,KPJ_01,JCORP Specialist Hospital,2025-09-10,Inpatient Wards,Inpatient,88,0,48,13,17,2,2,Hospital Information System,True
EN001312,KPJ_01,JCORP Specialist Hospital,2025-09-11,Emergency Department,Emergency,163,146,62,0,0,0,0,Hospital Information System,True
EN001313,KPJ_01,JCORP Specialist Hospital,2025-09-11,Outpatient Department,Outpatient,330,313,253,0,0,0,0,Hospital Information System,True
EN001314,KPJ_01,JCORP Specialist Hospital,2025-09-11,Inpatient Wards,Inpatient,83,0,43,13,16,1,1,Hospital Information System,True
EN001315,KPJ_01,JCORP Specialist Hospital,2025-09-12,Emergency Department,Emergency,153,143,60,0,0,0,0,Hospital Information System,True
EN001316,KPJ_01,JCORP Specialist Hospital,2025-09-12,Outpatient Department,Outpatient,326,309,237,0,0,0,0,Hospital Information System,True
EN001317,KPJ_01,JCORP Specialist Hospital,2025-09-12,Inpatient Wards,Inpatient,85,0,46,13,12,2,2,Hospital Information System,True
EN001318,KPJ_01,JCORP Specialist Hospital,2025-09-13,Emergency Department,Emergency,161,145,60,0,0,0,0,Hospital Information System,True
EN001319,KPJ_01,JCORP Specialist Hospital,2025-09-13,Outpatient Department,Outpatient,123,114,89,0,0,0,0,Hospital Information System,True
EN001320,KPJ_01,JCORP Specialist Hospital,2025-09-13,Inpatient Wards,Inpatient,85,0,45,15,13,3,2,Hospital Information System,True
EN001321,KPJ_01,JCORP Specialist Hospital,2025-09-14,Emergency Department,Emergency,178,159,66,0,0,0,0,Hospital Information System,True
EN001322,KPJ_01,JCORP Specialist Hospital,2025-09-14,Outpatient Department,Outpatient,110,103,80,0,0,0,0,Hospital Information System,True
EN001323,KPJ_01,JCORP Specialist Hospital,2025-09-14,Inpatient Wards,Inpatient,76,0,45,11,9,2,2,Hospital Information System,True
EN001324,KPJ_01,JCORP Specialist Hospital,2025-09-15,Emergency Department,Emergency,183,169,71,0,0,0,0,Hospital Information System,True
EN001325,KPJ_01,JCORP Specialist Hospital,2025-09-15,Outpatient Department,Outpatient,406,380,311,0,0,0,0,Hospital Information System,True
EN001326,KPJ_01,JCORP Specialist Hospital,2025-09-15,Inpatient Wards,Inpatient,90,0,45,18,16,0,1,Hospital Information System,True
EN001327,KPJ_01,JCORP Specialist Hospital,2025-09-16,Emergency Department,Emergency,158,141,54,0,0,0,0,Hospital Information System,True
EN001328,KPJ_01,JCORP Specialist Hospital,2025-09-16,Outpatient Department,Outpatient,353,334,260,0,0,0,0,Hospital Information System,True
EN001329,KPJ_01,JCORP Specialist Hospital,2025-09-16,Inpatient Wards,Inpatient,88,0,50,13,13,2,1,Hospital Information System,True
EN001330,KPJ_01,JCORP Specialist Hospital,2025-09-17,Emergency Department,Emergency,160,146,53,0,0,0,0,Hospital Information System,True
EN001331,KPJ_01,JCORP Specialist Hospital,2025-09-17,Outpatient Department,Outpatient,302,282,219,0,0,0,0,Hospital Information System,True
EN001332,KPJ_01,JCORP Specialist Hospital,2025-09-17,Inpatient Wards,Inpatient,95,0,56,19,18,1,0,Hospital Information System,True
EN001333,KPJ_01,JCORP Specialist Hospital,2025-09-18,Emergency Department,Emergency,169,154,66,0,0,0,0,Hospital Information System,True
EN001334,KPJ_01,JCORP Specialist Hospital,2025-09-18,Outpatient Department,Outpatient,372,359,282,0,0,0,0,Hospital Information System,True
EN001335,KPJ_01,JCORP Specialist Hospital,2025-09-18,Inpatient Wards,Inpatient,83,0,42,17,20,2,2,Hospital Information System,True
EN001336,KPJ_01,JCORP Specialist Hospital,2025-09-19,Emergency Department,Emergency,164,153,63,0,0,0,0,Hospital Information System,True
EN001337,KPJ_01,JCORP Specialist Hospital,2025-09-19,Outpatient Department,Outpatient,309,294,244,0,0,0,0,Hospital Information System,True
EN001338,KPJ_01,JCORP Specialist Hospital,2025-09-19,Inpatient Wards,Inpatient,85,0,47,17,17,2,0,Hospital Information System,True
EN001339,KPJ_01,JCORP Specialist Hospital,2025-09-20,Emergency Department,Emergency,157,145,57,0,0,0,0,Hospital Information System,True
EN001340,KPJ_01,JCORP Specialist Hospital,2025-09-20,Outpatient Department,Outpatient,128,124,94,0,0,0,0,Hospital Information System,True
EN001341,KPJ_01,JCORP Specialist Hospital,2025-09-20,Inpatient Wards,Inpatient,81,0,43,17,14,1,1,Hospital Information System,True
EN001342,KPJ_01,JCORP Specialist Hospital,2025-09-21,Emergency Department,Emergency,193,175,66,0,0,0,0,Hospital Information System,True
EN001343,KPJ_01,JCORP Specialist Hospital,2025-09-21,Outpatient Department,Outpatient,105,98,76,0,0,0,0,Hospital Information System,True
EN001344,KPJ_01,JCORP Specialist Hospital,2025-09-21,Inpatient Wards,Inpatient,77,0,40,14,13,1,2,Hospital Information System,True
EN001345,KPJ_01,JCORP Specialist Hospital,2025-09-22,Emergency Department,Emergency,164,150,58,0,0,0,0,Hospital Information System,True
EN001346,KPJ_01,JCORP Specialist Hospital,2025-09-22,Outpatient Department,Outpatient,347,322,271,0,0,0,0,Hospital Information System,True
EN001347,KPJ_01,JCORP Specialist Hospital,2025-09-22,Inpatient Wards,Inpatient,84,0,50,15,13,2,2,Hospital Information System,True
EN001348,KPJ_01,JCORP Specialist Hospital,2025-09-23,Emergency Department,Emergency,179,166,54,0,0,0,0,Hospital Information System,True
EN001349,KPJ_01,JCORP Specialist Hospital,2025-09-23,Outpatient Department,Outpatient,360,340,266,0,0,0,0,Hospital Information System,True
EN001350,KPJ_01,JCORP Specialist Hospital,2025-09-23,Inpatient Wards,Inpatient,79,0,42,13,16,1,1,Hospital Information System,True
EN001351,KPJ_01,JCORP Specialist Hospital,2025-09-24,Emergency Department,Emergency,163,150,50,0,0,0,0,Hospital Information System,True
EN001352,KPJ_01,JCORP Specialist Hospital,2025-09-24,Outpatient Department,Outpatient,310,292,218,0,0,0,0,Hospital Information System,True
EN001353,KPJ_01,JCORP Specialist Hospital,2025-09-24,Inpatient Wards,Inpatient,89,0,47,16,15,1,1,Hospital Information System,True
EN001354,KPJ_01,JCORP Specialist Hospital,2025-09-25,Emergency Department,Emergency,167,157,66,0,0,0,0,Hospital Information System,True
EN001355,KPJ_01,JCORP Specialist Hospital,2025-09-25,Outpatient Department,Outpatient,336,322,262,0,0,0,0,Hospital Information System,True
EN001356,KPJ_01,JCORP Specialist Hospital,2025-09-25,Inpatient Wards,Inpatient,85,0,49,14,14,1,0,Hospital Information System,True
EN001357,KPJ_01,JCORP Specialist Hospital,2025-09-26,Emergency Department,Emergency,168,151,60,0,0,0,0,Hospital Information System,True
EN001358,KPJ_01,JCORP Specialist Hospital,2025-09-26,Outpatient Department,Outpatient,358,334,275,0,0,0,0,Hospital Information System,True
EN001359,KPJ_01,JCORP Specialist Hospital,2025-09-26,Inpatient Wards,Inpatient,81,0,42,18,17,2,3,Hospital Information System,True
EN001360,KPJ_01,JCORP Specialist Hospital,2025-09-27,Emergency Department,Emergency,181,162,61,0,0,0,0,Hospital Information System,True
EN001361,KPJ_01,JCORP Specialist Hospital,2025-09-27,Outpatient Department,Outpatient,118,114,87,0,0,0,0,Hospital Information System,True
EN001362,KPJ_01,JCORP Specialist Hospital,2025-09-27,Inpatient Wards,Inpatient,81,0,42,18,21,2,2,Hospital Information System,True
EN001363,KPJ_01,JCORP Specialist Hospital,2025-09-28,Emergency Department,Emergency,174,155,66,0,0,0,0,Hospital Information System,True
EN001364,KPJ_01,JCORP Specialist Hospital,2025-09-28,Outpatient Department,Outpatient,111,107,88,0,0,0,0,Hospital Information System,True
EN001365,KPJ_01,JCORP Specialist Hospital,2025-09-28,Inpatient Wards,Inpatient,88,0,52,15,15,2,1,Hospital Information System,True
EN001366,KPJ_01,JCORP Specialist Hospital,2025-09-29,Emergency Department,Emergency,158,144,48,0,0,0,0,Hospital Information System,True
EN001367,KPJ_01,JCORP Specialist Hospital,2025-09-29,Outpatient Department,Outpatient,385,372,270,0,0,0,0,Hospital Information System,True
EN001368,KPJ_01,JCORP Specialist Hospital,2025-09-29,Inpatient Wards,Inpatient,85,0,44,15,17,2,2,Hospital Information System,True
EN001369,KPJ_01,JCORP Specialist Hospital,2025-09-30,Emergency Department,Emergency,155,143,48,0,0,0,0,Hospital Information System,True
EN001370,KPJ_01,JCORP Specialist Hospital,2025-09-30,Outpatient Department,Outpatient,296,285,210,0,0,0,0,Hospital Information System,True
EN001371,KPJ_01,JCORP Specialist Hospital,2025-09-30,Inpatient Wards,Inpatient,88,0,48,10,9,3,2,Hospital Information System,True
EN001372,KPJ_01,JCORP Specialist Hospital,2025-10-01,Emergency Department,Emergency,151,141,53,0,0,0,0,Hospital Information System,True
EN001373,KPJ_01,JCORP Specialist Hospital,2025-10-01,Outpatient Department,Outpatient,376,365,270,0,0,0,0,Hospital Information System,True
EN001374,KPJ_01,JCORP Specialist Hospital,2025-10-01,Inpatient Wards,Inpatient,89,0,50,18,17,1,3,Hospital Information System,True
EN001375,KPJ_01,JCORP Specialist Hospital,2025-10-02,Emergency Department,Emergency,149,137,50,0,0,0,0,Hospital Information System,True
EN001376,KPJ_01,JCORP Specialist Hospital,2025-10-02,Outpatient Department,Outpatient,364,340,272,0,0,0,0,Hospital Information System,True
EN001377,KPJ_01,JCORP Specialist Hospital,2025-10-02,Inpatient Wards,Inpatient,100,0,58,19,18,2,1,Hospital Information System,True
EN001378,KPJ_01,JCORP Specialist Hospital,2025-10-03,Emergency Department,Emergency,165,154,56,0,0,0,0,Hospital Information System,True
EN001379,KPJ_01,JCORP Specialist Hospital,2025-10-03,Outpatient Department,Outpatient,351,329,249,0,0,0,0,Hospital Information System,True
EN001380,KPJ_01,JCORP Specialist Hospital,2025-10-03,Inpatient Wards,Inpatient,86,0,50,16,15,0,1,Hospital Information System,True
EN001381,KPJ_01,JCORP Specialist Hospital,2025-10-04,Emergency Department,Emergency,191,179,60,0,0,0,0,Hospital Information System,True
EN001382,KPJ_01,JCORP Specialist Hospital,2025-10-04,Outpatient Department,Outpatient,129,121,102,0,0,0,0,Hospital Information System,True
EN001383,KPJ_01,JCORP Specialist Hospital,2025-10-04,Inpatient Wards,Inpatient,81,0,48,13,13,1,0,Hospital Information System,True
EN001384,KPJ_01,JCORP Specialist Hospital,2025-10-05,Emergency Department,Emergency,201,187,66,0,0,0,0,Hospital Information System,True
EN001385,KPJ_01,JCORP Specialist Hospital,2025-10-05,Outpatient Department,Outpatient,133,125,102,0,0,0,0,Hospital Information System,True
EN001386,KPJ_01,JCORP Specialist Hospital,2025-10-05,Inpatient Wards,Inpatient,82,0,49,15,15,2,3,Hospital Information System,True
EN001387,KPJ_01,JCORP Specialist Hospital,2025-10-06,Emergency Department,Emergency,164,148,65,0,0,0,0,Hospital Information System,True
EN001388,KPJ_01,JCORP Specialist Hospital,2025-10-06,Outpatient Department,Outpatient,372,348,272,0,0,0,0,Hospital Information System,True
EN001389,KPJ_01,JCORP Specialist Hospital,2025-10-06,Inpatient Wards,Inpatient,89,0,45,14,14,1,1,Hospital Information System,True
EN001390,KPJ_01,JCORP Specialist Hospital,2025-10-07,Emergency Department,Emergency,170,153,67,0,0,0,0,Hospital Information System,True
EN001391,KPJ_01,JCORP Specialist Hospital,2025-10-07,Outpatient Department,Outpatient,338,319,249,0,0,0,0,Hospital Information System,True
EN001392,KPJ_01,JCORP Specialist Hospital,2025-10-07,Inpatient Wards,Inpatient,75,0,44,13,14,2,1,Hospital Information System,True
EN001393,KPJ_01,JCORP Specialist Hospital,2025-10-08,Emergency Department,Emergency,173,155,55,0,0,0,0,Hospital Information System,True
EN001394,KPJ_01,JCORP Specialist Hospital,2025-10-08,Outpatient Department,Outpatient,376,361,287,0,0,0,0,Hospital Information System,True
EN001395,KPJ_01,JCORP Specialist Hospital,2025-10-08,Inpatient Wards,Inpatient,92,0,47,18,16,2,2,Hospital Information System,True
EN001396,KPJ_01,JCORP Specialist Hospital,2025-10-09,Emergency Department,Emergency,150,139,46,0,0,0,0,Hospital Information System,True
EN001397,KPJ_01,JCORP Specialist Hospital,2025-10-09,Outpatient Department,Outpatient,328,302,254,0,0,0,0,Hospital Information System,True
EN001398,KPJ_01,JCORP Specialist Hospital,2025-10-09,Inpatient Wards,Inpatient,93,0,50,17,16,2,2,Hospital Information System,True
EN001399,KPJ_01,JCORP Specialist Hospital,2025-10-10,Emergency Department,Emergency,174,157,60,0,0,0,0,Hospital Information System,True
EN001400,KPJ_01,JCORP Specialist Hospital,2025-10-10,Outpatient Department,Outpatient,361,334,283,0,0,0,0,Hospital Information System,True
EN001401,KPJ_01,JCORP Specialist Hospital,2025-10-10,Inpatient Wards,Inpatient,94,0,52,16,13,2,2,Hospital Information System,True
EN001402,KPJ_01,JCORP Specialist Hospital,2025-10-11,Emergency Department,Emergency,183,165,56,0,0,0,0,Hospital Information System,True
EN001403,KPJ_01,JCORP Specialist Hospital,2025-10-11,Outpatient Department,Outpatient,124,117,91,0,0,0,0,Hospital Information System,True
EN001404,KPJ_01,JCORP Specialist Hospital,2025-10-11,Inpatient Wards,Inpatient,98,0,52,19,17,2,1,Hospital Information System,True
EN001405,KPJ_01,JCORP Specialist Hospital,2025-10-12,Emergency Department,Emergency,198,184,79,0,0,0,0,Hospital Information System,True
EN001406,KPJ_01,JCORP Specialist Hospital,2025-10-12,Outpatient Department,Outpatient,138,130,103,0,0,0,0,Hospital Information System,True
EN001407,KPJ_01,JCORP Specialist Hospital,2025-10-12,Inpatient Wards,Inpatient,86,0,46,17,16,2,2,Hospital Information System,True
EN001408,KPJ_01,JCORP Specialist Hospital,2025-10-13,Emergency Department,Emergency,170,156,54,0,0,0,0,Hospital Information System,True
EN001409,KPJ_01,JCORP Specialist Hospital,2025-10-13,Outpatient Department,Outpatient,357,334,261,0,0,0,0,Hospital Information System,True
EN001410,KPJ_01,JCORP Specialist Hospital,2025-10-13,Inpatient Wards,Inpatient,94,0,52,18,15,2,1,Hospital Information System,True
EN001411,KPJ_01,JCORP Specialist Hospital,2025-10-14,Emergency Department,Emergency,179,162,67,0,0,0,0,Hospital Information System,True
EN001412,KPJ_01,JCORP Specialist Hospital,2025-10-14,Outpatient Department,Outpatient,343,319,270,0,0,0,0,Hospital Information System,True
EN001413,KPJ_01,JCORP Specialist Hospital,2025-10-14,Inpatient Wards,Inpatient,80,0,45,14,13,4,3,Hospital Information System,True
EN001414,KPJ_01,JCORP Specialist Hospital,2025-10-15,Emergency Department,Emergency,150,136,53,0,0,0,0,Hospital Information System,True
EN001415,KPJ_01,JCORP Specialist Hospital,2025-10-15,Outpatient Department,Outpatient,300,277,231,0,0,0,0,Hospital Information System,True
EN001416,KPJ_01,JCORP Specialist Hospital,2025-10-15,Inpatient Wards,Inpatient,89,0,48,17,14,1,1,Hospital Information System,True
EN001417,KPJ_01,JCORP Specialist Hospital,2025-10-16,Emergency Department,Emergency,172,157,67,0,0,0,0,Hospital Information System,True
EN001418,KPJ_01,JCORP Specialist Hospital,2025-10-16,Outpatient Department,Outpatient,366,339,282,0,0,0,0,Hospital Information System,True
EN001419,KPJ_01,JCORP Specialist Hospital,2025-10-16,Inpatient Wards,Inpatient,84,0,44,17,16,2,3,Hospital Information System,True
EN001420,KPJ_01,JCORP Specialist Hospital,2025-10-17,Emergency Department,Emergency,184,171,71,0,0,0,0,Hospital Information System,True
EN001421,KPJ_01,JCORP Specialist Hospital,2025-10-17,Outpatient Department,Outpatient,303,283,240,0,0,0,0,Hospital Information System,True
EN001422,KPJ_01,JCORP Specialist Hospital,2025-10-17,Inpatient Wards,Inpatient,84,0,48,15,11,2,2,Hospital Information System,True
EN001423,KPJ_01,JCORP Specialist Hospital,2025-10-18,Emergency Department,Emergency,200,186,77,0,0,0,0,Hospital Information System,True
EN001424,KPJ_01,JCORP Specialist Hospital,2025-10-18,Outpatient Department,Outpatient,123,117,88,0,0,0,0,Hospital Information System,True
EN001425,KPJ_01,JCORP Specialist Hospital,2025-10-18,Inpatient Wards,Inpatient,95,0,51,18,18,3,0,Hospital Information System,True
EN001426,KPJ_01,JCORP Specialist Hospital,2025-10-19,Emergency Department,Emergency,188,175,66,0,0,0,0,Hospital Information System,True
EN001427,KPJ_01,JCORP Specialist Hospital,2025-10-19,Outpatient Department,Outpatient,137,127,109,0,0,0,0,Hospital Information System,True
EN001428,KPJ_01,JCORP Specialist Hospital,2025-10-19,Inpatient Wards,Inpatient,79,0,46,12,12,3,1,Hospital Information System,True
EN001429,KPJ_01,JCORP Specialist Hospital,2025-10-20,Emergency Department,Emergency,162,148,50,0,0,0,0,Hospital Information System,True
EN001430,KPJ_01,JCORP Specialist Hospital,2025-10-20,Outpatient Department,Outpatient,395,365,299,0,0,0,0,Hospital Information System,True
EN001431,KPJ_01,JCORP Specialist Hospital,2025-10-20,Inpatient Wards,Inpatient,94,0,52,17,17,3,1,Hospital Information System,True
EN001432,KPJ_01,JCORP Specialist Hospital,2025-10-21,Emergency Department,Emergency,162,152,64,0,0,0,0,Hospital Information System,True
EN001433,KPJ_01,JCORP Specialist Hospital,2025-10-21,Outpatient Department,Outpatient,390,372,311,0,0,0,0,Hospital Information System,True
EN001434,KPJ_01,JCORP Specialist Hospital,2025-10-21,Inpatient Wards,Inpatient,86,0,46,17,16,3,3,Hospital Information System,True
EN001435,KPJ_01,JCORP Specialist Hospital,2025-10-22,Emergency Department,Emergency,156,146,50,0,0,0,0,Hospital Information System,True
EN001436,KPJ_01,JCORP Specialist Hospital,2025-10-22,Outpatient Department,Outpatient,356,330,252,0,0,0,0,Hospital Information System,True
EN001437,KPJ_01,JCORP Specialist Hospital,2025-10-22,Inpatient Wards,Inpatient,93,0,53,15,16,2,3,Hospital Information System,True
EN001438,KPJ_01,JCORP Specialist Hospital,2025-10-23,Emergency Department,Emergency,172,161,64,0,0,0,0,Hospital Information System,True
EN001439,KPJ_01,JCORP Specialist Hospital,2025-10-23,Outpatient Department,Outpatient,307,297,238,0,0,0,0,Hospital Information System,True
EN001440,KPJ_01,JCORP Specialist Hospital,2025-10-23,Inpatient Wards,Inpatient,99,0,57,17,16,1,1,Hospital Information System,True
EN001441,KPJ_01,JCORP Specialist Hospital,2025-10-24,Emergency Department,Emergency,185,172,64,0,0,0,0,Hospital Information System,True
EN001442,KPJ_01,JCORP Specialist Hospital,2025-10-24,Outpatient Department,Outpatient,352,337,248,0,0,0,0,Hospital Information System,True
EN001443,KPJ_01,JCORP Specialist Hospital,2025-10-24,Inpatient Wards,Inpatient,90,0,50,17,19,0,2,Hospital Information System,True
EN001444,KPJ_01,JCORP Specialist Hospital,2025-10-25,Emergency Department,Emergency,188,172,73,0,0,0,0,Hospital Information System,True
EN001445,KPJ_01,JCORP Specialist Hospital,2025-10-25,Outpatient Department,Outpatient,135,126,107,0,0,0,0,Hospital Information System,True
EN001446,KPJ_01,JCORP Specialist Hospital,2025-10-25,Inpatient Wards,Inpatient,72,0,38,15,12,1,2,Hospital Information System,True
EN001447,KPJ_01,JCORP Specialist Hospital,2025-10-26,Emergency Department,Emergency,222,206,78,0,0,0,0,Hospital Information System,True
EN001448,KPJ_01,JCORP Specialist Hospital,2025-10-26,Outpatient Department,Outpatient,123,115,88,0,0,0,0,Hospital Information System,True
EN001449,KPJ_01,JCORP Specialist Hospital,2025-10-26,Inpatient Wards,Inpatient,81,0,47,12,10,2,1,Hospital Information System,True
EN001450,KPJ_01,JCORP Specialist Hospital,2025-10-27,Emergency Department,Emergency,163,148,60,0,0,0,0,Hospital Information System,True
EN001451,KPJ_01,JCORP Specialist Hospital,2025-10-27,Outpatient Department,Outpatient,396,379,283,0,0,0,0,Hospital Information System,True
EN001452,KPJ_01,JCORP Specialist Hospital,2025-10-27,Inpatient Wards,Inpatient,90,0,46,15,14,1,1,Hospital Information System,True
EN001453,KPJ_01,JCORP Specialist Hospital,2025-10-28,Emergency Department,Emergency,173,156,69,0,0,0,0,Hospital Information System,True
EN001454,KPJ_01,JCORP Specialist Hospital,2025-10-28,Outpatient Department,Outpatient,326,313,243,0,0,0,0,Hospital Information System,True
EN001455,KPJ_01,JCORP Specialist Hospital,2025-10-28,Inpatient Wards,Inpatient,92,0,54,19,18,2,1,Hospital Information System,True
EN001456,KPJ_01,JCORP Specialist Hospital,2025-10-29,Emergency Department,Emergency,180,165,65,0,0,0,0,Hospital Information System,True
EN001457,KPJ_01,JCORP Specialist Hospital,2025-10-29,Outpatient Department,Outpatient,343,328,244,0,0,0,0,Hospital Information System,True
EN001458,KPJ_01,JCORP Specialist Hospital,2025-10-29,Inpatient Wards,Inpatient,104,0,57,22,22,2,2,Hospital Information System,True
EN001459,KPJ_01,JCORP Specialist Hospital,2025-10-30,Emergency Department,Emergency,171,159,59,0,0,0,0,Hospital Information System,True
EN001460,KPJ_01,JCORP Specialist Hospital,2025-10-30,Outpatient Department,Outpatient,314,293,249,0,0,0,0,Hospital Information System,True
EN001461,KPJ_01,JCORP Specialist Hospital,2025-10-30,Inpatient Wards,Inpatient,95,0,48,14,9,0,3,Hospital Information System,True
EN001462,KPJ_01,JCORP Specialist Hospital,2025-10-31,Emergency Department,Emergency,166,154,59,0,0,0,0,Hospital Information System,True
EN001463,KPJ_01,JCORP Specialist Hospital,2025-10-31,Outpatient Department,Outpatient,334,312,252,0,0,0,0,Hospital Information System,True
EN001464,KPJ_01,JCORP Specialist Hospital,2025-10-31,Inpatient Wards,Inpatient,96,0,52,16,19,0,2,Hospital Information System,True
EN001465,KPJ_01,JCORP Specialist Hospital,2025-11-01,Emergency Department,Emergency,190,176,75,0,0,0,0,Hospital Information System,True
EN001466,KPJ_01,JCORP Specialist Hospital,2025-11-01,Outpatient Department,Outpatient,124,115,90,0,0,0,0,Hospital Information System,True
EN001467,KPJ_01,JCORP Specialist Hospital,2025-11-01,Inpatient Wards,Inpatient,81,0,43,11,10,3,1,Hospital Information System,True
EN001468,KPJ_01,JCORP Specialist Hospital,2025-11-02,Emergency Department,Emergency,195,179,64,0,0,0,0,Hospital Information System,True
EN001469,KPJ_01,JCORP Specialist Hospital,2025-11-02,Outpatient Department,Outpatient,157,147,114,0,0,0,0,Hospital Information System,True
EN001470,KPJ_01,JCORP Specialist Hospital,2025-11-02,Inpatient Wards,Inpatient,85,0,45,18,18,2,1,Hospital Information System,True
EN001471,KPJ_01,JCORP Specialist Hospital,2025-11-03,Emergency Department,Emergency,149,139,46,0,0,0,0,Hospital Information System,True
EN001472,KPJ_01,JCORP Specialist Hospital,2025-11-03,Outpatient Department,Outpatient,409,379,292,0,0,0,0,Hospital Information System,True
EN001473,KPJ_01,JCORP Specialist Hospital,2025-11-03,Inpatient Wards,Inpatient,97,0,54,16,15,1,2,Hospital Information System,True
EN001474,KPJ_01,JCORP Specialist Hospital,2025-11-04,Emergency Department,Emergency,194,181,62,0,0,0,0,Hospital Information System,True
EN001475,KPJ_01,JCORP Specialist Hospital,2025-11-04,Outpatient Department,Outpatient,356,334,272,0,0,0,0,Hospital Information System,True
EN001476,KPJ_01,JCORP Specialist Hospital,2025-11-04,Inpatient Wards,Inpatient,90,0,46,12,14,2,1,Hospital Information System,True
EN001477,KPJ_01,JCORP Specialist Hospital,2025-11-05,Emergency Department,Emergency,180,169,62,0,0,0,0,Hospital Information System,True
EN001478,KPJ_01,JCORP Specialist Hospital,2025-11-05,Outpatient Department,Outpatient,340,315,269,0,0,0,0,Hospital Information System,True
EN001479,KPJ_01,JCORP Specialist Hospital,2025-11-05,Inpatient Wards,Inpatient,82,0,47,13,13,1,2,Hospital Information System,True
EN001480,KPJ_01,JCORP Specialist Hospital,2025-11-06,Emergency Department,Emergency,148,139,47,0,0,0,0,Hospital Information System,True
EN001481,KPJ_01,JCORP Specialist Hospital,2025-11-06,Outpatient Department,Outpatient,272,261,208,0,0,0,0,Hospital Information System,True
EN001482,KPJ_01,JCORP Specialist Hospital,2025-11-06,Inpatient Wards,Inpatient,83,0,46,15,14,1,1,Hospital Information System,True
EN001483,KPJ_01,JCORP Specialist Hospital,2025-11-07,Emergency Department,Emergency,191,175,67,0,0,0,0,Hospital Information System,True
EN001484,KPJ_01,JCORP Specialist Hospital,2025-11-07,Outpatient Department,Outpatient,359,345,287,0,0,0,0,Hospital Information System,True
EN001485,KPJ_01,JCORP Specialist Hospital,2025-11-07,Inpatient Wards,Inpatient,95,0,48,17,14,1,2,Hospital Information System,True
EN001486,KPJ_01,JCORP Specialist Hospital,2025-11-08,Emergency Department,Emergency,193,181,66,0,0,0,0,Hospital Information System,True
EN001487,KPJ_01,JCORP Specialist Hospital,2025-11-08,Outpatient Department,Outpatient,135,127,108,0,0,0,0,Hospital Information System,True
EN001488,KPJ_01,JCORP Specialist Hospital,2025-11-08,Inpatient Wards,Inpatient,77,0,40,12,10,2,2,Hospital Information System,True
EN001489,KPJ_01,JCORP Specialist Hospital,2025-11-09,Emergency Department,Emergency,187,168,71,0,0,0,0,Hospital Information System,True
EN001490,KPJ_01,JCORP Specialist Hospital,2025-11-09,Outpatient Department,Outpatient,127,120,99,0,0,0,0,Hospital Information System,True
EN001491,KPJ_01,JCORP Specialist Hospital,2025-11-09,Inpatient Wards,Inpatient,81,0,44,16,15,2,2,Hospital Information System,True
EN001492,KPJ_01,JCORP Specialist Hospital,2025-11-10,Emergency Department,Emergency,155,140,59,0,0,0,0,Hospital Information System,True
EN001493,KPJ_01,JCORP Specialist Hospital,2025-11-10,Outpatient Department,Outpatient,396,374,291,0,0,0,0,Hospital Information System,True
EN001494,KPJ_01,JCORP Specialist Hospital,2025-11-10,Inpatient Wards,Inpatient,101,0,51,20,17,3,3,Hospital Information System,True
EN001495,KPJ_01,JCORP Specialist Hospital,2025-11-11,Emergency Department,Emergency,171,156,55,0,0,0,0,Hospital Information System,True
EN001496,KPJ_01,JCORP Specialist Hospital,2025-11-11,Outpatient Department,Outpatient,290,280,221,0,0,0,0,Hospital Information System,True
EN001497,KPJ_01,JCORP Specialist Hospital,2025-11-11,Inpatient Wards,Inpatient,86,0,46,13,12,2,2,Hospital Information System,True
EN001498,KPJ_01,JCORP Specialist Hospital,2025-11-12,Emergency Department,Emergency,159,145,59,0,0,0,0,Hospital Information System,True
EN001499,KPJ_01,JCORP Specialist Hospital,2025-11-12,Outpatient Department,Outpatient,307,297,239,0,0,0,0,Hospital Information System,True
EN001500,KPJ_01,JCORP Specialist Hospital,2025-11-12,Inpatient Wards,Inpatient,92,0,53,17,19,1,2,Hospital Information System,True
EN001501,KPJ_01,JCORP Specialist Hospital,2025-11-13,Emergency Department,Emergency,178,165,70,0,0,0,0,Hospital Information System,True
EN001502,KPJ_01,JCORP Specialist Hospital,2025-11-13,Outpatient Department,Outpatient,319,298,254,0,0,0,0,Hospital Information System,True
EN001503,KPJ_01,JCORP Specialist Hospital,2025-11-13,Inpatient Wards,Inpatient,93,0,47,14,15,2,0,Hospital Information System,True
EN001504,KPJ_01,JCORP Specialist Hospital,2025-11-14,Emergency Department,Emergency,160,143,58,0,0,0,0,Hospital Information System,True
EN001505,KPJ_01,JCORP Specialist Hospital,2025-11-14,Outpatient Department,Outpatient,331,309,241,0,0,0,0,Hospital Information System,True
EN001506,KPJ_01,JCORP Specialist Hospital,2025-11-14,Inpatient Wards,Inpatient,95,0,52,17,16,2,2,Hospital Information System,True
EN001507,KPJ_01,JCORP Specialist Hospital,2025-11-15,Emergency Department,Emergency,217,202,80,0,0,0,0,Hospital Information System,True
EN001508,KPJ_01,JCORP Specialist Hospital,2025-11-15,Outpatient Department,Outpatient,118,114,93,0,0,0,0,Hospital Information System,True
EN001509,KPJ_01,JCORP Specialist Hospital,2025-11-15,Inpatient Wards,Inpatient,89,0,50,16,17,0,2,Hospital Information System,True
EN001510,KPJ_01,JCORP Specialist Hospital,2025-11-16,Emergency Department,Emergency,193,173,65,0,0,0,0,Hospital Information System,True
EN001511,KPJ_01,JCORP Specialist Hospital,2025-11-16,Outpatient Department,Outpatient,124,118,96,0,0,0,0,Hospital Information System,True
EN001512,KPJ_01,JCORP Specialist Hospital,2025-11-16,Inpatient Wards,Inpatient,76,0,45,13,11,0,2,Hospital Information System,True
EN001513,KPJ_01,JCORP Specialist Hospital,2025-11-17,Emergency Department,Emergency,189,170,65,0,0,0,0,Hospital Information System,True
EN001514,KPJ_01,JCORP Specialist Hospital,2025-11-17,Outpatient Department,Outpatient,343,320,258,0,0,0,0,Hospital Information System,True
EN001515,KPJ_01,JCORP Specialist Hospital,2025-11-17,Inpatient Wards,Inpatient,77,0,46,14,14,3,1,Hospital Information System,True
EN001516,KPJ_01,JCORP Specialist Hospital,2025-11-18,Emergency Department,Emergency,139,127,55,0,0,0,0,Hospital Information System,True
EN001517,KPJ_01,JCORP Specialist Hospital,2025-11-18,Outpatient Department,Outpatient,342,319,255,0,0,0,0,Hospital Information System,True
EN001518,KPJ_01,JCORP Specialist Hospital,2025-11-18,Inpatient Wards,Inpatient,97,0,58,16,14,1,2,Hospital Information System,True
EN001519,KPJ_01,JCORP Specialist Hospital,2025-11-19,Emergency Department,Emergency,169,156,59,0,0,0,0,Hospital Information System,True
EN001520,KPJ_01,JCORP Specialist Hospital,2025-11-19,Outpatient Department,Outpatient,310,289,242,0,0,0,0,Hospital Information System,True
EN001521,KPJ_01,JCORP Specialist Hospital,2025-11-19,Inpatient Wards,Inpatient,88,0,50,15,12,2,2,Hospital Information System,True
EN001522,KPJ_01,JCORP Specialist Hospital,2025-11-20,Emergency Department,Emergency,185,168,58,0,0,0,0,Hospital Information System,True
EN001523,KPJ_01,JCORP Specialist Hospital,2025-11-20,Outpatient Department,Outpatient,357,334,264,0,0,0,0,Hospital Information System,True
EN001524,KPJ_01,JCORP Specialist Hospital,2025-11-20,Inpatient Wards,Inpatient,90,0,49,15,16,1,2,Hospital Information System,True
EN001525,KPJ_01,JCORP Specialist Hospital,2025-11-21,Emergency Department,Emergency,182,167,58,0,0,0,0,Hospital Information System,True
EN001526,KPJ_01,JCORP Specialist Hospital,2025-11-21,Outpatient Department,Outpatient,335,315,246,0,0,0,0,Hospital Information System,True
EN001527,KPJ_01,JCORP Specialist Hospital,2025-11-21,Inpatient Wards,Inpatient,96,0,52,16,11,2,1,Hospital Information System,True
EN001528,KPJ_01,JCORP Specialist Hospital,2025-11-22,Emergency Department,Emergency,168,152,66,0,0,0,0,Hospital Information System,True
EN001529,KPJ_01,JCORP Specialist Hospital,2025-11-22,Outpatient Department,Outpatient,110,105,81,0,0,0,0,Hospital Information System,True
EN001530,KPJ_01,JCORP Specialist Hospital,2025-11-22,Inpatient Wards,Inpatient,84,0,43,14,12,0,3,Hospital Information System,True
EN001531,KPJ_01,JCORP Specialist Hospital,2025-11-23,Emergency Department,Emergency,173,158,63,0,0,0,0,Hospital Information System,True
EN001532,KPJ_01,JCORP Specialist Hospital,2025-11-23,Outpatient Department,Outpatient,120,114,86,0,0,0,0,Hospital Information System,True
EN001533,KPJ_01,JCORP Specialist Hospital,2025-11-23,Inpatient Wards,Inpatient,86,0,51,15,12,1,1,Hospital Information System,True
EN001534,KPJ_01,JCORP Specialist Hospital,2025-11-24,Emergency Department,Emergency,185,170,59,0,0,0,0,Hospital Information System,True
EN001535,KPJ_01,JCORP Specialist Hospital,2025-11-24,Outpatient Department,Outpatient,352,330,261,0,0,0,0,Hospital Information System,True
EN001536,KPJ_01,JCORP Specialist Hospital,2025-11-24,Inpatient Wards,Inpatient,90,0,51,14,11,4,2,Hospital Information System,True
EN001537,KPJ_01,JCORP Specialist Hospital,2025-11-25,Emergency Department,Emergency,149,135,53,0,0,0,0,Hospital Information System,True
EN001538,KPJ_01,JCORP Specialist Hospital,2025-11-25,Outpatient Department,Outpatient,386,373,305,0,0,0,0,Hospital Information System,True
EN001539,KPJ_01,JCORP Specialist Hospital,2025-11-25,Inpatient Wards,Inpatient,96,0,53,18,16,2,2,Hospital Information System,True
EN001540,KPJ_01,JCORP Specialist Hospital,2025-11-26,Emergency Department,Emergency,171,157,60,0,0,0,0,Hospital Information System,True
EN001541,KPJ_01,JCORP Specialist Hospital,2025-11-26,Outpatient Department,Outpatient,336,319,248,0,0,0,0,Hospital Information System,True
EN001542,KPJ_01,JCORP Specialist Hospital,2025-11-26,Inpatient Wards,Inpatient,77,0,44,13,15,3,2,Hospital Information System,True
EN001543,KPJ_01,JCORP Specialist Hospital,2025-11-27,Emergency Department,Emergency,188,169,57,0,0,0,0,Hospital Information System,True
EN001544,KPJ_01,JCORP Specialist Hospital,2025-11-27,Outpatient Department,Outpatient,358,340,270,0,0,0,0,Hospital Information System,True
EN001545,KPJ_01,JCORP Specialist Hospital,2025-11-27,Inpatient Wards,Inpatient,97,0,52,19,17,1,3,Hospital Information System,True
EN001546,KPJ_01,JCORP Specialist Hospital,2025-11-28,Emergency Department,Emergency,149,138,49,0,0,0,0,Hospital Information System,True
EN001547,KPJ_01,JCORP Specialist Hospital,2025-11-28,Outpatient Department,Outpatient,366,351,262,0,0,0,0,Hospital Information System,True
EN001548,KPJ_01,JCORP Specialist Hospital,2025-11-28,Inpatient Wards,Inpatient,86,0,44,15,9,3,2,Hospital Information System,True
EN001549,KPJ_01,JCORP Specialist Hospital,2025-11-29,Emergency Department,Emergency,206,193,70,0,0,0,0,Hospital Information System,True
EN001550,KPJ_01,JCORP Specialist Hospital,2025-11-29,Outpatient Department,Outpatient,119,114,88,0,0,0,0,Hospital Information System,True
EN001551,KPJ_01,JCORP Specialist Hospital,2025-11-29,Inpatient Wards,Inpatient,82,0,45,13,9,1,2,Hospital Information System,True
EN001552,KPJ_01,JCORP Specialist Hospital,2025-11-30,Emergency Department,Emergency,202,188,77,0,0,0,0,Hospital Information System,True
EN001553,KPJ_01,JCORP Specialist Hospital,2025-11-30,Outpatient Department,Outpatient,123,114,90,0,0,0,0,Hospital Information System,True
EN001554,KPJ_01,JCORP Specialist Hospital,2025-11-30,Inpatient Wards,Inpatient,86,0,43,18,16,2,2,Hospital Information System,True
EN001555,KPJ_01,JCORP Specialist Hospital,2025-12-01,Emergency Department,Emergency,167,157,51,0,0,0,0,Hospital Information System,True
EN001556,KPJ_01,JCORP Specialist Hospital,2025-12-01,Outpatient Department,Outpatient,367,342,283,0,0,0,0,Hospital Information System,True
EN001557,KPJ_01,JCORP Specialist Hospital,2025-12-01,Inpatient Wards,Inpatient,85,0,43,18,19,1,2,Hospital Information System,True
EN001558,KPJ_01,JCORP Specialist Hospital,2025-12-02,Emergency Department,Emergency,180,163,68,0,0,0,0,Hospital Information System,True
EN001559,KPJ_01,JCORP Specialist Hospital,2025-12-02,Outpatient Department,Outpatient,331,307,248,0,0,0,0,Hospital Information System,True
EN001560,KPJ_01,JCORP Specialist Hospital,2025-12-02,Inpatient Wards,Inpatient,87,0,48,16,19,3,2,Hospital Information System,True
EN001561,KPJ_01,JCORP Specialist Hospital,2025-12-03,Emergency Department,Emergency,153,142,51,0,0,0,0,Hospital Information System,True
EN001562,KPJ_01,JCORP Specialist Hospital,2025-12-03,Outpatient Department,Outpatient,347,322,258,0,0,0,0,Hospital Information System,True
EN001563,KPJ_01,JCORP Specialist Hospital,2025-12-03,Inpatient Wards,Inpatient,81,0,49,13,19,1,1,Hospital Information System,True
EN001564,KPJ_01,JCORP Specialist Hospital,2025-12-04,Emergency Department,Emergency,179,162,55,0,0,0,0,Hospital Information System,True
EN001565,KPJ_01,JCORP Specialist Hospital,2025-12-04,Outpatient Department,Outpatient,307,293,244,0,0,0,0,Hospital Information System,True
EN001566,KPJ_01,JCORP Specialist Hospital,2025-12-04,Inpatient Wards,Inpatient,97,0,52,18,17,2,1,Hospital Information System,True
EN001567,KPJ_01,JCORP Specialist Hospital,2025-12-05,Emergency Department,Emergency,155,144,47,0,0,0,0,Hospital Information System,True
EN001568,KPJ_01,JCORP Specialist Hospital,2025-12-05,Outpatient Department,Outpatient,351,335,266,0,0,0,0,Hospital Information System,True
EN001569,KPJ_01,JCORP Specialist Hospital,2025-12-05,Inpatient Wards,Inpatient,88,0,52,18,15,3,3,Hospital Information System,True
EN001570,KPJ_01,JCORP Specialist Hospital,2025-12-06,Emergency Department,Emergency,194,182,71,0,0,0,0,Hospital Information System,True
EN001571,KPJ_01,JCORP Specialist Hospital,2025-12-06,Outpatient Department,Outpatient,111,104,83,0,0,0,0,Hospital Information System,True
EN001572,KPJ_01,JCORP Specialist Hospital,2025-12-06,Inpatient Wards,Inpatient,81,0,47,12,12,1,2,Hospital Information System,True
EN001573,KPJ_01,JCORP Specialist Hospital,2025-12-07,Emergency Department,Emergency,186,167,59,0,0,0,0,Hospital Information System,True
EN001574,KPJ_01,JCORP Specialist Hospital,2025-12-07,Outpatient Department,Outpatient,118,109,85,0,0,0,0,Hospital Information System,True
EN001575,KPJ_01,JCORP Specialist Hospital,2025-12-07,Inpatient Wards,Inpatient,79,0,42,11,11,3,1,Hospital Information System,True
EN001576,KPJ_01,JCORP Specialist Hospital,2025-12-08,Emergency Department,Emergency,151,138,51,0,0,0,0,Hospital Information System,True
EN001577,KPJ_01,JCORP Specialist Hospital,2025-12-08,Outpatient Department,Outpatient,392,366,309,0,0,0,0,Hospital Information System,True
EN001578,KPJ_01,JCORP Specialist Hospital,2025-12-08,Inpatient Wards,Inpatient,86,0,47,17,16,2,1,Hospital Information System,True
EN001579,KPJ_01,JCORP Specialist Hospital,2025-12-09,Emergency Department,Emergency,157,146,56,0,0,0,0,Hospital Information System,True
EN001580,KPJ_01,JCORP Specialist Hospital,2025-12-09,Outpatient Department,Outpatient,335,320,267,0,0,0,0,Hospital Information System,True
EN001581,KPJ_01,JCORP Specialist Hospital,2025-12-09,Inpatient Wards,Inpatient,89,0,53,16,16,1,1,Hospital Information System,True
EN001582,KPJ_01,JCORP Specialist Hospital,2025-12-10,Emergency Department,Emergency,161,148,64,0,0,0,0,Hospital Information System,True
EN001583,KPJ_01,JCORP Specialist Hospital,2025-12-10,Outpatient Department,Outpatient,338,314,243,0,0,0,0,Hospital Information System,True
EN001584,KPJ_01,JCORP Specialist Hospital,2025-12-10,Inpatient Wards,Inpatient,88,0,50,13,12,2,1,Hospital Information System,True
EN001585,KPJ_01,JCORP Specialist Hospital,2025-12-11,Emergency Department,Emergency,172,157,69,0,0,0,0,Hospital Information System,True
EN001586,KPJ_01,JCORP Specialist Hospital,2025-12-11,Outpatient Department,Outpatient,362,347,261,0,0,0,0,Hospital Information System,True
EN001587,KPJ_01,JCORP Specialist Hospital,2025-12-11,Inpatient Wards,Inpatient,90,0,46,15,17,3,0,Hospital Information System,True
EN001588,KPJ_01,JCORP Specialist Hospital,2025-12-12,Emergency Department,Emergency,171,161,53,0,0,0,0,Hospital Information System,True
EN001589,KPJ_01,JCORP Specialist Hospital,2025-12-12,Outpatient Department,Outpatient,361,343,262,0,0,0,0,Hospital Information System,True
EN001590,KPJ_01,JCORP Specialist Hospital,2025-12-12,Inpatient Wards,Inpatient,88,0,49,18,16,2,2,Hospital Information System,True
EN001591,KPJ_01,JCORP Specialist Hospital,2025-12-13,Emergency Department,Emergency,189,176,58,0,0,0,0,Hospital Information System,True
EN001592,KPJ_01,JCORP Specialist Hospital,2025-12-13,Outpatient Department,Outpatient,114,107,84,0,0,0,0,Hospital Information System,True
EN001593,KPJ_01,JCORP Specialist Hospital,2025-12-13,Inpatient Wards,Inpatient,95,0,51,15,15,2,1,Hospital Information System,True
EN001594,KPJ_01,JCORP Specialist Hospital,2025-12-14,Emergency Department,Emergency,183,167,67,0,0,0,0,Hospital Information System,True
EN001595,KPJ_01,JCORP Specialist Hospital,2025-12-14,Outpatient Department,Outpatient,121,114,95,0,0,0,0,Hospital Information System,True
EN001596,KPJ_01,JCORP Specialist Hospital,2025-12-14,Inpatient Wards,Inpatient,75,0,38,12,10,1,1,Hospital Information System,True
EN001597,KPJ_01,JCORP Specialist Hospital,2025-12-15,Emergency Department,Emergency,169,151,65,0,0,0,0,Hospital Information System,True
EN001598,KPJ_01,JCORP Specialist Hospital,2025-12-15,Outpatient Department,Outpatient,358,334,280,0,0,0,0,Hospital Information System,True
EN001599,KPJ_01,JCORP Specialist Hospital,2025-12-15,Inpatient Wards,Inpatient,84,0,46,15,11,1,2,Hospital Information System,True
EN001600,KPJ_01,JCORP Specialist Hospital,2025-12-16,Emergency Department,Emergency,172,160,56,0,0,0,0,Hospital Information System,True
EN001601,KPJ_01,JCORP Specialist Hospital,2025-12-16,Outpatient Department,Outpatient,385,358,287,0,0,0,0,Hospital Information System,True
EN001602,KPJ_01,JCORP Specialist Hospital,2025-12-16,Inpatient Wards,Inpatient,84,0,44,14,12,0,1,Hospital Information System,True
EN001603,KPJ_01,JCORP Specialist Hospital,2025-12-17,Emergency Department,Emergency,176,159,57,0,0,0,0,Hospital Information System,True
EN001604,KPJ_01,JCORP Specialist Hospital,2025-12-17,Outpatient Department,Outpatient,318,308,242,0,0,0,0,Hospital Information System,True
EN001605,KPJ_01,JCORP Specialist Hospital,2025-12-17,Inpatient Wards,Inpatient,81,0,44,13,11,2,1,Hospital Information System,True
EN001606,KPJ_01,JCORP Specialist Hospital,2025-12-18,Emergency Department,Emergency,158,148,59,0,0,0,0,Hospital Information System,True
EN001607,KPJ_01,JCORP Specialist Hospital,2025-12-18,Outpatient Department,Outpatient,318,294,232,0,0,0,0,Hospital Information System,True
EN001608,KPJ_01,JCORP Specialist Hospital,2025-12-18,Inpatient Wards,Inpatient,86,0,46,15,17,2,1,Hospital Information System,True
EN001609,KPJ_01,JCORP Specialist Hospital,2025-12-19,Emergency Department,Emergency,150,138,55,0,0,0,0,Hospital Information System,True
EN001610,KPJ_01,JCORP Specialist Hospital,2025-12-19,Outpatient Department,Outpatient,313,292,236,0,0,0,0,Hospital Information System,True
EN001611,KPJ_01,JCORP Specialist Hospital,2025-12-19,Inpatient Wards,Inpatient,81,0,46,12,13,2,2,Hospital Information System,True
EN001612,KPJ_01,JCORP Specialist Hospital,2025-12-20,Emergency Department,Emergency,185,171,59,0,0,0,0,Hospital Information System,True
EN001613,KPJ_01,JCORP Specialist Hospital,2025-12-20,Outpatient Department,Outpatient,133,125,100,0,0,0,0,Hospital Information System,True
EN001614,KPJ_01,JCORP Specialist Hospital,2025-12-20,Inpatient Wards,Inpatient,71,0,39,13,10,1,3,Hospital Information System,True
EN001615,KPJ_01,JCORP Specialist Hospital,2025-12-21,Emergency Department,Emergency,186,167,65,0,0,0,0,Hospital Information System,True
EN001616,KPJ_01,JCORP Specialist Hospital,2025-12-21,Outpatient Department,Outpatient,110,103,78,0,0,0,0,Hospital Information System,True
EN001617,KPJ_01,JCORP Specialist Hospital,2025-12-21,Inpatient Wards,Inpatient,78,0,46,16,15,2,2,Hospital Information System,True
EN001618,KPJ_01,JCORP Specialist Hospital,2025-12-22,Emergency Department,Emergency,163,145,63,0,0,0,0,Hospital Information System,True
EN001619,KPJ_01,JCORP Specialist Hospital,2025-12-22,Outpatient Department,Outpatient,403,371,298,0,0,0,0,Hospital Information System,True
EN001620,KPJ_01,JCORP Specialist Hospital,2025-12-22,Inpatient Wards,Inpatient,101,0,52,18,14,3,1,Hospital Information System,True
EN001621,KPJ_01,JCORP Specialist Hospital,2025-12-23,Emergency Department,Emergency,164,153,52,0,0,0,0,Hospital Information System,True
EN001622,KPJ_01,JCORP Specialist Hospital,2025-12-23,Outpatient Department,Outpatient,327,317,234,0,0,0,0,Hospital Information System,True
EN001623,KPJ_01,JCORP Specialist Hospital,2025-12-23,Inpatient Wards,Inpatient,84,0,42,16,19,1,2,Hospital Information System,True
EN001624,KPJ_01,JCORP Specialist Hospital,2025-12-24,Emergency Department,Emergency,157,145,53,0,0,0,0,Hospital Information System,True
EN001625,KPJ_01,JCORP Specialist Hospital,2025-12-24,Outpatient Department,Outpatient,355,333,268,0,0,0,0,Hospital Information System,True
EN001626,KPJ_01,JCORP Specialist Hospital,2025-12-24,Inpatient Wards,Inpatient,90,0,52,15,13,2,1,Hospital Information System,True
EN001627,KPJ_01,JCORP Specialist Hospital,2025-12-25,Emergency Department,Emergency,165,149,63,0,0,0,0,Hospital Information System,True
EN001628,KPJ_01,JCORP Specialist Hospital,2025-12-25,Outpatient Department,Outpatient,292,282,218,0,0,0,0,Hospital Information System,True
EN001629,KPJ_01,JCORP Specialist Hospital,2025-12-25,Inpatient Wards,Inpatient,80,0,41,13,11,1,0,Hospital Information System,True
EN001630,KPJ_01,JCORP Specialist Hospital,2025-12-26,Emergency Department,Emergency,156,143,54,0,0,0,0,Hospital Information System,True
EN001631,KPJ_01,JCORP Specialist Hospital,2025-12-26,Outpatient Department,Outpatient,349,336,250,0,0,0,0,Hospital Information System,True
EN001632,KPJ_01,JCORP Specialist Hospital,2025-12-26,Inpatient Wards,Inpatient,81,0,42,16,17,1,2,Hospital Information System,True
EN001633,KPJ_01,JCORP Specialist Hospital,2025-12-27,Emergency Department,Emergency,154,137,61,0,0,0,0,Hospital Information System,True
EN001634,KPJ_01,JCORP Specialist Hospital,2025-12-27,Outpatient Department,Outpatient,111,106,85,0,0,0,0,Hospital Information System,True
EN001635,KPJ_01,JCORP Specialist Hospital,2025-12-27,Inpatient Wards,Inpatient,79,0,43,11,12,3,1,Hospital Information System,True
EN001636,KPJ_01,JCORP Specialist Hospital,2025-12-28,Emergency Department,Emergency,197,183,59,0,0,0,0,Hospital Information System,True
EN001637,KPJ_01,JCORP Specialist Hospital,2025-12-28,Outpatient Department,Outpatient,136,128,96,0,0,0,0,Hospital Information System,True
EN001638,KPJ_01,JCORP Specialist Hospital,2025-12-28,Inpatient Wards,Inpatient,82,0,46,15,15,2,2,Hospital Information System,True
EN001639,KPJ_01,JCORP Specialist Hospital,2025-12-29,Emergency Department,Emergency,150,139,49,0,0,0,0,Hospital Information System,True
EN001640,KPJ_01,JCORP Specialist Hospital,2025-12-29,Outpatient Department,Outpatient,379,353,284,0,0,0,0,Hospital Information System,True
EN001641,KPJ_01,JCORP Specialist Hospital,2025-12-29,Inpatient Wards,Inpatient,80,0,41,14,14,2,2,Hospital Information System,True
EN001642,KPJ_01,JCORP Specialist Hospital,2025-12-30,Emergency Department,Emergency,169,155,63,0,0,0,0,Hospital Information System,True
EN001643,KPJ_01,JCORP Specialist Hospital,2025-12-30,Outpatient Department,Outpatient,332,314,241,0,0,0,0,Hospital Information System,True
EN001644,KPJ_01,JCORP Specialist Hospital,2025-12-30,Inpatient Wards,Inpatient,90,0,54,12,13,2,2,Hospital Information System,True
EN001645,KPJ_01,JCORP Specialist Hospital,2025-12-31,Emergency Department,Emergency,165,153,50,0,0,0,0,Hospital Information System,True
EN001646,KPJ_01,JCORP Specialist Hospital,2025-12-31,Outpatient Department,Outpatient,384,359,284,0,0,0,0,Hospital Information System,True
EN001647,KPJ_01,JCORP Specialist Hospital,2025-12-31,Inpatient Wards,Inpatient,88,0,47,15,14,2,1,Hospital Information System,True
EN001648,KPJ_01,JCORP Specialist Hospital,2026-01-01,Emergency Department,Emergency,159,148,59,0,0,0,0,Hospital Information System,True
EN001649,KPJ_01,JCORP Specialist Hospital,2026-01-01,Outpatient Department,Outpatient,303,279,217,0,0,0,0,Hospital Information System,True
EN001650,KPJ_01,JCORP Specialist Hospital,2026-01-01,Inpatient Wards,Inpatient,73,0,37,14,9,1,1,Hospital Information System,True
EN001651,KPJ_01,JCORP Specialist Hospital,2026-01-02,Emergency Department,Emergency,156,144,55,0,0,0,0,Hospital Information System,True
EN001652,KPJ_01,JCORP Specialist Hospital,2026-01-02,Outpatient Department,Outpatient,288,267,216,0,0,0,0,Hospital Information System,True
EN001653,KPJ_01,JCORP Specialist Hospital,2026-01-02,Inpatient Wards,Inpatient,80,0,43,11,6,1,2,Hospital Information System,True
EN001654,KPJ_01,JCORP Specialist Hospital,2026-01-03,Emergency Department,Emergency,184,164,56,0,0,0,0,Hospital Information System,True
EN001655,KPJ_01,JCORP Specialist Hospital,2026-01-03,Outpatient Department,Outpatient,121,113,85,0,0,0,0,Hospital Information System,True
EN001656,KPJ_01,JCORP Specialist Hospital,2026-01-03,Inpatient Wards,Inpatient,82,0,48,16,12,2,3,Hospital Information System,True
EN001657,KPJ_01,JCORP Specialist Hospital,2026-01-04,Emergency Department,Emergency,190,171,59,0,0,0,0,Hospital Information System,True
EN001658,KPJ_01,JCORP Specialist Hospital,2026-01-04,Outpatient Department,Outpatient,139,128,103,0,0,0,0,Hospital Information System,True
EN001659,KPJ_01,JCORP Specialist Hospital,2026-01-04,Inpatient Wards,Inpatient,81,0,45,14,14,2,1,Hospital Information System,True
EN001660,KPJ_01,JCORP Specialist Hospital,2026-01-05,Emergency Department,Emergency,163,146,57,0,0,0,0,Hospital Information System,True
EN001661,KPJ_01,JCORP Specialist Hospital,2026-01-05,Outpatient Department,Outpatient,400,382,304,0,0,0,0,Hospital Information System,True
EN001662,KPJ_01,JCORP Specialist Hospital,2026-01-05,Inpatient Wards,Inpatient,81,0,41,15,12,1,1,Hospital Information System,True
EN001663,KPJ_01,JCORP Specialist Hospital,2026-01-06,Emergency Department,Emergency,171,156,52,0,0,0,0,Hospital Information System,True
EN001664,KPJ_01,JCORP Specialist Hospital,2026-01-06,Outpatient Department,Outpatient,340,325,271,0,0,0,0,Hospital Information System,True
EN001665,KPJ_01,JCORP Specialist Hospital,2026-01-06,Inpatient Wards,Inpatient,81,0,45,14,12,1,3,Hospital Information System,True
EN001666,KPJ_01,JCORP Specialist Hospital,2026-01-07,Emergency Department,Emergency,179,167,62,0,0,0,0,Hospital Information System,True
EN001667,KPJ_01,JCORP Specialist Hospital,2026-01-07,Outpatient Department,Outpatient,334,318,239,0,0,0,0,Hospital Information System,True
EN001668,KPJ_01,JCORP Specialist Hospital,2026-01-07,Inpatient Wards,Inpatient,83,0,47,17,15,3,2,Hospital Information System,True
EN001669,KPJ_01,JCORP Specialist Hospital,2026-01-08,Emergency Department,Emergency,156,142,53,0,0,0,0,Hospital Information System,True
EN001670,KPJ_01,JCORP Specialist Hospital,2026-01-08,Outpatient Department,Outpatient,345,330,254,0,0,0,0,Hospital Information System,True
EN001671,KPJ_01,JCORP Specialist Hospital,2026-01-08,Inpatient Wards,Inpatient,84,0,42,13,12,2,1,Hospital Information System,True
EN001672,KPJ_01,JCORP Specialist Hospital,2026-01-09,Emergency Department,Emergency,167,155,53,0,0,0,0,Hospital Information System,True
EN001673,KPJ_01,JCORP Specialist Hospital,2026-01-09,Outpatient Department,Outpatient,347,335,250,0,0,0,0,Hospital Information System,True
EN001674,KPJ_01,JCORP Specialist Hospital,2026-01-09,Inpatient Wards,Inpatient,79,0,41,13,11,1,2,Hospital Information System,True
EN001675,KPJ_01,JCORP Specialist Hospital,2026-01-10,Emergency Department,Emergency,194,177,66,0,0,0,0,Hospital Information System,True
EN001676,KPJ_01,JCORP Specialist Hospital,2026-01-10,Outpatient Department,Outpatient,128,120,96,0,0,0,0,Hospital Information System,True
EN001677,KPJ_01,JCORP Specialist Hospital,2026-01-10,Inpatient Wards,Inpatient,88,0,53,17,19,0,1,Hospital Information System,True
EN001678,KPJ_01,JCORP Specialist Hospital,2026-01-11,Emergency Department,Emergency,187,173,63,0,0,0,0,Hospital Information System,True
EN001679,KPJ_01,JCORP Specialist Hospital,2026-01-11,Outpatient Department,Outpatient,117,108,87,0,0,0,0,Hospital Information System,True
EN001680,KPJ_01,JCORP Specialist Hospital,2026-01-11,Inpatient Wards,Inpatient,93,0,52,19,20,1,0,Hospital Information System,True
EN001681,KPJ_01,JCORP Specialist Hospital,2026-01-12,Emergency Department,Emergency,169,157,58,0,0,0,0,Hospital Information System,True
EN001682,KPJ_01,JCORP Specialist Hospital,2026-01-12,Outpatient Department,Outpatient,354,343,253,0,0,0,0,Hospital Information System,True
EN001683,KPJ_01,JCORP Specialist Hospital,2026-01-12,Inpatient Wards,Inpatient,77,0,43,11,11,1,1,Hospital Information System,True
EN001684,KPJ_01,JCORP Specialist Hospital,2026-01-13,Emergency Department,Emergency,141,126,51,0,0,0,0,Hospital Information System,True
EN001685,KPJ_01,JCORP Specialist Hospital,2026-01-13,Outpatient Department,Outpatient,359,336,277,0,0,0,0,Hospital Information System,True
EN001686,KPJ_01,JCORP Specialist Hospital,2026-01-13,Inpatient Wards,Inpatient,81,0,44,17,16,1,2,Hospital Information System,True
EN001687,KPJ_01,JCORP Specialist Hospital,2026-01-14,Emergency Department,Emergency,174,159,57,0,0,0,0,Hospital Information System,True
EN001688,KPJ_01,JCORP Specialist Hospital,2026-01-14,Outpatient Department,Outpatient,303,284,239,0,0,0,0,Hospital Information System,True
EN001689,KPJ_01,JCORP Specialist Hospital,2026-01-14,Inpatient Wards,Inpatient,83,0,50,15,11,3,1,Hospital Information System,True
EN001690,KPJ_01,JCORP Specialist Hospital,2026-01-15,Emergency Department,Emergency,162,150,58,0,0,0,0,Hospital Information System,True
EN001691,KPJ_01,JCORP Specialist Hospital,2026-01-15,Outpatient Department,Outpatient,324,313,228,0,0,0,0,Hospital Information System,True
EN001692,KPJ_01,JCORP Specialist Hospital,2026-01-15,Inpatient Wards,Inpatient,81,0,44,12,10,1,2,Hospital Information System,True
EN001693,KPJ_01,JCORP Specialist Hospital,2026-01-16,Emergency Department,Emergency,158,143,61,0,0,0,0,Hospital Information System,True
EN001694,KPJ_01,JCORP Specialist Hospital,2026-01-16,Outpatient Department,Outpatient,348,333,258,0,0,0,0,Hospital Information System,True
EN001695,KPJ_01,JCORP Specialist Hospital,2026-01-16,Inpatient Wards,Inpatient,86,0,44,15,11,1,3,Hospital Information System,True
EN001696,KPJ_01,JCORP Specialist Hospital,2026-01-17,Emergency Department,Emergency,188,169,61,0,0,0,0,Hospital Information System,True
EN001697,KPJ_01,JCORP Specialist Hospital,2026-01-17,Outpatient Department,Outpatient,126,122,90,0,0,0,0,Hospital Information System,True
EN001698,KPJ_01,JCORP Specialist Hospital,2026-01-17,Inpatient Wards,Inpatient,80,0,48,13,10,2,2,Hospital Information System,True
EN001699,KPJ_01,JCORP Specialist Hospital,2026-01-18,Emergency Department,Emergency,173,156,64,0,0,0,0,Hospital Information System,True
EN001700,KPJ_01,JCORP Specialist Hospital,2026-01-18,Outpatient Department,Outpatient,127,121,94,0,0,0,0,Hospital Information System,True
EN001701,KPJ_01,JCORP Specialist Hospital,2026-01-18,Inpatient Wards,Inpatient,74,0,40,16,15,2,0,Hospital Information System,True
EN001702,KPJ_01,JCORP Specialist Hospital,2026-01-19,Emergency Department,Emergency,156,143,59,0,0,0,0,Hospital Information System,True
EN001703,KPJ_01,JCORP Specialist Hospital,2026-01-19,Outpatient Department,Outpatient,356,332,270,0,0,0,0,Hospital Information System,True
EN001704,KPJ_01,JCORP Specialist Hospital,2026-01-19,Inpatient Wards,Inpatient,95,0,54,15,19,1,1,Hospital Information System,True
EN001705,KPJ_01,JCORP Specialist Hospital,2026-01-20,Emergency Department,Emergency,139,125,51,0,0,0,0,Hospital Information System,True
EN001706,KPJ_01,JCORP Specialist Hospital,2026-01-20,Outpatient Department,Outpatient,350,333,274,0,0,0,0,Hospital Information System,True
EN001707,KPJ_01,JCORP Specialist Hospital,2026-01-20,Inpatient Wards,Inpatient,86,0,50,18,16,2,1,Hospital Information System,True
EN001708,KPJ_01,JCORP Specialist Hospital,2026-01-21,Emergency Department,Emergency,169,151,67,0,0,0,0,Hospital Information System,True
EN001709,KPJ_01,JCORP Specialist Hospital,2026-01-21,Outpatient Department,Outpatient,343,325,245,0,0,0,0,Hospital Information System,True
EN001710,KPJ_01,JCORP Specialist Hospital,2026-01-21,Inpatient Wards,Inpatient,78,0,43,15,14,2,2,Hospital Information System,True
EN001711,KPJ_01,JCORP Specialist Hospital,2026-01-22,Emergency Department,Emergency,179,161,69,0,0,0,0,Hospital Information System,True
EN001712,KPJ_01,JCORP Specialist Hospital,2026-01-22,Outpatient Department,Outpatient,318,305,230,0,0,0,0,Hospital Information System,True
EN001713,KPJ_01,JCORP Specialist Hospital,2026-01-22,Inpatient Wards,Inpatient,82,0,47,14,14,2,1,Hospital Information System,True
EN001714,KPJ_01,JCORP Specialist Hospital,2026-01-23,Emergency Department,Emergency,161,149,50,0,0,0,0,Hospital Information System,True
EN001715,KPJ_01,JCORP Specialist Hospital,2026-01-23,Outpatient Department,Outpatient,347,325,258,0,0,0,0,Hospital Information System,True
EN001716,KPJ_01,JCORP Specialist Hospital,2026-01-23,Inpatient Wards,Inpatient,76,0,44,13,11,3,2,Hospital Information System,True
EN001717,KPJ_01,JCORP Specialist Hospital,2026-01-24,Emergency Department,Emergency,186,166,65,0,0,0,0,Hospital Information System,True
EN001718,KPJ_01,JCORP Specialist Hospital,2026-01-24,Outpatient Department,Outpatient,128,123,93,0,0,0,0,Hospital Information System,True
EN001719,KPJ_01,JCORP Specialist Hospital,2026-01-24,Inpatient Wards,Inpatient,79,0,41,19,18,1,1,Hospital Information System,True
EN001720,KPJ_01,JCORP Specialist Hospital,2026-01-25,Emergency Department,Emergency,162,145,53,0,0,0,0,Hospital Information System,True
EN001721,KPJ_01,JCORP Specialist Hospital,2026-01-25,Outpatient Department,Outpatient,113,105,82,0,0,0,0,Hospital Information System,True
EN001722,KPJ_01,JCORP Specialist Hospital,2026-01-25,Inpatient Wards,Inpatient,80,0,46,13,12,2,2,Hospital Information System,True
EN001723,KPJ_01,JCORP Specialist Hospital,2026-01-26,Emergency Department,Emergency,171,160,65,0,0,0,0,Hospital Information System,True
EN001724,KPJ_01,JCORP Specialist Hospital,2026-01-26,Outpatient Department,Outpatient,354,337,258,0,0,0,0,Hospital Information System,True
EN001725,KPJ_01,JCORP Specialist Hospital,2026-01-26,Inpatient Wards,Inpatient,88,0,52,14,14,1,0,Hospital Information System,True
EN001726,KPJ_01,JCORP Specialist Hospital,2026-01-27,Emergency Department,Emergency,165,147,63,0,0,0,0,Hospital Information System,True
EN001727,KPJ_01,JCORP Specialist Hospital,2026-01-27,Outpatient Department,Outpatient,310,295,225,0,0,0,0,Hospital Information System,True
EN001728,KPJ_01,JCORP Specialist Hospital,2026-01-27,Inpatient Wards,Inpatient,87,0,47,18,14,3,1,Hospital Information System,True
EN001729,KPJ_01,JCORP Specialist Hospital,2026-01-28,Emergency Department,Emergency,171,161,68,0,0,0,0,Hospital Information System,True
EN001730,KPJ_01,JCORP Specialist Hospital,2026-01-28,Outpatient Department,Outpatient,364,347,262,0,0,0,0,Hospital Information System,True
EN001731,KPJ_01,JCORP Specialist Hospital,2026-01-28,Inpatient Wards,Inpatient,84,0,45,15,12,2,3,Hospital Information System,True
EN001732,KPJ_01,JCORP Specialist Hospital,2026-01-29,Emergency Department,Emergency,150,134,57,0,0,0,0,Hospital Information System,True
EN001733,KPJ_01,JCORP Specialist Hospital,2026-01-29,Outpatient Department,Outpatient,367,347,290,0,0,0,0,Hospital Information System,True
EN001734,KPJ_01,JCORP Specialist Hospital,2026-01-29,Inpatient Wards,Inpatient,79,0,40,15,16,0,2,Hospital Information System,True
EN001735,KPJ_01,JCORP Specialist Hospital,2026-01-30,Emergency Department,Emergency,189,172,57,0,0,0,0,Hospital Information System,True
EN001736,KPJ_01,JCORP Specialist Hospital,2026-01-30,Outpatient Department,Outpatient,341,317,258,0,0,0,0,Hospital Information System,True
EN001737,KPJ_01,JCORP Specialist Hospital,2026-01-30,Inpatient Wards,Inpatient,94,0,55,18,16,1,2,Hospital Information System,True
EN001738,KPJ_01,JCORP Specialist Hospital,2026-01-31,Emergency Department,Emergency,162,147,57,0,0,0,0,Hospital Information System,True
EN001739,KPJ_01,JCORP Specialist Hospital,2026-01-31,Outpatient Department,Outpatient,120,111,89,0,0,0,0,Hospital Information System,True
EN001740,KPJ_01,JCORP Specialist Hospital,2026-01-31,Inpatient Wards,Inpatient,79,0,40,16,16,1,1,Hospital Information System,True
EN001741,KPJ_01,JCORP Specialist Hospital,2026-02-01,Emergency Department,Emergency,181,164,66,0,0,0,0,Hospital Information System,True
EN001742,KPJ_01,JCORP Specialist Hospital,2026-02-01,Outpatient Department,Outpatient,121,116,95,0,0,0,0,Hospital Information System,True
EN001743,KPJ_01,JCORP Specialist Hospital,2026-02-01,Inpatient Wards,Inpatient,82,0,44,18,21,2,1,Hospital Information System,True
EN001744,KPJ_01,JCORP Specialist Hospital,2026-02-02,Emergency Department,Emergency,136,122,42,0,0,0,0,Hospital Information System,True
EN001745,KPJ_01,JCORP Specialist Hospital,2026-02-02,Outpatient Department,Outpatient,324,311,254,0,0,0,0,Hospital Information System,True
EN001746,KPJ_01,JCORP Specialist Hospital,2026-02-02,Inpatient Wards,Inpatient,89,0,46,16,18,3,0,Hospital Information System,True
EN001747,KPJ_01,JCORP Specialist Hospital,2026-02-03,Emergency Department,Emergency,157,141,50,0,0,0,0,Hospital Information System,True
EN001748,KPJ_01,JCORP Specialist Hospital,2026-02-03,Outpatient Department,Outpatient,362,334,267,0,0,0,0,Hospital Information System,True
EN001749,KPJ_01,JCORP Specialist Hospital,2026-02-03,Inpatient Wards,Inpatient,74,0,40,14,15,2,2,Hospital Information System,True
EN001750,KPJ_01,JCORP Specialist Hospital,2026-02-04,Emergency Department,Emergency,132,122,42,0,0,0,0,Hospital Information System,True
EN001751,KPJ_01,JCORP Specialist Hospital,2026-02-04,Outpatient Department,Outpatient,350,329,265,0,0,0,0,Hospital Information System,True
EN001752,KPJ_01,JCORP Specialist Hospital,2026-02-04,Inpatient Wards,Inpatient,80,0,48,16,13,2,0,Hospital Information System,True
EN001753,KPJ_01,JCORP Specialist Hospital,2026-02-05,Emergency Department,Emergency,159,143,61,0,0,0,0,Hospital Information System,True
EN001754,KPJ_01,JCORP Specialist Hospital,2026-02-05,Outpatient Department,Outpatient,290,271,213,0,0,0,0,Hospital Information System,True
EN001755,KPJ_01,JCORP Specialist Hospital,2026-02-05,Inpatient Wards,Inpatient,86,0,43,12,8,3,1,Hospital Information System,True
EN001756,KPJ_01,JCORP Specialist Hospital,2026-02-06,Emergency Department,Emergency,163,150,53,0,0,0,0,Hospital Information System,True
EN001757,KPJ_01,JCORP Specialist Hospital,2026-02-06,Outpatient Department,Outpatient,319,303,251,0,0,0,0,Hospital Information System,True
EN001758,KPJ_01,JCORP Specialist Hospital,2026-02-06,Inpatient Wards,Inpatient,75,0,38,14,13,2,1,Hospital Information System,True
EN001759,KPJ_01,JCORP Specialist Hospital,2026-02-07,Emergency Department,Emergency,182,171,61,0,0,0,0,Hospital Information System,True
EN001760,KPJ_01,JCORP Specialist Hospital,2026-02-07,Outpatient Department,Outpatient,109,101,85,0,0,0,0,Hospital Information System,True
EN001761,KPJ_01,JCORP Specialist Hospital,2026-02-07,Inpatient Wards,Inpatient,86,0,47,16,17,2,2,Hospital Information System,True
EN001762,KPJ_01,JCORP Specialist Hospital,2026-02-08,Emergency Department,Emergency,176,164,62,0,0,0,0,Hospital Information System,True
EN001763,KPJ_01,JCORP Specialist Hospital,2026-02-08,Outpatient Department,Outpatient,110,105,78,0,0,0,0,Hospital Information System,True
EN001764,KPJ_01,JCORP Specialist Hospital,2026-02-08,Inpatient Wards,Inpatient,73,0,41,14,10,2,2,Hospital Information System,True
EN001765,KPJ_01,JCORP Specialist Hospital,2026-02-09,Emergency Department,Emergency,154,144,59,0,0,0,0,Hospital Information System,True
EN001766,KPJ_01,JCORP Specialist Hospital,2026-02-09,Outpatient Department,Outpatient,318,304,229,0,0,0,0,Hospital Information System,True
EN001767,KPJ_01,JCORP Specialist Hospital,2026-02-09,Inpatient Wards,Inpatient,86,0,51,12,13,1,1,Hospital Information System,True
EN001768,KPJ_01,JCORP Specialist Hospital,2026-02-10,Emergency Department,Emergency,158,146,57,0,0,0,0,Hospital Information System,True
EN001769,KPJ_01,JCORP Specialist Hospital,2026-02-10,Outpatient Department,Outpatient,329,311,245,0,0,0,0,Hospital Information System,True
EN001770,KPJ_01,JCORP Specialist Hospital,2026-02-10,Inpatient Wards,Inpatient,77,0,42,15,16,0,0,Hospital Information System,True
EN001771,KPJ_01,JCORP Specialist Hospital,2026-02-11,Emergency Department,Emergency,157,143,59,0,0,0,0,Hospital Information System,True
EN001772,KPJ_01,JCORP Specialist Hospital,2026-02-11,Outpatient Department,Outpatient,319,296,255,0,0,0,0,Hospital Information System,True
EN001773,KPJ_01,JCORP Specialist Hospital,2026-02-11,Inpatient Wards,Inpatient,83,0,42,13,13,2,0,Hospital Information System,True
EN001774,KPJ_01,JCORP Specialist Hospital,2026-02-12,Emergency Department,Emergency,180,165,72,0,0,0,0,Hospital Information System,True
EN001775,KPJ_01,JCORP Specialist Hospital,2026-02-12,Outpatient Department,Outpatient,334,311,235,0,0,0,0,Hospital Information System,True
EN001776,KPJ_01,JCORP Specialist Hospital,2026-02-12,Inpatient Wards,Inpatient,86,0,44,15,18,3,1,Hospital Information System,True
EN001777,KPJ_01,JCORP Specialist Hospital,2026-02-13,Emergency Department,Emergency,168,150,62,0,0,0,0,Hospital Information System,True
EN001778,KPJ_01,JCORP Specialist Hospital,2026-02-13,Outpatient Department,Outpatient,369,340,259,0,0,0,0,Hospital Information System,True
EN001779,KPJ_01,JCORP Specialist Hospital,2026-02-13,Inpatient Wards,Inpatient,98,0,53,13,13,3,2,Hospital Information System,True
EN001780,KPJ_01,JCORP Specialist Hospital,2026-02-14,Emergency Department,Emergency,183,163,60,0,0,0,0,Hospital Information System,True
EN001781,KPJ_01,JCORP Specialist Hospital,2026-02-14,Outpatient Department,Outpatient,132,124,92,0,0,0,0,Hospital Information System,True
EN001782,KPJ_01,JCORP Specialist Hospital,2026-02-14,Inpatient Wards,Inpatient,90,0,53,18,18,2,1,Hospital Information System,True
EN001783,KPJ_01,JCORP Specialist Hospital,2026-02-15,Emergency Department,Emergency,210,190,80,0,0,0,0,Hospital Information System,True
EN001784,KPJ_01,JCORP Specialist Hospital,2026-02-15,Outpatient Department,Outpatient,129,119,101,0,0,0,0,Hospital Information System,True
EN001785,KPJ_01,JCORP Specialist Hospital,2026-02-15,Inpatient Wards,Inpatient,76,0,40,15,15,2,2,Hospital Information System,True
EN001786,KPJ_01,JCORP Specialist Hospital,2026-02-16,Emergency Department,Emergency,167,152,61,0,0,0,0,Hospital Information System,True
EN001787,KPJ_01,JCORP Specialist Hospital,2026-02-16,Outpatient Department,Outpatient,310,288,245,0,0,0,0,Hospital Information System,True
EN001788,KPJ_01,JCORP Specialist Hospital,2026-02-16,Inpatient Wards,Inpatient,71,0,38,11,12,2,1,Hospital Information System,True
EN001789,KPJ_01,JCORP Specialist Hospital,2026-02-17,Emergency Department,Emergency,161,146,50,0,0,0,0,Hospital Information System,True
EN001790,KPJ_01,JCORP Specialist Hospital,2026-02-17,Outpatient Department,Outpatient,303,282,228,0,0,0,0,Hospital Information System,True
EN001791,KPJ_01,JCORP Specialist Hospital,2026-02-17,Inpatient Wards,Inpatient,106,0,56,17,17,2,2,Hospital Information System,True
EN001792,KPJ_01,JCORP Specialist Hospital,2026-02-18,Emergency Department,Emergency,161,150,59,0,0,0,0,Hospital Information System,True
EN001793,KPJ_01,JCORP Specialist Hospital,2026-02-18,Outpatient Department,Outpatient,333,315,249,0,0,0,0,Hospital Information System,True
EN001794,KPJ_01,JCORP Specialist Hospital,2026-02-18,Inpatient Wards,Inpatient,82,0,48,15,16,2,2,Hospital Information System,True
EN001795,KPJ_01,JCORP Specialist Hospital,2026-02-19,Emergency Department,Emergency,165,154,61,0,0,0,0,Hospital Information System,True
EN001796,KPJ_01,JCORP Specialist Hospital,2026-02-19,Outpatient Department,Outpatient,324,312,244,0,0,0,0,Hospital Information System,True
EN001797,KPJ_01,JCORP Specialist Hospital,2026-02-19,Inpatient Wards,Inpatient,91,0,53,18,17,1,3,Hospital Information System,True
EN001798,KPJ_01,JCORP Specialist Hospital,2026-02-20,Emergency Department,Emergency,179,162,69,0,0,0,0,Hospital Information System,True
EN001799,KPJ_01,JCORP Specialist Hospital,2026-02-20,Outpatient Department,Outpatient,347,327,271,0,0,0,0,Hospital Information System,True
EN001800,KPJ_01,JCORP Specialist Hospital,2026-02-20,Inpatient Wards,Inpatient,76,0,39,9,9,2,2,Hospital Information System,True
EN001801,KPJ_01,JCORP Specialist Hospital,2026-02-21,Emergency Department,Emergency,181,167,57,0,0,0,0,Hospital Information System,True
EN001802,KPJ_01,JCORP Specialist Hospital,2026-02-21,Outpatient Department,Outpatient,123,117,89,0,0,0,0,Hospital Information System,True
EN001803,KPJ_01,JCORP Specialist Hospital,2026-02-21,Inpatient Wards,Inpatient,77,0,45,12,15,4,2,Hospital Information System,True
EN001804,KPJ_01,JCORP Specialist Hospital,2026-02-22,Emergency Department,Emergency,168,156,64,0,0,0,0,Hospital Information System,True
EN001805,KPJ_01,JCORP Specialist Hospital,2026-02-22,Outpatient Department,Outpatient,123,118,95,0,0,0,0,Hospital Information System,True
EN001806,KPJ_01,JCORP Specialist Hospital,2026-02-22,Inpatient Wards,Inpatient,81,0,41,12,11,3,0,Hospital Information System,True
EN001807,KPJ_01,JCORP Specialist Hospital,2026-02-23,Emergency Department,Emergency,160,150,53,0,0,0,0,Hospital Information System,True
EN001808,KPJ_01,JCORP Specialist Hospital,2026-02-23,Outpatient Department,Outpatient,352,331,260,0,0,0,0,Hospital Information System,True
EN001809,KPJ_01,JCORP Specialist Hospital,2026-02-23,Inpatient Wards,Inpatient,89,0,50,16,13,2,2,Hospital Information System,True
EN001810,KPJ_01,JCORP Specialist Hospital,2026-02-24,Emergency Department,Emergency,150,134,53,0,0,0,0,Hospital Information System,True
EN001811,KPJ_01,JCORP Specialist Hospital,2026-02-24,Outpatient Department,Outpatient,352,327,258,0,0,0,0,Hospital Information System,True
EN001812,KPJ_01,JCORP Specialist Hospital,2026-02-24,Inpatient Wards,Inpatient,78,0,45,13,11,1,1,Hospital Information System,True
EN001813,KPJ_01,JCORP Specialist Hospital,2026-02-25,Emergency Department,Emergency,156,145,55,0,0,0,0,Hospital Information System,True
EN001814,KPJ_01,JCORP Specialist Hospital,2026-02-25,Outpatient Department,Outpatient,360,335,270,0,0,0,0,Hospital Information System,True
EN001815,KPJ_01,JCORP Specialist Hospital,2026-02-25,Inpatient Wards,Inpatient,79,0,44,13,12,1,1,Hospital Information System,True
EN001816,KPJ_01,JCORP Specialist Hospital,2026-02-26,Emergency Department,Emergency,165,151,62,0,0,0,0,Hospital Information System,True
EN001817,KPJ_01,JCORP Specialist Hospital,2026-02-26,Outpatient Department,Outpatient,314,304,222,0,0,0,0,Hospital Information System,True
EN001818,KPJ_01,JCORP Specialist Hospital,2026-02-26,Inpatient Wards,Inpatient,86,0,47,14,11,1,1,Hospital Information System,True
EN001819,KPJ_01,JCORP Specialist Hospital,2026-02-27,Emergency Department,Emergency,152,137,54,0,0,0,0,Hospital Information System,True
EN001820,KPJ_01,JCORP Specialist Hospital,2026-02-27,Outpatient Department,Outpatient,357,337,271,0,0,0,0,Hospital Information System,True
EN001821,KPJ_01,JCORP Specialist Hospital,2026-02-27,Inpatient Wards,Inpatient,88,0,45,17,15,2,1,Hospital Information System,True
EN001822,KPJ_01,JCORP Specialist Hospital,2026-02-28,Emergency Department,Emergency,211,196,70,0,0,0,0,Hospital Information System,True
EN001823,KPJ_01,JCORP Specialist Hospital,2026-02-28,Outpatient Department,Outpatient,124,116,91,0,0,0,0,Hospital Information System,True
EN001824,KPJ_01,JCORP Specialist Hospital,2026-02-28,Inpatient Wards,Inpatient,91,0,54,19,17,1,1,Hospital Information System,True
EN001825,KPJ_01,JCORP Specialist Hospital,2026-03-01,Emergency Department,Emergency,216,199,85,0,0,0,0,Hospital Information System,True
EN001826,KPJ_01,JCORP Specialist Hospital,2026-03-01,Outpatient Department,Outpatient,122,115,97,0,0,0,0,Hospital Information System,True
EN001827,KPJ_01,JCORP Specialist Hospital,2026-03-01,Inpatient Wards,Inpatient,87,0,52,18,14,1,2,Hospital Information System,True
EN001828,KPJ_01,JCORP Specialist Hospital,2026-03-02,Emergency Department,Emergency,170,154,52,0,0,0,0,Hospital Information System,True
EN001829,KPJ_01,JCORP Specialist Hospital,2026-03-02,Outpatient Department,Outpatient,382,353,270,0,0,0,0,Hospital Information System,True
EN001830,KPJ_01,JCORP Specialist Hospital,2026-03-02,Inpatient Wards,Inpatient,81,0,44,16,17,2,2,Hospital Information System,True
EN001831,KPJ_01,JCORP Specialist Hospital,2026-03-03,Emergency Department,Emergency,174,161,60,0,0,0,0,Hospital Information System,True
EN001832,KPJ_01,JCORP Specialist Hospital,2026-03-03,Outpatient Department,Outpatient,356,344,253,0,0,0,0,Hospital Information System,True
EN001833,KPJ_01,JCORP Specialist Hospital,2026-03-03,Inpatient Wards,Inpatient,82,0,47,12,12,2,2,Hospital Information System,True
EN001834,KPJ_01,JCORP Specialist Hospital,2026-03-04,Emergency Department,Emergency,182,170,57,0,0,0,0,Hospital Information System,True
EN001835,KPJ_01,JCORP Specialist Hospital,2026-03-04,Outpatient Department,Outpatient,332,312,257,0,0,0,0,Hospital Information System,True
EN001836,KPJ_01,JCORP Specialist Hospital,2026-03-04,Inpatient Wards,Inpatient,75,0,42,10,10,1,0,Hospital Information System,True
EN001837,KPJ_01,JCORP Specialist Hospital,2026-03-05,Emergency Department,Emergency,142,130,54,0,0,0,0,Hospital Information System,True
EN001838,KPJ_01,JCORP Specialist Hospital,2026-03-05,Outpatient Department,Outpatient,337,316,267,0,0,0,0,Hospital Information System,True
EN001839,KPJ_01,JCORP Specialist Hospital,2026-03-05,Inpatient Wards,Inpatient,95,0,50,16,14,1,1,Hospital Information System,True
EN001840,KPJ_01,JCORP Specialist Hospital,2026-03-06,Emergency Department,Emergency,175,157,56,0,0,0,0,Hospital Information System,True
EN001841,KPJ_01,JCORP Specialist Hospital,2026-03-06,Outpatient Department,Outpatient,367,345,258,0,0,0,0,Hospital Information System,True
EN001842,KPJ_01,JCORP Specialist Hospital,2026-03-06,Inpatient Wards,Inpatient,82,0,43,17,15,2,3,Hospital Information System,True
EN001843,KPJ_01,JCORP Specialist Hospital,2026-03-07,Emergency Department,Emergency,182,163,62,0,0,0,0,Hospital Information System,True
EN001844,KPJ_01,JCORP Specialist Hospital,2026-03-07,Outpatient Department,Outpatient,119,112,89,0,0,0,0,Hospital Information System,True
EN001845,KPJ_01,JCORP Specialist Hospital,2026-03-07,Inpatient Wards,Inpatient,79,0,46,18,17,1,1,Hospital Information System,True
EN001846,KPJ_01,JCORP Specialist Hospital,2026-03-08,Emergency Department,Emergency,182,162,57,0,0,0,0,Hospital Information System,True
EN001847,KPJ_01,JCORP Specialist Hospital,2026-03-08,Outpatient Department,Outpatient,128,121,101,0,0,0,0,Hospital Information System,True
EN001848,KPJ_01,JCORP Specialist Hospital,2026-03-08,Inpatient Wards,Inpatient,76,0,42,12,12,2,2,Hospital Information System,True
EN001849,KPJ_01,JCORP Specialist Hospital,2026-03-09,Emergency Department,Emergency,180,162,55,0,0,0,0,Hospital Information System,True
EN001850,KPJ_01,JCORP Specialist Hospital,2026-03-09,Outpatient Department,Outpatient,320,296,225,0,0,0,0,Hospital Information System,True
EN001851,KPJ_01,JCORP Specialist Hospital,2026-03-09,Inpatient Wards,Inpatient,88,0,51,15,12,3,1,Hospital Information System,True
EN001852,KPJ_01,JCORP Specialist Hospital,2026-03-10,Emergency Department,Emergency,180,166,63,0,0,0,0,Hospital Information System,True
EN001853,KPJ_01,JCORP Specialist Hospital,2026-03-10,Outpatient Department,Outpatient,385,356,287,0,0,0,0,Hospital Information System,True
EN001854,KPJ_01,JCORP Specialist Hospital,2026-03-10,Inpatient Wards,Inpatient,90,0,50,18,20,2,2,Hospital Information System,True
EN001855,KPJ_01,JCORP Specialist Hospital,2026-03-11,Emergency Department,Emergency,185,167,60,0,0,0,0,Hospital Information System,True
EN001856,KPJ_01,JCORP Specialist Hospital,2026-03-11,Outpatient Department,Outpatient,384,370,274,0,0,0,0,Hospital Information System,True
EN001857,KPJ_01,JCORP Specialist Hospital,2026-03-11,Inpatient Wards,Inpatient,93,0,53,20,19,0,2,Hospital Information System,True
EN001858,KPJ_01,JCORP Specialist Hospital,2026-03-12,Emergency Department,Emergency,174,161,67,0,0,0,0,Hospital Information System,True
EN001859,KPJ_01,JCORP Specialist Hospital,2026-03-12,Outpatient Department,Outpatient,377,353,299,0,0,0,0,Hospital Information System,True
EN001860,KPJ_01,JCORP Specialist Hospital,2026-03-12,Inpatient Wards,Inpatient,84,0,50,16,17,2,1,Hospital Information System,True
EN001861,KPJ_01,JCORP Specialist Hospital,2026-03-13,Emergency Department,Emergency,193,178,68,0,0,0,0,Hospital Information System,True
EN001862,KPJ_01,JCORP Specialist Hospital,2026-03-13,Outpatient Department,Outpatient,355,338,272,0,0,0,0,Hospital Information System,True
EN001863,KPJ_01,JCORP Specialist Hospital,2026-03-13,Inpatient Wards,Inpatient,86,0,50,15,16,2,1,Hospital Information System,True
EN001864,KPJ_01,JCORP Specialist Hospital,2026-03-14,Emergency Department,Emergency,216,194,82,0,0,0,0,Hospital Information System,True
EN001865,KPJ_01,JCORP Specialist Hospital,2026-03-14,Outpatient Department,Outpatient,129,120,103,0,0,0,0,Hospital Information System,True
EN001866,KPJ_01,JCORP Specialist Hospital,2026-03-14,Inpatient Wards,Inpatient,90,0,51,18,17,1,1,Hospital Information System,True
EN001867,KPJ_01,JCORP Specialist Hospital,2026-03-15,Emergency Department,Emergency,201,182,62,0,0,0,0,Hospital Information System,True
EN001868,KPJ_01,JCORP Specialist Hospital,2026-03-15,Outpatient Department,Outpatient,131,123,103,0,0,0,0,Hospital Information System,True
EN001869,KPJ_01,JCORP Specialist Hospital,2026-03-15,Inpatient Wards,Inpatient,86,0,48,11,9,2,4,Hospital Information System,True
EN001870,KPJ_01,JCORP Specialist Hospital,2026-03-16,Emergency Department,Emergency,186,174,61,0,0,0,0,Hospital Information System,True
EN001871,KPJ_01,JCORP Specialist Hospital,2026-03-16,Outpatient Department,Outpatient,424,410,316,0,0,0,0,Hospital Information System,True
EN001872,KPJ_01,JCORP Specialist Hospital,2026-03-16,Inpatient Wards,Inpatient,78,0,40,14,12,3,2,Hospital Information System,True
EN001873,KPJ_01,JCORP Specialist Hospital,2026-03-17,Emergency Department,Emergency,175,162,57,0,0,0,0,Hospital Information System,True
EN001874,KPJ_01,JCORP Specialist Hospital,2026-03-17,Outpatient Department,Outpatient,373,360,272,0,0,0,0,Hospital Information System,True
EN001875,KPJ_01,JCORP Specialist Hospital,2026-03-17,Inpatient Wards,Inpatient,97,0,58,18,20,2,2,Hospital Information System,True
EN001876,KPJ_01,JCORP Specialist Hospital,2026-03-18,Emergency Department,Emergency,189,174,73,0,0,0,0,Hospital Information System,True
EN001877,KPJ_01,JCORP Specialist Hospital,2026-03-18,Outpatient Department,Outpatient,352,329,267,0,0,0,0,Hospital Information System,True
EN001878,KPJ_01,JCORP Specialist Hospital,2026-03-18,Inpatient Wards,Inpatient,85,0,47,14,11,2,2,Hospital Information System,True
EN001879,KPJ_01,JCORP Specialist Hospital,2026-03-19,Emergency Department,Emergency,176,165,68,0,0,0,0,Hospital Information System,True
EN001880,KPJ_01,JCORP Specialist Hospital,2026-03-19,Outpatient Department,Outpatient,394,382,284,0,0,0,0,Hospital Information System,True
EN001881,KPJ_01,JCORP Specialist Hospital,2026-03-19,Inpatient Wards,Inpatient,108,0,64,23,20,1,0,Hospital Information System,True
EN001882,KPJ_01,JCORP Specialist Hospital,2026-03-20,Emergency Department,Emergency,179,166,64,0,0,0,0,Hospital Information System,True
EN001883,KPJ_01,JCORP Specialist Hospital,2026-03-20,Outpatient Department,Outpatient,333,317,234,0,0,0,0,Hospital Information System,True
EN001884,KPJ_01,JCORP Specialist Hospital,2026-03-20,Inpatient Wards,Inpatient,107,0,61,17,18,2,3,Hospital Information System,True
EN001885,KPJ_01,JCORP Specialist Hospital,2026-03-21,Emergency Department,Emergency,205,186,77,0,0,0,0,Hospital Information System,True
EN001886,KPJ_01,JCORP Specialist Hospital,2026-03-21,Outpatient Department,Outpatient,130,120,91,0,0,0,0,Hospital Information System,True
EN001887,KPJ_01,JCORP Specialist Hospital,2026-03-21,Inpatient Wards,Inpatient,90,0,53,19,20,2,2,Hospital Information System,True
EN001888,KPJ_01,JCORP Specialist Hospital,2026-03-22,Emergency Department,Emergency,201,188,65,0,0,0,0,Hospital Information System,True
EN001889,KPJ_01,JCORP Specialist Hospital,2026-03-22,Outpatient Department,Outpatient,122,113,95,0,0,0,0,Hospital Information System,True
EN001890,KPJ_01,JCORP Specialist Hospital,2026-03-22,Inpatient Wards,Inpatient,80,0,44,16,13,2,3,Hospital Information System,True
EN001891,KPJ_01,JCORP Specialist Hospital,2026-03-23,Emergency Department,Emergency,172,160,64,0,0,0,0,Hospital Information System,True
EN001892,KPJ_01,JCORP Specialist Hospital,2026-03-23,Outpatient Department,Outpatient,343,331,258,0,0,0,0,Hospital Information System,True
EN001893,KPJ_01,JCORP Specialist Hospital,2026-03-23,Inpatient Wards,Inpatient,94,0,54,15,14,1,1,Hospital Information System,True
EN001894,KPJ_01,JCORP Specialist Hospital,2026-03-24,Emergency Department,Emergency,179,165,63,0,0,0,0,Hospital Information System,True
EN001895,KPJ_01,JCORP Specialist Hospital,2026-03-24,Outpatient Department,Outpatient,334,309,257,0,0,0,0,Hospital Information System,True
EN001896,KPJ_01,JCORP Specialist Hospital,2026-03-24,Inpatient Wards,Inpatient,91,0,53,15,15,0,2,Hospital Information System,True
EN001897,KPJ_01,JCORP Specialist Hospital,2026-03-25,Emergency Department,Emergency,181,163,58,0,0,0,0,Hospital Information System,True
EN001898,KPJ_01,JCORP Specialist Hospital,2026-03-25,Outpatient Department,Outpatient,358,335,278,0,0,0,0,Hospital Information System,True
EN001899,KPJ_01,JCORP Specialist Hospital,2026-03-25,Inpatient Wards,Inpatient,81,0,47,14,12,4,2,Hospital Information System,True
EN001900,KPJ_01,JCORP Specialist Hospital,2026-03-26,Emergency Department,Emergency,180,169,68,0,0,0,0,Hospital Information System,True
EN001901,KPJ_01,JCORP Specialist Hospital,2026-03-26,Outpatient Department,Outpatient,317,302,247,0,0,0,0,Hospital Information System,True
EN001902,KPJ_01,JCORP Specialist Hospital,2026-03-26,Inpatient Wards,Inpatient,93,0,52,18,18,1,1,Hospital Information System,True
EN001903,KPJ_01,JCORP Specialist Hospital,2026-03-27,Emergency Department,Emergency,179,168,56,0,0,0,0,Hospital Information System,True
EN001904,KPJ_01,JCORP Specialist Hospital,2026-03-27,Outpatient Department,Outpatient,340,328,250,0,0,0,0,Hospital Information System,True
EN001905,KPJ_01,JCORP Specialist Hospital,2026-03-27,Inpatient Wards,Inpatient,85,0,44,14,15,2,1,Hospital Information System,True
EN001906,KPJ_01,JCORP Specialist Hospital,2026-03-28,Emergency Department,Emergency,206,189,67,0,0,0,0,Hospital Information System,True
EN001907,KPJ_01,JCORP Specialist Hospital,2026-03-28,Outpatient Department,Outpatient,130,122,96,0,0,0,0,Hospital Information System,True
EN001908,KPJ_01,JCORP Specialist Hospital,2026-03-28,Inpatient Wards,Inpatient,79,0,43,17,21,2,1,Hospital Information System,True
EN001909,KPJ_01,JCORP Specialist Hospital,2026-03-29,Emergency Department,Emergency,189,170,63,0,0,0,0,Hospital Information System,True
EN001910,KPJ_01,JCORP Specialist Hospital,2026-03-29,Outpatient Department,Outpatient,122,116,97,0,0,0,0,Hospital Information System,True
EN001911,KPJ_01,JCORP Specialist Hospital,2026-03-29,Inpatient Wards,Inpatient,72,0,43,15,10,2,1,Hospital Information System,True
EN001912,KPJ_01,JCORP Specialist Hospital,2026-03-30,Emergency Department,Emergency,187,171,62,0,0,0,0,Hospital Information System,True
EN001913,KPJ_01,JCORP Specialist Hospital,2026-03-30,Outpatient Department,Outpatient,378,359,286,0,0,0,0,Hospital Information System,True
EN001914,KPJ_01,JCORP Specialist Hospital,2026-03-30,Inpatient Wards,Inpatient,82,0,47,11,7,1,1,Hospital Information System,True
EN001915,KPJ_01,JCORP Specialist Hospital,2026-03-31,Emergency Department,Emergency,184,169,58,0,0,0,0,Hospital Information System,True
EN001916,KPJ_01,JCORP Specialist Hospital,2026-03-31,Outpatient Department,Outpatient,342,321,248,0,0,0,0,Hospital Information System,True
EN001917,KPJ_01,JCORP Specialist Hospital,2026-03-31,Inpatient Wards,Inpatient,94,0,54,16,17,1,3,Hospital Information System,True
EN001918,KPJ_01,JCORP Specialist Hospital,2026-04-01,Emergency Department,Emergency,172,153,64,0,0,0,0,Hospital Information System,True
EN001919,KPJ_01,JCORP Specialist Hospital,2026-04-01,Outpatient Department,Outpatient,334,322,260,0,0,0,0,Hospital Information System,True
EN001920,KPJ_01,JCORP Specialist Hospital,2026-04-01,Inpatient Wards,Inpatient,93,0,54,20,23,3,2,Hospital Information System,True
EN001921,KPJ_01,JCORP Specialist Hospital,2026-04-02,Emergency Department,Emergency,188,168,71,0,0,0,0,Hospital Information System,True
EN001922,KPJ_01,JCORP Specialist Hospital,2026-04-02,Outpatient Department,Outpatient,355,335,274,0,0,0,0,Hospital Information System,True
EN001923,KPJ_01,JCORP Specialist Hospital,2026-04-02,Inpatient Wards,Inpatient,96,0,52,20,21,2,3,Hospital Information System,True
EN001924,KPJ_01,JCORP Specialist Hospital,2026-04-03,Emergency Department,Emergency,180,162,56,0,0,0,0,Hospital Information System,True
EN001925,KPJ_01,JCORP Specialist Hospital,2026-04-03,Outpatient Department,Outpatient,378,356,286,0,0,0,0,Hospital Information System,True
EN001926,KPJ_01,JCORP Specialist Hospital,2026-04-03,Inpatient Wards,Inpatient,85,0,44,16,17,3,1,Hospital Information System,True
EN001927,KPJ_01,JCORP Specialist Hospital,2026-04-04,Emergency Department,Emergency,222,204,69,0,0,0,0,Hospital Information System,True
EN001928,KPJ_01,JCORP Specialist Hospital,2026-04-04,Outpatient Department,Outpatient,138,130,97,0,0,0,0,Hospital Information System,True
EN001929,KPJ_01,JCORP Specialist Hospital,2026-04-04,Inpatient Wards,Inpatient,85,0,46,16,15,2,0,Hospital Information System,True
EN001930,KPJ_01,JCORP Specialist Hospital,2026-04-05,Emergency Department,Emergency,206,189,80,0,0,0,0,Hospital Information System,True
EN001931,KPJ_01,JCORP Specialist Hospital,2026-04-05,Outpatient Department,Outpatient,111,103,83,0,0,0,0,Hospital Information System,True
EN001932,KPJ_01,JCORP Specialist Hospital,2026-04-05,Inpatient Wards,Inpatient,89,0,50,17,16,1,2,Hospital Information System,True
EN001933,KPJ_01,JCORP Specialist Hospital,2026-04-06,Emergency Department,Emergency,172,160,60,0,0,0,0,Hospital Information System,True
EN001934,KPJ_01,JCORP Specialist Hospital,2026-04-06,Outpatient Department,Outpatient,419,389,295,0,0,0,0,Hospital Information System,True
EN001935,KPJ_01,JCORP Specialist Hospital,2026-04-06,Inpatient Wards,Inpatient,94,0,52,16,13,1,2,Hospital Information System,True
EN001936,KPJ_01,JCORP Specialist Hospital,2026-04-07,Emergency Department,Emergency,170,155,62,0,0,0,0,Hospital Information System,True
EN001937,KPJ_01,JCORP Specialist Hospital,2026-04-07,Outpatient Department,Outpatient,370,358,260,0,0,0,0,Hospital Information System,True
EN001938,KPJ_01,JCORP Specialist Hospital,2026-04-07,Inpatient Wards,Inpatient,89,0,49,18,17,1,2,Hospital Information System,True
EN001939,KPJ_01,JCORP Specialist Hospital,2026-04-08,Emergency Department,Emergency,213,199,68,0,0,0,0,Hospital Information System,True
EN001940,KPJ_01,JCORP Specialist Hospital,2026-04-08,Outpatient Department,Outpatient,337,326,254,0,0,0,0,Hospital Information System,True
EN001941,KPJ_01,JCORP Specialist Hospital,2026-04-08,Inpatient Wards,Inpatient,93,0,47,18,19,2,2,Hospital Information System,True
EN001942,KPJ_01,JCORP Specialist Hospital,2026-04-09,Emergency Department,Emergency,186,167,56,0,0,0,0,Hospital Information System,True
EN001943,KPJ_01,JCORP Specialist Hospital,2026-04-09,Outpatient Department,Outpatient,330,305,231,0,0,0,0,Hospital Information System,True
EN001944,KPJ_01,JCORP Specialist Hospital,2026-04-09,Inpatient Wards,Inpatient,91,0,46,15,11,1,1,Hospital Information System,True
EN001945,KPJ_01,JCORP Specialist Hospital,2026-04-10,Emergency Department,Emergency,159,143,50,0,0,0,0,Hospital Information System,True
EN001946,KPJ_01,JCORP Specialist Hospital,2026-04-10,Outpatient Department,Outpatient,337,315,250,0,0,0,0,Hospital Information System,True
EN001947,KPJ_01,JCORP Specialist Hospital,2026-04-10,Inpatient Wards,Inpatient,98,0,56,17,17,3,2,Hospital Information System,True
EN001948,KPJ_01,JCORP Specialist Hospital,2026-04-11,Emergency Department,Emergency,181,164,69,0,0,0,0,Hospital Information System,True
EN001949,KPJ_01,JCORP Specialist Hospital,2026-04-11,Outpatient Department,Outpatient,114,106,88,0,0,0,0,Hospital Information System,True
EN001950,KPJ_01,JCORP Specialist Hospital,2026-04-11,Inpatient Wards,Inpatient,76,0,39,11,9,1,0,Hospital Information System,True
EN001951,KPJ_01,JCORP Specialist Hospital,2026-04-12,Emergency Department,Emergency,200,183,74,0,0,0,0,Hospital Information System,True
EN001952,KPJ_01,JCORP Specialist Hospital,2026-04-12,Outpatient Department,Outpatient,102,94,72,0,0,0,0,Hospital Information System,True
EN001953,KPJ_01,JCORP Specialist Hospital,2026-04-12,Inpatient Wards,Inpatient,75,0,44,11,9,1,1,Hospital Information System,True
EN001954,KPJ_01,JCORP Specialist Hospital,2026-04-13,Emergency Department,Emergency,149,137,56,0,0,0,0,Hospital Information System,True
EN001955,KPJ_01,JCORP Specialist Hospital,2026-04-13,Outpatient Department,Outpatient,362,342,279,0,0,0,0,Hospital Information System,True
EN001956,KPJ_01,JCORP Specialist Hospital,2026-04-13,Inpatient Wards,Inpatient,88,0,48,16,13,3,1,Hospital Information System,True
EN001957,KPJ_01,JCORP Specialist Hospital,2026-04-14,Emergency Department,Emergency,154,143,52,0,0,0,0,Hospital Information System,True
EN001958,KPJ_01,JCORP Specialist Hospital,2026-04-14,Outpatient Department,Outpatient,332,321,253,0,0,0,0,Hospital Information System,True
EN001959,KPJ_01,JCORP Specialist Hospital,2026-04-14,Inpatient Wards,Inpatient,86,0,49,17,15,2,1,Hospital Information System,True
EN001960,KPJ_01,JCORP Specialist Hospital,2026-04-15,Emergency Department,Emergency,156,145,51,0,0,0,0,Hospital Information System,True
EN001961,KPJ_01,JCORP Specialist Hospital,2026-04-15,Outpatient Department,Outpatient,288,276,216,0,0,0,0,Hospital Information System,True
EN001962,KPJ_01,JCORP Specialist Hospital,2026-04-15,Inpatient Wards,Inpatient,83,0,48,17,15,3,1,Hospital Information System,True
EN001963,KPJ_01,JCORP Specialist Hospital,2026-04-16,Emergency Department,Emergency,188,167,61,0,0,0,0,Hospital Information System,True
EN001964,KPJ_01,JCORP Specialist Hospital,2026-04-16,Outpatient Department,Outpatient,274,256,211,0,0,0,0,Hospital Information System,True
EN001965,KPJ_01,JCORP Specialist Hospital,2026-04-16,Inpatient Wards,Inpatient,77,0,46,16,13,1,2,Hospital Information System,True
EN001966,KPJ_01,JCORP Specialist Hospital,2026-04-17,Emergency Department,Emergency,168,156,62,0,0,0,0,Hospital Information System,True
EN001967,KPJ_01,JCORP Specialist Hospital,2026-04-17,Outpatient Department,Outpatient,318,294,236,0,0,0,0,Hospital Information System,True
EN001968,KPJ_01,JCORP Specialist Hospital,2026-04-17,Inpatient Wards,Inpatient,70,0,37,12,8,1,2,Hospital Information System,True
EN001969,KPJ_01,JCORP Specialist Hospital,2026-04-18,Emergency Department,Emergency,197,178,76,0,0,0,0,Hospital Information System,True
EN001970,KPJ_01,JCORP Specialist Hospital,2026-04-18,Outpatient Department,Outpatient,125,118,93,0,0,0,0,Hospital Information System,True
EN001971,KPJ_01,JCORP Specialist Hospital,2026-04-18,Inpatient Wards,Inpatient,81,0,48,13,10,1,2,Hospital Information System,True
EN001972,KPJ_01,JCORP Specialist Hospital,2026-04-19,Emergency Department,Emergency,189,175,73,0,0,0,0,Hospital Information System,True
EN001973,KPJ_01,JCORP Specialist Hospital,2026-04-19,Outpatient Department,Outpatient,117,112,88,0,0,0,0,Hospital Information System,True
EN001974,KPJ_01,JCORP Specialist Hospital,2026-04-19,Inpatient Wards,Inpatient,71,0,38,15,14,2,3,Hospital Information System,True
EN001975,KPJ_01,JCORP Specialist Hospital,2026-04-20,Emergency Department,Emergency,146,133,46,0,0,0,0,Hospital Information System,True
EN001976,KPJ_01,JCORP Specialist Hospital,2026-04-20,Outpatient Department,Outpatient,331,310,239,0,0,0,0,Hospital Information System,True
EN001977,KPJ_01,JCORP Specialist Hospital,2026-04-20,Inpatient Wards,Inpatient,88,0,51,15,14,3,2,Hospital Information System,True
EN001978,KPJ_01,JCORP Specialist Hospital,2026-04-21,Emergency Department,Emergency,148,135,47,0,0,0,0,Hospital Information System,True
EN001979,KPJ_01,JCORP Specialist Hospital,2026-04-21,Outpatient Department,Outpatient,348,327,278,0,0,0,0,Hospital Information System,True
EN001980,KPJ_01,JCORP Specialist Hospital,2026-04-21,Inpatient Wards,Inpatient,83,0,45,14,13,2,2,Hospital Information System,True
EN001981,KPJ_01,JCORP Specialist Hospital,2026-04-22,Emergency Department,Emergency,162,150,59,0,0,0,0,Hospital Information System,True
EN001982,KPJ_01,JCORP Specialist Hospital,2026-04-22,Outpatient Department,Outpatient,375,345,299,0,0,0,0,Hospital Information System,True
EN001983,KPJ_01,JCORP Specialist Hospital,2026-04-22,Inpatient Wards,Inpatient,83,0,47,16,14,3,2,Hospital Information System,True
EN001984,KPJ_01,JCORP Specialist Hospital,2026-04-23,Emergency Department,Emergency,161,147,49,0,0,0,0,Hospital Information System,True
EN001985,KPJ_01,JCORP Specialist Hospital,2026-04-23,Outpatient Department,Outpatient,333,322,245,0,0,0,0,Hospital Information System,True
EN001986,KPJ_01,JCORP Specialist Hospital,2026-04-23,Inpatient Wards,Inpatient,84,0,47,18,17,2,1,Hospital Information System,True
EN001987,KPJ_01,JCORP Specialist Hospital,2026-04-24,Emergency Department,Emergency,172,158,55,0,0,0,0,Hospital Information System,True
EN001988,KPJ_01,JCORP Specialist Hospital,2026-04-24,Outpatient Department,Outpatient,310,290,246,0,0,0,0,Hospital Information System,True
EN001989,KPJ_01,JCORP Specialist Hospital,2026-04-24,Inpatient Wards,Inpatient,88,0,52,14,14,1,0,Hospital Information System,True
EN001990,KPJ_01,JCORP Specialist Hospital,2026-04-25,Emergency Department,Emergency,182,163,60,0,0,0,0,Hospital Information System,True
EN001991,KPJ_01,JCORP Specialist Hospital,2026-04-25,Outpatient Department,Outpatient,126,119,93,0,0,0,0,Hospital Information System,True
EN001992,KPJ_01,JCORP Specialist Hospital,2026-04-25,Inpatient Wards,Inpatient,78,0,47,13,13,3,3,Hospital Information System,True
EN001993,KPJ_01,JCORP Specialist Hospital,2026-04-26,Emergency Department,Emergency,207,190,70,0,0,0,0,Hospital Information System,True
EN001994,KPJ_01,JCORP Specialist Hospital,2026-04-26,Outpatient Department,Outpatient,115,108,83,0,0,0,0,Hospital Information System,True
EN001995,KPJ_01,JCORP Specialist Hospital,2026-04-26,Inpatient Wards,Inpatient,81,0,43,18,16,0,1,Hospital Information System,True
EN001996,KPJ_01,JCORP Specialist Hospital,2026-04-27,Emergency Department,Emergency,165,154,51,0,0,0,0,Hospital Information System,True
EN001997,KPJ_01,JCORP Specialist Hospital,2026-04-27,Outpatient Department,Outpatient,353,332,272,0,0,0,0,Hospital Information System,True
EN001998,KPJ_01,JCORP Specialist Hospital,2026-04-27,Inpatient Wards,Inpatient,93,0,47,14,12,1,2,Hospital Information System,True
EN001999,KPJ_01,JCORP Specialist Hospital,2026-04-28,Emergency Department,Emergency,145,130,58,0,0,0,0,Hospital Information System,True
EN002000,KPJ_01,JCORP Specialist Hospital,2026-04-28,Outpatient Department,Outpatient,362,347,266,0,0,0,0,Hospital Information System,True
EN002001,KPJ_01,JCORP Specialist Hospital,2026-04-28,Inpatient Wards,Inpatient,89,0,49,14,12,2,2,Hospital Information System,True
EN002002,KPJ_01,JCORP Specialist Hospital,2026-04-29,Emergency Department,Emergency,151,139,54,0,0,0,0,Hospital Information System,True
EN002003,KPJ_01,JCORP Specialist Hospital,2026-04-29,Outpatient Department,Outpatient,348,323,253,0,0,0,0,Hospital Information System,True
EN002004,KPJ_01,JCORP Specialist Hospital,2026-04-29,Inpatient Wards,Inpatient,84,0,48,16,16,2,3,Hospital Information System,True
EN002005,KPJ_01,JCORP Specialist Hospital,2026-04-30,Emergency Department,Emergency,153,136,59,0,0,0,0,Hospital Information System,True
EN002006,KPJ_01,JCORP Specialist Hospital,2026-04-30,Outpatient Department,Outpatient,366,345,284,0,0,0,0,Hospital Information System,True
EN002007,KPJ_01,JCORP Specialist Hospital,2026-04-30,Inpatient Wards,Inpatient,93,0,56,17,14,2,1,Hospital Information System,True
EN002008,KPJ_01,JCORP Specialist Hospital,2026-05-01,Emergency Department,Emergency,179,162,56,0,0,0,0,Hospital Information System,True
EN002009,KPJ_01,JCORP Specialist Hospital,2026-05-01,Outpatient Department,Outpatient,348,327,273,0,0,0,0,Hospital Information System,True
EN002010,KPJ_01,JCORP Specialist Hospital,2026-05-01,Inpatient Wards,Inpatient,86,0,46,12,13,2,1,Hospital Information System,True
EN002011,KPJ_01,JCORP Specialist Hospital,2026-05-02,Emergency Department,Emergency,184,172,66,0,0,0,0,Hospital Information System,True
EN002012,KPJ_01,JCORP Specialist Hospital,2026-05-02,Outpatient Department,Outpatient,125,120,90,0,0,0,0,Hospital Information System,True
EN002013,KPJ_01,JCORP Specialist Hospital,2026-05-02,Inpatient Wards,Inpatient,85,0,44,15,13,1,2,Hospital Information System,True
EN002014,KPJ_01,JCORP Specialist Hospital,2026-05-03,Emergency Department,Emergency,183,167,58,0,0,0,0,Hospital Information System,True
EN002015,KPJ_01,JCORP Specialist Hospital,2026-05-03,Outpatient Department,Outpatient,123,118,89,0,0,0,0,Hospital Information System,True
EN002016,KPJ_01,JCORP Specialist Hospital,2026-05-03,Inpatient Wards,Inpatient,80,0,40,14,16,1,1,Hospital Information System,True
EN002017,KPJ_01,JCORP Specialist Hospital,2026-05-04,Emergency Department,Emergency,148,137,53,0,0,0,0,Hospital Information System,True
EN002018,KPJ_01,JCORP Specialist Hospital,2026-05-04,Outpatient Department,Outpatient,346,321,252,0,0,0,0,Hospital Information System,True
EN002019,KPJ_01,JCORP Specialist Hospital,2026-05-04,Inpatient Wards,Inpatient,81,0,44,16,15,2,1,Hospital Information System,True
EN002020,KPJ_01,JCORP Specialist Hospital,2026-05-05,Emergency Department,Emergency,166,153,62,0,0,0,0,Hospital Information System,True
EN002021,KPJ_01,JCORP Specialist Hospital,2026-05-05,Outpatient Department,Outpatient,347,336,261,0,0,0,0,Hospital Information System,True
EN002022,KPJ_01,JCORP Specialist Hospital,2026-05-05,Inpatient Wards,Inpatient,82,0,47,13,11,2,0,Hospital Information System,True
EN002023,KPJ_01,JCORP Specialist Hospital,2026-05-06,Emergency Department,Emergency,164,150,62,0,0,0,0,Hospital Information System,True
EN002024,KPJ_01,JCORP Specialist Hospital,2026-05-06,Outpatient Department,Outpatient,337,314,241,0,0,0,0,Hospital Information System,True
EN002025,KPJ_01,JCORP Specialist Hospital,2026-05-06,Inpatient Wards,Inpatient,82,0,46,15,13,2,1,Hospital Information System,True
EN002026,KPJ_01,JCORP Specialist Hospital,2026-05-07,Emergency Department,Emergency,174,157,53,0,0,0,0,Hospital Information System,True
EN002027,KPJ_01,JCORP Specialist Hospital,2026-05-07,Outpatient Department,Outpatient,328,303,252,0,0,0,0,Hospital Information System,True
EN002028,KPJ_01,JCORP Specialist Hospital,2026-05-07,Inpatient Wards,Inpatient,84,0,48,19,18,1,2,Hospital Information System,True
EN002029,KPJ_01,JCORP Specialist Hospital,2026-05-08,Emergency Department,Emergency,167,152,55,0,0,0,0,Hospital Information System,True
EN002030,KPJ_01,JCORP Specialist Hospital,2026-05-08,Outpatient Department,Outpatient,360,341,274,0,0,0,0,Hospital Information System,True
EN002031,KPJ_01,JCORP Specialist Hospital,2026-05-08,Inpatient Wards,Inpatient,86,0,48,17,19,1,2,Hospital Information System,True
EN002032,KPJ_01,JCORP Specialist Hospital,2026-05-09,Emergency Department,Emergency,192,178,66,0,0,0,0,Hospital Information System,True
EN002033,KPJ_01,JCORP Specialist Hospital,2026-05-09,Outpatient Department,Outpatient,127,118,99,0,0,0,0,Hospital Information System,True
EN002034,KPJ_01,JCORP Specialist Hospital,2026-05-09,Inpatient Wards,Inpatient,89,0,45,16,12,3,2,Hospital Information System,True
EN002035,KPJ_01,JCORP Specialist Hospital,2026-05-10,Emergency Department,Emergency,193,173,65,0,0,0,0,Hospital Information System,True
EN002036,KPJ_01,JCORP Specialist Hospital,2026-05-10,Outpatient Department,Outpatient,120,115,93,0,0,0,0,Hospital Information System,True
EN002037,KPJ_01,JCORP Specialist Hospital,2026-05-10,Inpatient Wards,Inpatient,83,0,42,15,15,1,1,Hospital Information System,True
EN002038,KPJ_01,JCORP Specialist Hospital,2026-05-11,Emergency Department,Emergency,150,134,46,0,0,0,0,Hospital Information System,True
EN002039,KPJ_01,JCORP Specialist Hospital,2026-05-11,Outpatient Department,Outpatient,367,354,268,0,0,0,0,Hospital Information System,True
EN002040,KPJ_01,JCORP Specialist Hospital,2026-05-11,Inpatient Wards,Inpatient,89,0,49,19,17,3,1,Hospital Information System,True
EN002041,KPJ_01,JCORP Specialist Hospital,2026-05-12,Emergency Department,Emergency,160,147,52,0,0,0,0,Hospital Information System,True
EN002042,KPJ_01,JCORP Specialist Hospital,2026-05-12,Outpatient Department,Outpatient,310,295,234,0,0,0,0,Hospital Information System,True
EN002043,KPJ_01,JCORP Specialist Hospital,2026-05-12,Inpatient Wards,Inpatient,90,0,51,17,18,2,2,Hospital Information System,True
EN002044,KPJ_01,JCORP Specialist Hospital,2026-05-13,Emergency Department,Emergency,173,160,59,0,0,0,0,Hospital Information System,True
EN002045,KPJ_01,JCORP Specialist Hospital,2026-05-13,Outpatient Department,Outpatient,336,310,260,0,0,0,0,Hospital Information System,True
EN002046,KPJ_01,JCORP Specialist Hospital,2026-05-13,Inpatient Wards,Inpatient,87,0,47,17,14,1,1,Hospital Information System,True
EN002047,KPJ_01,JCORP Specialist Hospital,2026-05-14,Emergency Department,Emergency,156,144,53,0,0,0,0,Hospital Information System,True
EN002048,KPJ_01,JCORP Specialist Hospital,2026-05-14,Outpatient Department,Outpatient,371,358,278,0,0,0,0,Hospital Information System,True
EN002049,KPJ_01,JCORP Specialist Hospital,2026-05-14,Inpatient Wards,Inpatient,76,0,41,12,12,2,2,Hospital Information System,True
EN002050,KPJ_01,JCORP Specialist Hospital,2026-05-15,Emergency Department,Emergency,146,132,46,0,0,0,0,Hospital Information System,True
EN002051,KPJ_01,JCORP Specialist Hospital,2026-05-15,Outpatient Department,Outpatient,379,353,280,0,0,0,0,Hospital Information System,True
EN002052,KPJ_01,JCORP Specialist Hospital,2026-05-15,Inpatient Wards,Inpatient,80,0,42,11,7,3,2,Hospital Information System,True
EN002053,KPJ_01,JCORP Specialist Hospital,2026-05-16,Emergency Department,Emergency,174,156,60,0,0,0,0,Hospital Information System,True
EN002054,KPJ_01,JCORP Specialist Hospital,2026-05-16,Outpatient Department,Outpatient,107,101,77,0,0,0,0,Hospital Information System,True
EN002055,KPJ_01,JCORP Specialist Hospital,2026-05-16,Inpatient Wards,Inpatient,80,0,40,15,14,1,2,Hospital Information System,True
EN002056,KPJ_01,JCORP Specialist Hospital,2026-05-17,Emergency Department,Emergency,195,177,59,0,0,0,0,Hospital Information System,True
EN002057,KPJ_01,JCORP Specialist Hospital,2026-05-17,Outpatient Department,Outpatient,107,99,78,0,0,0,0,Hospital Information System,True
EN002058,KPJ_01,JCORP Specialist Hospital,2026-05-17,Inpatient Wards,Inpatient,81,0,45,16,14,2,2,Hospital Information System,True
EN002059,KPJ_01,JCORP Specialist Hospital,2026-05-18,Emergency Department,Emergency,178,164,67,0,0,0,0,Hospital Information System,True
EN002060,KPJ_01,JCORP Specialist Hospital,2026-05-18,Outpatient Department,Outpatient,390,374,274,0,0,0,0,Hospital Information System,True
EN002061,KPJ_01,JCORP Specialist Hospital,2026-05-18,Inpatient Wards,Inpatient,80,0,44,12,13,1,0,Hospital Information System,True
EN002062,KPJ_01,JCORP Specialist Hospital,2026-05-19,Emergency Department,Emergency,147,135,51,0,0,0,0,Hospital Information System,True
EN002063,KPJ_01,JCORP Specialist Hospital,2026-05-19,Outpatient Department,Outpatient,367,347,292,0,0,0,0,Hospital Information System,True
EN002064,KPJ_01,JCORP Specialist Hospital,2026-05-19,Inpatient Wards,Inpatient,87,0,50,17,16,1,3,Hospital Information System,True
EN002065,KPJ_01,JCORP Specialist Hospital,2026-05-20,Emergency Department,Emergency,168,153,55,0,0,0,0,Hospital Information System,True
EN002066,KPJ_01,JCORP Specialist Hospital,2026-05-20,Outpatient Department,Outpatient,353,338,259,0,0,0,0,Hospital Information System,True
EN002067,KPJ_01,JCORP Specialist Hospital,2026-05-20,Inpatient Wards,Inpatient,81,0,47,18,18,2,1,Hospital Information System,True
EN002068,KPJ_01,JCORP Specialist Hospital,2026-05-21,Emergency Department,Emergency,179,168,70,0,0,0,0,Hospital Information System,True
EN002069,KPJ_01,JCORP Specialist Hospital,2026-05-21,Outpatient Department,Outpatient,310,297,233,0,0,0,0,Hospital Information System,True
EN002070,KPJ_01,JCORP Specialist Hospital,2026-05-21,Inpatient Wards,Inpatient,95,0,55,18,16,3,1,Hospital Information System,True
EN002071,KPJ_01,JCORP Specialist Hospital,2026-05-22,Emergency Department,Emergency,158,142,53,0,0,0,0,Hospital Information System,True
EN002072,KPJ_01,JCORP Specialist Hospital,2026-05-22,Outpatient Department,Outpatient,316,292,241,0,0,0,0,Hospital Information System,True
EN002073,KPJ_01,JCORP Specialist Hospital,2026-05-22,Inpatient Wards,Inpatient,90,0,48,20,18,3,1,Hospital Information System,True
EN002074,KPJ_01,JCORP Specialist Hospital,2026-05-23,Emergency Department,Emergency,183,165,65,0,0,0,0,Hospital Information System,True
EN002075,KPJ_01,JCORP Specialist Hospital,2026-05-23,Outpatient Department,Outpatient,131,122,101,0,0,0,0,Hospital Information System,True
EN002076,KPJ_01,JCORP Specialist Hospital,2026-05-23,Inpatient Wards,Inpatient,81,0,45,17,16,1,3,Hospital Information System,True
EN002077,KPJ_01,JCORP Specialist Hospital,2026-05-24,Emergency Department,Emergency,190,169,71,0,0,0,0,Hospital Information System,True
EN002078,KPJ_01,JCORP Specialist Hospital,2026-05-24,Outpatient Department,Outpatient,116,111,90,0,0,0,0,Hospital Information System,True
EN002079,KPJ_01,JCORP Specialist Hospital,2026-05-24,Inpatient Wards,Inpatient,89,0,47,16,14,1,2,Hospital Information System,True
EN002080,KPJ_01,JCORP Specialist Hospital,2026-05-25,Emergency Department,Emergency,153,137,58,0,0,0,0,Hospital Information System,True
EN002081,KPJ_01,JCORP Specialist Hospital,2026-05-25,Outpatient Department,Outpatient,364,341,271,0,0,0,0,Hospital Information System,True
EN002082,KPJ_01,JCORP Specialist Hospital,2026-05-25,Inpatient Wards,Inpatient,88,0,46,18,16,1,1,Hospital Information System,True
EN002083,KPJ_01,JCORP Specialist Hospital,2026-05-26,Emergency Department,Emergency,164,150,63,0,0,0,0,Hospital Information System,True
EN002084,KPJ_01,JCORP Specialist Hospital,2026-05-26,Outpatient Department,Outpatient,323,309,238,0,0,0,0,Hospital Information System,True
EN002085,KPJ_01,JCORP Specialist Hospital,2026-05-26,Inpatient Wards,Inpatient,80,0,41,10,6,0,1,Hospital Information System,True
EN002086,KPJ_01,JCORP Specialist Hospital,2026-05-27,Emergency Department,Emergency,156,140,56,0,0,0,0,Hospital Information System,True
EN002087,KPJ_01,JCORP Specialist Hospital,2026-05-27,Outpatient Department,Outpatient,288,277,212,0,0,0,0,Hospital Information System,True
EN002088,KPJ_01,JCORP Specialist Hospital,2026-05-27,Inpatient Wards,Inpatient,85,0,50,16,17,2,1,Hospital Information System,True
EN002089,KPJ_01,JCORP Specialist Hospital,2026-05-28,Emergency Department,Emergency,173,160,56,0,0,0,0,Hospital Information System,True
EN002090,KPJ_01,JCORP Specialist Hospital,2026-05-28,Outpatient Department,Outpatient,338,319,254,0,0,0,0,Hospital Information System,True
EN002091,KPJ_01,JCORP Specialist Hospital,2026-05-28,Inpatient Wards,Inpatient,89,0,47,16,16,3,2,Hospital Information System,True
EN002092,KPJ_01,JCORP Specialist Hospital,2026-05-29,Emergency Department,Emergency,165,153,59,0,0,0,0,Hospital Information System,True
EN002093,KPJ_01,JCORP Specialist Hospital,2026-05-29,Outpatient Department,Outpatient,326,304,251,0,0,0,0,Hospital Information System,True
EN002094,KPJ_01,JCORP Specialist Hospital,2026-05-29,Inpatient Wards,Inpatient,85,0,49,14,11,2,2,Hospital Information System,True
EN002095,KPJ_01,JCORP Specialist Hospital,2026-05-30,Emergency Department,Emergency,185,167,58,0,0,0,0,Hospital Information System,True
EN002096,KPJ_01,JCORP Specialist Hospital,2026-05-30,Outpatient Department,Outpatient,123,113,96,0,0,0,0,Hospital Information System,True
EN002097,KPJ_01,JCORP Specialist Hospital,2026-05-30,Inpatient Wards,Inpatient,75,0,42,15,14,1,1,Hospital Information System,True
EN002098,KPJ_01,JCORP Specialist Hospital,2026-05-31,Emergency Department,Emergency,178,158,68,0,0,0,0,Hospital Information System,True
EN002099,KPJ_01,JCORP Specialist Hospital,2026-05-31,Outpatient Department,Outpatient,140,132,101,0,0,0,0,Hospital Information System,True
EN002100,KPJ_01,JCORP Specialist Hospital,2026-05-31,Inpatient Wards,Inpatient,85,0,48,16,14,2,2,Hospital Information System,True
EN002101,KPJ_01,JCORP Specialist Hospital,2026-06-01,Emergency Department,Emergency,174,159,62,0,0,0,0,Hospital Information System,True
EN002102,KPJ_01,JCORP Specialist Hospital,2026-06-01,Outpatient Department,Outpatient,405,391,287,0,0,0,0,Hospital Information System,True
EN002103,KPJ_01,JCORP Specialist Hospital,2026-06-01,Inpatient Wards,Inpatient,92,0,51,17,13,1,1,Hospital Information System,True
EN002104,KPJ_01,JCORP Specialist Hospital,2026-06-02,Emergency Department,Emergency,174,156,54,0,0,0,0,Hospital Information System,True
EN002105,KPJ_01,JCORP Specialist Hospital,2026-06-02,Outpatient Department,Outpatient,338,327,238,0,0,0,0,Hospital Information System,True
EN002106,KPJ_01,JCORP Specialist Hospital,2026-06-02,Inpatient Wards,Inpatient,95,0,54,19,14,2,0,Hospital Information System,True
EN002107,KPJ_01,JCORP Specialist Hospital,2026-06-03,Emergency Department,Emergency,162,146,64,0,0,0,0,Hospital Information System,True
EN002108,KPJ_01,JCORP Specialist Hospital,2026-06-03,Outpatient Department,Outpatient,307,297,235,0,0,0,0,Hospital Information System,True
EN002109,KPJ_01,JCORP Specialist Hospital,2026-06-03,Inpatient Wards,Inpatient,103,0,60,20,17,1,3,Hospital Information System,True
EN002110,KPJ_01,JCORP Specialist Hospital,2026-06-04,Emergency Department,Emergency,168,150,62,0,0,0,0,Hospital Information System,True
EN002111,KPJ_01,JCORP Specialist Hospital,2026-06-04,Outpatient Department,Outpatient,343,328,254,0,0,0,0,Hospital Information System,True
EN002112,KPJ_01,JCORP Specialist Hospital,2026-06-04,Inpatient Wards,Inpatient,85,0,45,15,15,3,1,Hospital Information System,True
EN002113,KPJ_01,JCORP Specialist Hospital,2026-06-05,Emergency Department,Emergency,150,138,46,0,0,0,0,Hospital Information System,True
EN002114,KPJ_01,JCORP Specialist Hospital,2026-06-05,Outpatient Department,Outpatient,335,310,244,0,0,0,0,Hospital Information System,True
EN002115,KPJ_01,JCORP Specialist Hospital,2026-06-05,Inpatient Wards,Inpatient,87,0,50,18,16,2,1,Hospital Information System,True
EN002116,KPJ_01,JCORP Specialist Hospital,2026-06-06,Emergency Department,Emergency,184,172,60,0,0,0,0,Hospital Information System,True
EN002117,KPJ_01,JCORP Specialist Hospital,2026-06-06,Outpatient Department,Outpatient,129,123,100,0,0,0,0,Hospital Information System,True
EN002118,KPJ_01,JCORP Specialist Hospital,2026-06-06,Inpatient Wards,Inpatient,97,0,56,12,8,0,1,Hospital Information System,True
EN002119,KPJ_01,JCORP Specialist Hospital,2026-06-07,Emergency Department,Emergency,180,167,58,0,0,0,0,Hospital Information System,True
EN002120,KPJ_01,JCORP Specialist Hospital,2026-06-07,Outpatient Department,Outpatient,114,110,86,0,0,0,0,Hospital Information System,True
EN002121,KPJ_01,JCORP Specialist Hospital,2026-06-07,Inpatient Wards,Inpatient,77,0,40,16,12,1,1,Hospital Information System,True
EN002122,KPJ_01,JCORP Specialist Hospital,2026-06-08,Emergency Department,Emergency,170,156,55,0,0,0,0,Hospital Information System,True
EN002123,KPJ_01,JCORP Specialist Hospital,2026-06-08,Outpatient Department,Outpatient,357,343,252,0,0,0,0,Hospital Information System,True
EN002124,KPJ_01,JCORP Specialist Hospital,2026-06-08,Inpatient Wards,Inpatient,91,0,53,19,17,1,1,Hospital Information System,True
EN002125,KPJ_01,JCORP Specialist Hospital,2026-06-09,Emergency Department,Emergency,169,156,58,0,0,0,0,Hospital Information System,True
EN002126,KPJ_01,JCORP Specialist Hospital,2026-06-09,Outpatient Department,Outpatient,343,316,267,0,0,0,0,Hospital Information System,True
EN002127,KPJ_01,JCORP Specialist Hospital,2026-06-09,Inpatient Wards,Inpatient,88,0,50,18,17,1,2,Hospital Information System,True
EN002128,KPJ_01,JCORP Specialist Hospital,2026-06-10,Emergency Department,Emergency,165,153,65,0,0,0,0,Hospital Information System,True
EN002129,KPJ_01,JCORP Specialist Hospital,2026-06-10,Outpatient Department,Outpatient,359,338,286,0,0,0,0,Hospital Information System,True
EN002130,KPJ_01,JCORP Specialist Hospital,2026-06-10,Inpatient Wards,Inpatient,90,0,49,12,12,2,1,Hospital Information System,True
EN002131,KPJ_01,JCORP Specialist Hospital,2026-06-11,Emergency Department,Emergency,179,162,63,0,0,0,0,Hospital Information System,True
EN002132,KPJ_01,JCORP Specialist Hospital,2026-06-11,Outpatient Department,Outpatient,344,320,262,0,0,0,0,Hospital Information System,True
EN002133,KPJ_01,JCORP Specialist Hospital,2026-06-11,Inpatient Wards,Inpatient,87,0,45,18,17,2,1,Hospital Information System,True
EN002134,KPJ_01,JCORP Specialist Hospital,2026-06-12,Emergency Department,Emergency,143,129,54,0,0,0,0,Hospital Information System,True
EN002135,KPJ_01,JCORP Specialist Hospital,2026-06-12,Outpatient Department,Outpatient,341,317,263,0,0,0,0,Hospital Information System,True
EN002136,KPJ_01,JCORP Specialist Hospital,2026-06-12,Inpatient Wards,Inpatient,86,0,46,19,21,1,2,Hospital Information System,True
EN002137,KPJ_01,JCORP Specialist Hospital,2026-06-13,Emergency Department,Emergency,182,163,72,0,0,0,0,Hospital Information System,True
EN002138,KPJ_01,JCORP Specialist Hospital,2026-06-13,Outpatient Department,Outpatient,118,112,89,0,0,0,0,Hospital Information System,True
EN002139,KPJ_01,JCORP Specialist Hospital,2026-06-13,Inpatient Wards,Inpatient,87,0,52,17,19,3,2,Hospital Information System,True
EN002140,KPJ_01,JCORP Specialist Hospital,2026-06-14,Emergency Department,Emergency,164,147,53,0,0,0,0,Hospital Information System,True
EN002141,KPJ_01,JCORP Specialist Hospital,2026-06-14,Outpatient Department,Outpatient,124,115,99,0,0,0,0,Hospital Information System,True
EN002142,KPJ_01,JCORP Specialist Hospital,2026-06-14,Inpatient Wards,Inpatient,86,0,51,17,20,2,3,Hospital Information System,True
EN002143,KPJ_01,JCORP Specialist Hospital,2026-06-15,Emergency Department,Emergency,165,155,58,0,0,0,0,Hospital Information System,True
EN002144,KPJ_01,JCORP Specialist Hospital,2026-06-15,Outpatient Department,Outpatient,407,377,305,0,0,0,0,Hospital Information System,True
EN002145,KPJ_01,JCORP Specialist Hospital,2026-06-15,Inpatient Wards,Inpatient,93,0,53,15,15,1,4,Hospital Information System,True
EN002146,KPJ_01,JCORP Specialist Hospital,2026-06-16,Emergency Department,Emergency,174,158,68,0,0,0,0,Hospital Information System,True
EN002147,KPJ_01,JCORP Specialist Hospital,2026-06-16,Outpatient Department,Outpatient,363,341,289,0,0,0,0,Hospital Information System,True
EN002148,KPJ_01,JCORP Specialist Hospital,2026-06-16,Inpatient Wards,Inpatient,81,0,45,16,16,2,2,Hospital Information System,True
EN002149,KPJ_01,JCORP Specialist Hospital,2026-06-17,Emergency Department,Emergency,148,137,46,0,0,0,0,Hospital Information System,True
EN002150,KPJ_01,JCORP Specialist Hospital,2026-06-17,Outpatient Department,Outpatient,356,336,263,0,0,0,0,Hospital Information System,True
EN002151,KPJ_01,JCORP Specialist Hospital,2026-06-17,Inpatient Wards,Inpatient,79,0,45,14,16,3,1,Hospital Information System,True
EN002152,KPJ_01,JCORP Specialist Hospital,2026-06-18,Emergency Department,Emergency,161,147,53,0,0,0,0,Hospital Information System,True
EN002153,KPJ_01,JCORP Specialist Hospital,2026-06-18,Outpatient Department,Outpatient,322,304,247,0,0,0,0,Hospital Information System,True
EN002154,KPJ_01,JCORP Specialist Hospital,2026-06-18,Inpatient Wards,Inpatient,93,0,51,17,18,0,2,Hospital Information System,True
EN002155,KPJ_01,JCORP Specialist Hospital,2026-06-19,Emergency Department,Emergency,162,150,51,0,0,0,0,Hospital Information System,True
EN002156,KPJ_01,JCORP Specialist Hospital,2026-06-19,Outpatient Department,Outpatient,348,326,252,0,0,0,0,Hospital Information System,True
EN002157,KPJ_01,JCORP Specialist Hospital,2026-06-19,Inpatient Wards,Inpatient,80,0,47,15,13,1,2,Hospital Information System,True
EN002158,KPJ_01,JCORP Specialist Hospital,2026-06-20,Emergency Department,Emergency,193,177,72,0,0,0,0,Hospital Information System,True
EN002159,KPJ_01,JCORP Specialist Hospital,2026-06-20,Outpatient Department,Outpatient,120,116,89,0,0,0,0,Hospital Information System,True
EN002160,KPJ_01,JCORP Specialist Hospital,2026-06-20,Inpatient Wards,Inpatient,91,0,50,17,17,3,1,Hospital Information System,True
EN002161,KPJ_01,JCORP Specialist Hospital,2026-06-21,Emergency Department,Emergency,177,161,54,0,0,0,0,Hospital Information System,True
EN002162,KPJ_01,JCORP Specialist Hospital,2026-06-21,Outpatient Department,Outpatient,138,130,106,0,0,0,0,Hospital Information System,True
EN002163,KPJ_01,JCORP Specialist Hospital,2026-06-21,Inpatient Wards,Inpatient,85,0,44,15,16,2,0,Hospital Information System,True
EN002164,KPJ_01,JCORP Specialist Hospital,2026-06-22,Emergency Department,Emergency,168,153,59,0,0,0,0,Hospital Information System,True
EN002165,KPJ_01,JCORP Specialist Hospital,2026-06-22,Outpatient Department,Outpatient,325,313,241,0,0,0,0,Hospital Information System,True
EN002166,KPJ_01,JCORP Specialist Hospital,2026-06-22,Inpatient Wards,Inpatient,84,0,47,14,15,1,2,Hospital Information System,True
EN002167,KPJ_01,JCORP Specialist Hospital,2026-06-23,Emergency Department,Emergency,186,168,68,0,0,0,0,Hospital Information System,True
EN002168,KPJ_01,JCORP Specialist Hospital,2026-06-23,Outpatient Department,Outpatient,345,318,270,0,0,0,0,Hospital Information System,True
EN002169,KPJ_01,JCORP Specialist Hospital,2026-06-23,Inpatient Wards,Inpatient,84,0,46,14,12,2,1,Hospital Information System,True
EN002170,KPJ_01,JCORP Specialist Hospital,2026-06-24,Emergency Department,Emergency,170,154,65,0,0,0,0,Hospital Information System,True
EN002171,KPJ_01,JCORP Specialist Hospital,2026-06-24,Outpatient Department,Outpatient,377,362,290,0,0,0,0,Hospital Information System,True
EN002172,KPJ_01,JCORP Specialist Hospital,2026-06-24,Inpatient Wards,Inpatient,89,0,48,18,17,1,2,Hospital Information System,True
EN002173,KPJ_01,JCORP Specialist Hospital,2026-06-25,Emergency Department,Emergency,173,161,56,0,0,0,0,Hospital Information System,True
EN002174,KPJ_01,JCORP Specialist Hospital,2026-06-25,Outpatient Department,Outpatient,302,279,239,0,0,0,0,Hospital Information System,True
EN002175,KPJ_01,JCORP Specialist Hospital,2026-06-25,Inpatient Wards,Inpatient,99,0,58,17,18,0,1,Hospital Information System,True
EN002176,KPJ_01,JCORP Specialist Hospital,2026-06-26,Emergency Department,Emergency,179,163,61,0,0,0,0,Hospital Information System,True
EN002177,KPJ_01,JCORP Specialist Hospital,2026-06-26,Outpatient Department,Outpatient,350,335,249,0,0,0,0,Hospital Information System,True
EN002178,KPJ_01,JCORP Specialist Hospital,2026-06-26,Inpatient Wards,Inpatient,101,0,54,18,15,2,2,Hospital Information System,True
EN002179,KPJ_01,JCORP Specialist Hospital,2026-06-27,Emergency Department,Emergency,179,164,61,0,0,0,0,Hospital Information System,True
EN002180,KPJ_01,JCORP Specialist Hospital,2026-06-27,Outpatient Department,Outpatient,127,119,96,0,0,0,0,Hospital Information System,True
EN002181,KPJ_01,JCORP Specialist Hospital,2026-06-27,Inpatient Wards,Inpatient,89,0,51,16,15,2,1,Hospital Information System,True
EN002182,KPJ_01,JCORP Specialist Hospital,2026-06-28,Emergency Department,Emergency,209,192,71,0,0,0,0,Hospital Information System,True
EN002183,KPJ_01,JCORP Specialist Hospital,2026-06-28,Outpatient Department,Outpatient,131,126,100,0,0,0,0,Hospital Information System,True
EN002184,KPJ_01,JCORP Specialist Hospital,2026-06-28,Inpatient Wards,Inpatient,76,0,38,15,15,3,2,Hospital Information System,True
EN002185,KPJ_01,JCORP Specialist Hospital,2026-06-29,Emergency Department,Emergency,152,140,57,0,0,0,0,Hospital Information System,True
EN002186,KPJ_01,JCORP Specialist Hospital,2026-06-29,Outpatient Department,Outpatient,415,399,328,0,0,0,0,Hospital Information System,True
EN002187,KPJ_01,JCORP Specialist Hospital,2026-06-29,Inpatient Wards,Inpatient,95,0,57,18,20,1,1,Hospital Information System,True
EN002188,KPJ_01,JCORP Specialist Hospital,2026-06-30,Emergency Department,Emergency,159,143,57,0,0,0,0,Hospital Information System,True
EN002189,KPJ_01,JCORP Specialist Hospital,2026-06-30,Outpatient Department,Outpatient,331,312,262,0,0,0,0,Hospital Information System,True
EN002190,KPJ_01,JCORP Specialist Hospital,2026-06-30,Inpatient Wards,Inpatient,83,0,43,12,10,3,2,Hospital Information System,True
