complaint_id,encounter_record_id,patient_visit_id,hospital_id,hospital_name,complaint_datetime,service_area,source,formal_complaint_flag,complaint_theme,complaint_text,sentiment,urgency,resolution_status,daily_average_wait_minutes,daily_critical_wait_share_pct,source_system,synthetic_flag
CMP0000001,EN000002,VIS00000369,KPJ_01,JCORP Specialist Hospital,2024-07-01 16:48:00,Outpatient Department,Google Review,False,Insufficient Staff,More staff were needed to manage the patient flow.,Negative,Medium,Not Applicable,35.66,0.0,Patient Experience System,True
CMP0000002,EN000008,VIS00001282,KPJ_01,JCORP Specialist Hospital,2024-07-03 14:44:00,Outpatient Department,Formal Complaint Form,True,Billing,The billing explanation was not satisfactory.,Negative,Medium,Resolved,34.75,0.0,Patient Experience System,True
CMP0000003,EN000012,,KPJ_01,JCORP Specialist Hospital,2024-07-04 14:38:00,Inpatient Wards,Patient Portal,True,Insufficient Staff,The counter was understaffed and service was slow.,Negative,Medium,Resolved,0.0,0.0,Patient Experience System,True
CMP0000004,EN000011,,KPJ_01,JCORP Specialist Hospital,2024-07-04 19:18:00,Outpatient Department,Formal Complaint Form,True,Overcrowding,There were too many patients in the service area.,Negative,Medium,Resolved,35.27,0.0,Patient Experience System,True
CMP0000005,EN000011,VIS00001535,KPJ_01,JCORP Specialist Hospital,2024-07-04 19:13:00,Outpatient Department,Call Centre,True,Billing,There was confusion about the bill.,Neutral,Low,Open,35.27,0.0,Patient Experience System,True
CMP0000006,EN000011,VIS00001712,KPJ_01,JCORP Specialist Hospital,2024-07-04 09:48:00,Outpatient Department,Patient Portal,True,Staff Attitude,The staff member was not very helpful.,Negative,Medium,Resolved,35.27,0.0,Patient Experience System,True
CMP0000007,EN000014,,KPJ_01,JCORP Specialist Hospital,2024-07-05 17:04:00,Outpatient Department,Patient Portal,True,Overcrowding,The department felt congested and uncomfortable.,Negative,Medium,Resolved,33.68,0.0,Patient Experience System,True
CMP0000008,EN000018,,KPJ_01,JCORP Specialist Hospital,2024-07-06 13:54:00,Inpatient Wards,Call Centre,True,Overcrowding,The waiting area was overcrowded.,Negative,Medium,In Progress,0.0,0.0,Patient Experience System,True
CMP0000009,EN000019,,KPJ_01,JCORP Specialist Hospital,2024-07-07 15:34:00,Emergency Department,Facebook,False,Long Waiting Time,My appointment was delayed and no clear update was given.,Negative,Medium,Not Applicable,28.42,2.96,Patient Experience System,True
CMP0000010,EN000019,VIS00002494,KPJ_01,JCORP Specialist Hospital,2024-07-07 14:37:00,Emergency Department,Patient Portal,True,Overcrowding,The department felt congested and uncomfortable.,Negative,High,Resolved,28.42,2.96,Patient Experience System,True
CMP0000011,EN000021,,KPJ_01,JCORP Specialist Hospital,2024-07-07 17:47:00,Inpatient Wards,Google Review,False,Long Waiting Time,I arrived on time but still waited for a long period.,Negative,Medium,Not Applicable,0.0,0.0,Patient Experience System,True
CMP0000012,EN000028,VIS00003660,KPJ_01,JCORP Specialist Hospital,2024-07-10 17:03:00,Emergency Department,Formal Complaint Form,True,Long Waiting Time,The waiting time was much longer than expected. The recorded wait was about 45 minutes.,Negative,Medium,Resolved,28.84,1.49,Patient Experience System,True
CMP0000013,EN000029,VIS00003920,KPJ_01,JCORP Specialist Hospital,2024-07-10 17:45:00,Outpatient Department,Facebook,False,Long Waiting Time,The queue moved very slowly and the wait was frustrating. The recorded wait was about 36 minutes.,Negative,Medium,Not Applicable,35.86,0.0,Patient Experience System,True
CMP0000014,EN000032,,KPJ_01,JCORP Specialist Hospital,2024-07-11 13:53:00,Outpatient Department,Call Centre,True,Long Waiting Time,My appointment was delayed and no clear update was given.,Negative,High,In Progress,36.24,0.0,Patient Experience System,True
CMP0000015,EN000034,VIS00004550,KPJ_01,JCORP Specialist Hospital,2024-07-12 20:06:00,Emergency Department,Formal Complaint Form,True,Insufficient Staff,More staff were needed to manage the patient flow.,Negative,High,In Progress,29.09,1.43,Patient Experience System,True
CMP0000016,EN000034,VIS00004485,KPJ_01,JCORP Specialist Hospital,2024-07-12 16:02:00,Emergency Department,Facebook,False,Overcrowding,The department felt congested and uncomfortable.,Negative,High,Not Applicable,29.09,1.43,Patient Experience System,True
CMP0000017,EN000035,,KPJ_01,JCORP Specialist Hospital,2024-07-12 17:39:00,Outpatient Department,Call Centre,True,Poor Communication,No one updated us about the service delay.,Negative,Low,Open,35.45,0.0,Patient Experience System,True
CMP0000018,EN000040,,KPJ_01,JCORP Specialist Hospital,2024-07-14 16:46:00,Emergency Department,Facebook,False,Long Waiting Time,I arrived on time but still waited for a long period.,Negative,Medium,Not Applicable,27.91,1.79,Patient Experience System,True
CMP0000019,EN000043,,KPJ_01,JCORP Specialist Hospital,2024-07-15 20:04:00,Emergency Department,Facebook,False,Overcrowding,The waiting area was overcrowded.,Negative,Medium,Not Applicable,30.88,5.44,Patient Experience System,True
CMP0000020,EN000044,VIS00005703,KPJ_01,JCORP Specialist Hospital,2024-07-15 09:26:00,Outpatient Department,Call Centre,True,Overcrowding,The department felt congested and uncomfortable.,Negative,Medium,Resolved,35.22,0.0,Patient Experience System,True
CMP0000021,EN000046,,KPJ_01,JCORP Specialist Hospital,2024-07-16 10:53:00,Emergency Department,Patient Portal,True,Poor Communication,No one updated us about the service delay.,Negative,Medium,Resolved,28.45,4.11,Patient Experience System,True
CMP0000022,EN000047,VIS00006278,KPJ_01,JCORP Specialist Hospital,2024-07-16 13:31:00,Outpatient Department,Call Centre,True,Poor Communication,The delay was not explained clearly.,Negative,Medium,In Progress,35.25,0.0,Patient Experience System,True
CMP0000023,EN000049,VIS00006495,KPJ_01,JCORP Specialist Hospital,2024-07-17 08:50:00,Emergency Department,Patient Portal,True,Poor Communication,I did not receive enough information about what was happening.,Negative,Low,In Progress,32.16,2.07,Patient Experience System,True
CMP0000024,EN000054,,KPJ_01,JCORP Specialist Hospital,2024-07-18 17:14:00,Inpatient Wards,Formal Complaint Form,True,Poor Communication,The instructions provided were confusing.,Negative,High,Open,0.0,0.0,Patient Experience System,True
CMP0000025,EN000053,,KPJ_01,JCORP Specialist Hospital,2024-07-18 15:31:00,Outpatient Department,Call Centre,True,Insufficient Staff,The counter was understaffed and service was slow.,Negative,Medium,Resolved,35.36,0.0,Patient Experience System,True
CMP0000026,EN000053,VIS00007152,KPJ_01,JCORP Specialist Hospital,2024-07-18 17:04:00,Outpatient Department,Formal Complaint Form,True,Long Waiting Time,My appointment was delayed and no clear update was given. The recorded wait was about 35 minutes.,Negative,Medium,In Progress,35.36,0.0,Patient Experience System,True
CMP0000027,EN000055,,KPJ_01,JCORP Specialist Hospital,2024-07-19 21:08:00,Emergency Department,Facebook,False,Poor Communication,No one updated us about the service delay.,Negative,Medium,Not Applicable,28.71,2.96,Patient Experience System,True
CMP0000028,EN000056,VIS00007662,KPJ_01,JCORP Specialist Hospital,2024-07-19 12:47:00,Outpatient Department,Formal Complaint Form,True,Billing,I had difficulty understanding the charges.,Negative,Low,Resolved,35.1,0.0,Patient Experience System,True
CMP0000029,EN000060,,KPJ_01,JCORP Specialist Hospital,2024-07-20 14:22:00,Inpatient Wards,Call Centre,True,Poor Communication,The delay was not explained clearly.,Negative,Low,Resolved,0.0,0.0,Patient Experience System,True
CMP0000030,EN000066,,KPJ_01,JCORP Specialist Hospital,2024-07-22 10:52:00,Inpatient Wards,Google Review,False,Poor Communication,No one updated us about the service delay.,Negative,Low,Not Applicable,0.0,0.0,Patient Experience System,True
CMP0000031,EN000067,,KPJ_01,JCORP Specialist Hospital,2024-07-23 21:39:00,Emergency Department,Facebook,False,Long Waiting Time,I waited far too long before being attended to.,Negative,High,Not Applicable,29.53,2.01,Patient Experience System,True
CMP0000032,EN000069,,KPJ_01,JCORP Specialist Hospital,2024-07-23 14:22:00,Inpatient Wards,Facebook,False,Poor Communication,I did not receive enough information about what was happening.,Negative,High,Not Applicable,0.0,0.0,Patient Experience System,True
CMP0000033,EN000071,VIS00009529,KPJ_01,JCORP Specialist Hospital,2024-07-24 11:44:00,Outpatient Department,Call Centre,True,Long Waiting Time,I waited far too long before being attended to. The recorded wait was about 32 minutes.,Negative,Medium,Open,34.32,0.0,Patient Experience System,True
CMP0000034,EN000076,,KPJ_01,JCORP Specialist Hospital,2024-07-26 17:58:00,Emergency Department,Formal Complaint Form,True,Staff Attitude,The interaction with staff could have been more professional.,Negative,Medium,In Progress,29.65,3.5,Patient Experience System,True
CMP0000035,EN000077,VIS00010243,KPJ_01,JCORP Specialist Hospital,2024-07-26 15:17:00,Outpatient Department,Call Centre,True,Poor Communication,I did not receive enough information about what was happening.,Negative,Medium,Resolved,35.15,0.0,Patient Experience System,True
CMP0000036,EN000079,,KPJ_01,JCORP Specialist Hospital,2024-07-27 10:44:00,Emergency Department,Patient Portal,True,Overcrowding,The waiting space was very crowded.,Negative,Medium,Resolved,27.62,2.47,Patient Experience System,True
CMP0000037,EN000083,,KPJ_01,JCORP Specialist Hospital,2024-07-28 21:50:00,Outpatient Department,Patient Portal,True,Staff Attitude,The interaction with staff could have been more professional.,Negative,High,Resolved,35.31,0.0,Patient Experience System,True
CMP0000038,EN000088,VIS00011504,KPJ_01,JCORP Specialist Hospital,2024-07-30 13:03:00,Emergency Department,Formal Complaint Form,True,Long Waiting Time,I waited far too long before being attended to. The recorded wait was about 52 minutes.,Negative,Medium,Resolved,29.75,4.08,Patient Experience System,True
CMP0000039,EN000092,,KPJ_01,JCORP Specialist Hospital,2024-07-31 12:18:00,Outpatient Department,Patient Portal,True,Poor Communication,I did not receive enough information about what was happening.,Negative,Medium,Resolved,34.6,0.0,Patient Experience System,True
CMP0000040,EN000094,VIS00012473,KPJ_01,JCORP Specialist Hospital,2024-08-01 09:10:00,Emergency Department,Google Review,False,Poor Communication,No one updated us about the service delay.,Negative,Medium,Not Applicable,28.83,1.52,Patient Experience System,True
CMP0000041,EN000097,VIS00012879,KPJ_01,JCORP Specialist Hospital,2024-08-02 16:02:00,Emergency Department,Google Review,False,Facility Condition,The cleanliness of the area needs attention.,Negative,Low,Not Applicable,28.23,1.38,Patient Experience System,True
CMP0000042,EN000098,VIS00012960,KPJ_01,JCORP Specialist Hospital,2024-08-02 21:08:00,Outpatient Department,Call Centre,True,Long Waiting Time,I waited far too long before being attended to. The recorded wait was about 42 minutes.,Negative,High,Resolved,34.78,0.0,Patient Experience System,True
CMP0000043,EN000100,VIS00013240,KPJ_01,JCORP Specialist Hospital,2024-08-03 09:59:00,Emergency Department,Patient Portal,True,Billing,There was confusion about the bill.,Negative,Medium,In Progress,28.8,1.57,Patient Experience System,True
CMP0000044,EN000108,,KPJ_01,JCORP Specialist Hospital,2024-08-05 19:16:00,Inpatient Wards,Formal Complaint Form,True,Staff Attitude,The interaction with staff could have been more professional.,Negative,Low,In Progress,0.0,0.0,Patient Experience System,True
CMP0000045,EN000107,VIS00014041,KPJ_01,JCORP Specialist Hospital,2024-08-05 14:41:00,Outpatient Department,Google Review,False,Insufficient Staff,The counter was understaffed and service was slow.,Negative,Medium,Not Applicable,36.02,0.0,Patient Experience System,True
CMP0000046,EN000109,,KPJ_01,JCORP Specialist Hospital,2024-08-06 09:39:00,Emergency Department,Formal Complaint Form,True,Facility Condition,The facility condition could be improved.,Negative,Low,Resolved,29.51,2.52,Patient Experience System,True
CMP0000047,EN000114,,KPJ_01,JCORP Specialist Hospital,2024-08-07 19:23:00,Inpatient Wards,Patient Portal,True,Long Waiting Time,The waiting time was much longer than expected.,Negative,Medium,Resolved,0.0,0.0,Patient Experience System,True
CMP0000048,EN000116,VIS00015471,KPJ_01,JCORP Specialist Hospital,2024-08-08 12:17:00,Outpatient Department,Formal Complaint Form,True,Staff Attitude,I expected more courtesy during the visit.,Negative,Medium,Resolved,34.75,0.0,Patient Experience System,True
CMP0000049,EN000116,VIS00015536,KPJ_01,JCORP Specialist Hospital,2024-08-08 16:55:00,Outpatient Department,Patient Portal,True,Poor Communication,Staff communication about the waiting process was unclear.,Negative,Medium,Resolved,34.75,0.0,Patient Experience System,True
CMP0000050,EN000119,,KPJ_01,JCORP Specialist Hospital,2024-08-09 11:55:00,Outpatient Department,Google Review,False,Long Waiting Time,My appointment was delayed and no clear update was given.,Negative,Medium,Not Applicable,35.8,0.0,Patient Experience System,True
CMP0000051,EN000121,VIS00016129,KPJ_01,JCORP Specialist Hospital,2024-08-10 19:08:00,Emergency Department,Formal Complaint Form,True,Long Waiting Time,I arrived on time but still waited for a long period. The recorded wait was about 45 minutes.,Negative,Medium,Resolved,27.97,1.3,Patient Experience System,True
CMP0000052,EN000122,,KPJ_01,JCORP Specialist Hospital,2024-08-10 13:09:00,Outpatient Department,Google Review,False,Long Waiting Time,I arrived on time but still waited for a long period.,Negative,Medium,Not Applicable,34.7,0.0,Patient Experience System,True
CMP0000053,EN000124,,KPJ_01,JCORP Specialist Hospital,2024-08-11 18:00:00,Emergency Department,Formal Complaint Form,True,Insufficient Staff,More staff were needed to manage the patient flow.,Negative,High,Resolved,28.0,3.21,Patient Experience System,True
CMP0000054,EN000124,VIS00016367,KPJ_01,JCORP Specialist Hospital,2024-08-11 19:47:00,Emergency Department,Formal Complaint Form,True,Poor Communication,The instructions provided were confusing.,Negative,Medium,Resolved,28.0,3.21,Patient Experience System,True
CMP0000055,EN000126,,KPJ_01,JCORP Specialist Hospital,2024-08-11 14:08:00,Inpatient Wards,Call Centre,True,Facility Condition,The waiting area was not comfortable.,Neutral,Low,Open,0.0,0.0,Patient Experience System,True
CMP0000056,EN000127,,KPJ_01,JCORP Specialist Hospital,2024-08-12 21:27:00,Emergency Department,Patient Portal,True,Long Waiting Time,My appointment was delayed and no clear update was given.,Negative,Medium,Resolved,27.03,4.03,Patient Experience System,True
CMP0000057,EN000129,,KPJ_01,JCORP Specialist Hospital,2024-08-12 08:31:00,Inpatient Wards,Patient Portal,True,Staff Attitude,The interaction with staff could have been more professional.,Negative,Low,Resolved,0.0,0.0,Patient Experience System,True
CMP0000058,EN000128,,KPJ_01,JCORP Specialist Hospital,2024-08-12 19:42:00,Outpatient Department,Formal Complaint Form,True,Facility Condition,Some facilities were not functioning properly.,Negative,Medium,In Progress,35.01,0.0,Patient Experience System,True
CMP0000059,EN000130,,KPJ_01,JCORP Specialist Hospital,2024-08-13 10:31:00,Emergency Department,Google Review,False,Poor Communication,I did not receive enough information about what was happening.,Negative,High,Not Applicable,27.61,1.48,Patient Experience System,True
CMP0000060,EN000133,,KPJ_01,JCORP Specialist Hospital,2024-08-14 10:49:00,Emergency Department,Formal Complaint Form,True,Staff Attitude,The response from staff felt unfriendly.,Negative,Medium,Resolved,29.58,2.65,Patient Experience System,True
CMP0000061,EN000134,,KPJ_01,JCORP Specialist Hospital,2024-08-14 15:27:00,Outpatient Department,Facebook,False,Poor Communication,Staff communication about the waiting process was unclear.,Negative,Medium,Not Applicable,35.08,0.0,Patient Experience System,True
CMP0000062,EN000134,VIS00017980,KPJ_01,JCORP Specialist Hospital,2024-08-14 16:44:00,Outpatient Department,Patient Portal,True,Insufficient Staff,More staff were needed to manage the patient flow.,Negative,Medium,Open,35.08,0.0,Patient Experience System,True
CMP0000063,EN000142,VIS00018997,KPJ_01,JCORP Specialist Hospital,2024-08-17 21:21:00,Emergency Department,Google Review,False,Long Waiting Time,The queue moved very slowly and the wait was frustrating. The recorded wait was about 23 minutes.,Negative,Medium,Not Applicable,28.39,2.11,Patient Experience System,True
CMP0000064,EN000144,,KPJ_01,JCORP Specialist Hospital,2024-08-17 08:52:00,Inpatient Wards,Google Review,False,Long Waiting Time,I arrived on time but still waited for a long period.,Negative,Medium,Not Applicable,0.0,0.0,Patient Experience System,True
CMP0000065,EN000143,VIS00019105,KPJ_01,JCORP Specialist Hospital,2024-08-17 21:20:00,Outpatient Department,Patient Portal,True,Overcrowding,The department felt congested and uncomfortable.,Negative,Medium,Resolved,34.74,0.0,Patient Experience System,True
CMP0000066,EN000148,VIS00019425,KPJ_01,JCORP Specialist Hospital,2024-08-19 17:02:00,Emergency Department,Facebook,False,Long Waiting Time,The waiting time was much longer than expected. The recorded wait was about 35 minutes.,Negative,Medium,Not Applicable,28.28,2.8,Patient Experience System,True
CMP0000067,EN000149,,KPJ_01,JCORP Specialist Hospital,2024-08-19 12:37:00,Outpatient Department,Formal Complaint Form,True,Long Waiting Time,I waited far too long before being attended to.,Negative,Medium,Resolved,33.5,0.0,Patient Experience System,True
CMP0000068,EN000154,,KPJ_01,JCORP Specialist Hospital,2024-08-21 13:21:00,Emergency Department,Patient Portal,True,Poor Communication,Staff communication about the waiting process was unclear.,Negative,Medium,Resolved,30.38,2.07,Patient Experience System,True
CMP0000069,EN000155,VIS00020502,KPJ_01,JCORP Specialist Hospital,2024-08-21 20:08:00,Outpatient Department,Call Centre,True,Long Waiting Time,The queue moved very slowly and the wait was frustrating. The recorded wait was about 44 minutes.,Negative,High,Resolved,35.1,0.0,Patient Experience System,True
CMP0000070,EN000157,VIS00020833,KPJ_01,JCORP Specialist Hospital,2024-08-22 16:58:00,Emergency Department,Facebook,False,Staff Attitude,The service attitude did not meet expectations.,Negative,Medium,Not Applicable,29.74,5.11,Patient Experience System,True
CMP0000071,EN000160,VIS00021201,KPJ_01,JCORP Specialist Hospital,2024-08-23 14:58:00,Emergency Department,Facebook,False,Poor Communication,The instructions provided were confusing.,Negative,High,Not Applicable,27.24,4.05,Patient Experience System,True
CMP0000072,EN000162,,KPJ_01,JCORP Specialist Hospital,2024-08-23 20:00:00,Inpatient Wards,Facebook,False,Poor Communication,The instructions provided were confusing.,Negative,Low,Not Applicable,0.0,0.0,Patient Experience System,True
CMP0000073,EN000161,VIS00021542,KPJ_01,JCORP Specialist Hospital,2024-08-23 16:28:00,Outpatient Department,Facebook,False,Poor Communication,Staff communication about the waiting process was unclear.,Negative,Low,Not Applicable,34.87,0.0,Patient Experience System,True
CMP0000074,EN000164,,KPJ_01,JCORP Specialist Hospital,2024-08-24 14:44:00,Outpatient Department,Google Review,False,Overcrowding,Patient flow appeared poorly managed.,Negative,Medium,Not Applicable,35.23,0.0,Patient Experience System,True
CMP0000075,EN000168,,KPJ_01,JCORP Specialist Hospital,2024-08-25 15:34:00,Inpatient Wards,Call Centre,True,Insufficient Staff,The counter was understaffed and service was slow.,Negative,High,Resolved,0.0,0.0,Patient Experience System,True
CMP0000076,EN000167,VIS00022174,KPJ_01,JCORP Specialist Hospital,2024-08-25 13:07:00,Outpatient Department,Google Review,False,Long Waiting Time,I arrived on time but still waited for a long period. The recorded wait was about 50 minutes.,Negative,High,Not Applicable,34.98,0.0,Patient Experience System,True
CMP0000077,EN000170,VIS00022424,KPJ_01,JCORP Specialist Hospital,2024-08-26 17:37:00,Outpatient Department,Call Centre,True,Billing,The billing explanation was not satisfactory.,Negative,Low,Resolved,34.49,0.0,Patient Experience System,True
CMP0000078,EN000170,VIS00022611,KPJ_01,JCORP Specialist Hospital,2024-08-26 20:17:00,Outpatient Department,Facebook,False,Overcrowding,The waiting space was very crowded.,Negative,Medium,Not Applicable,34.49,0.0,Patient Experience System,True
CMP0000079,EN000170,,KPJ_01,JCORP Specialist Hospital,2024-08-26 08:19:00,Outpatient Department,Patient Portal,True,Overcrowding,The waiting area was overcrowded.,Negative,High,Resolved,34.49,0.0,Patient Experience System,True
CMP0000080,EN000173,VIS00023019,KPJ_01,JCORP Specialist Hospital,2024-08-27 19:15:00,Outpatient Department,Call Centre,True,Insufficient Staff,Only a few staff members were handling many patients.,Negative,Medium,In Progress,34.63,0.0,Patient Experience System,True
CMP0000081,EN000173,VIS00022886,KPJ_01,JCORP Specialist Hospital,2024-08-27 21:24:00,Outpatient Department,Facebook,False,Poor Communication,I did not receive enough information about what was happening.,Negative,Medium,Not Applicable,34.63,0.0,Patient Experience System,True
CMP0000082,EN000176,VIS00023305,KPJ_01,JCORP Specialist Hospital,2024-08-28 16:21:00,Outpatient Department,Facebook,False,Insufficient Staff,The department appeared short-staffed during a busy period.,Negative,High,Not Applicable,34.84,0.0,Patient Experience System,True
CMP0000083,EN000181,VIS00024161,KPJ_01,JCORP Specialist Hospital,2024-08-30 15:26:00,Emergency Department,Facebook,False,Long Waiting Time,My appointment was delayed and no clear update was given. The recorded wait was about 8 minutes.,Negative,Medium,Not Applicable,28.2,4.73,Patient Experience System,True
CMP0000084,EN000190,,KPJ_01,JCORP Specialist Hospital,2024-09-02 11:57:00,Emergency Department,Formal Complaint Form,True,Insufficient Staff,More staff were needed to manage the patient flow.,Negative,Medium,In Progress,28.04,1.3,Patient Experience System,True
CMP0000085,EN000194,VIS00025899,KPJ_01,JCORP Specialist Hospital,2024-09-03 08:07:00,Outpatient Department,Formal Complaint Form,True,Long Waiting Time,The queue moved very slowly and the wait was frustrating. The recorded wait was about 43 minutes.,Negative,Medium,Open,35.35,0.0,Patient Experience System,True
CMP0000086,EN000197,,KPJ_01,JCORP Specialist Hospital,2024-09-04 20:58:00,Outpatient Department,Patient Portal,True,Insufficient Staff,Only a few staff members were handling many patients.,Negative,High,Resolved,34.63,0.0,Patient Experience System,True
CMP0000087,EN000199,VIS00026499,KPJ_01,JCORP Specialist Hospital,2024-09-05 10:10:00,Emergency Department,Google Review,False,Poor Communication,The instructions provided were confusing.,Negative,Medium,Not Applicable,27.83,3.4,Patient Experience System,True
CMP0000088,EN000200,VIS00026732,KPJ_01,JCORP Specialist Hospital,2024-09-05 09:34:00,Outpatient Department,Patient Portal,True,Overcrowding,There were too many patients in the service area.,Negative,Medium,Resolved,35.52,0.0,Patient Experience System,True
CMP0000089,EN000211,VIS00027943,KPJ_01,JCORP Specialist Hospital,2024-09-09 14:37:00,Emergency Department,Formal Complaint Form,True,Poor Communication,No one updated us about the service delay.,Negative,Medium,Resolved,28.24,3.52,Patient Experience System,True
CMP0000090,EN000211,,KPJ_01,JCORP Specialist Hospital,2024-09-09 14:15:00,Emergency Department,Formal Complaint Form,True,Billing,I had difficulty understanding the charges.,Negative,Low,Open,28.24,3.52,Patient Experience System,True
CMP0000091,EN000213,,KPJ_01,JCORP Specialist Hospital,2024-09-09 10:17:00,Inpatient Wards,Google Review,False,Long Waiting Time,I waited far too long before being attended to.,Negative,Medium,Not Applicable,0.0,0.0,Patient Experience System,True
CMP0000092,EN000214,,KPJ_01,JCORP Specialist Hospital,2024-09-10 13:00:00,Emergency Department,Formal Complaint Form,True,Insufficient Staff,More staff were needed to manage the patient flow.,Negative,Medium,Resolved,29.41,3.23,Patient Experience System,True
CMP0000093,EN000215,VIS00028534,KPJ_01,JCORP Specialist Hospital,2024-09-10 17:05:00,Outpatient Department,Formal Complaint Form,True,Insufficient Staff,More staff were needed to manage the patient flow.,Negative,Medium,In Progress,35.6,0.0,Patient Experience System,True
CMP0000094,EN000219,,KPJ_01,JCORP Specialist Hospital,2024-09-11 08:20:00,Inpatient Wards,Patient Portal,True,Facility Condition,The facility condition could be improved.,Negative,Medium,Resolved,0.0,0.0,Patient Experience System,True
CMP0000095,EN000226,,KPJ_01,JCORP Specialist Hospital,2024-09-14 12:37:00,Emergency Department,Facebook,False,Poor Communication,No one updated us about the service delay.,Negative,Medium,Not Applicable,28.98,0.67,Patient Experience System,True
CMP0000096,EN000229,VIS00030559,KPJ_01,JCORP Specialist Hospital,2024-09-15 18:57:00,Emergency Department,Google Review,False,Poor Communication,The delay was not explained clearly.,Negative,Medium,Not Applicable,30.43,1.37,Patient Experience System,True
CMP0000097,EN000233,VIS00031140,KPJ_01,JCORP Specialist Hospital,2024-09-16 18:44:00,Outpatient Department,Call Centre,True,Long Waiting Time,I waited far too long before being attended to. The recorded wait was about 36 minutes.,Negative,Medium,In Progress,35.23,0.0,Patient Experience System,True
CMP0000098,EN000235,VIS00031418,KPJ_01,JCORP Specialist Hospital,2024-09-17 10:17:00,Emergency Department,Facebook,False,Long Waiting Time,I waited far too long before being attended to. The recorded wait was about 50 minutes.,Negative,Medium,Not Applicable,28.43,3.33,Patient Experience System,True
CMP0000099,EN000238,,KPJ_01,JCORP Specialist Hospital,2024-09-18 19:58:00,Emergency Department,Call Centre,True,Poor Communication,I did not receive enough information about what was happening.,Negative,Medium,Resolved,29.14,2.01,Patient Experience System,True
CMP0000100,EN000240,,KPJ_01,JCORP Specialist Hospital,2024-09-18 16:45:00,Inpatient Wards,Facebook,False,Insufficient Staff,The counter was understaffed and service was slow.,Negative,Medium,Not Applicable,0.0,0.0,Patient Experience System,True
CMP0000101,EN000241,VIS00032234,KPJ_01,JCORP Specialist Hospital,2024-09-19 14:37:00,Emergency Department,Call Centre,True,Long Waiting Time,I waited far too long before being attended to. The recorded wait was about 32 minutes.,Negative,Medium,Resolved,30.25,1.23,Patient Experience System,True
CMP0000102,EN000243,,KPJ_01,JCORP Specialist Hospital,2024-09-19 16:40:00,Inpatient Wards,Google Review,False,Poor Communication,No one updated us about the service delay.,Negative,Low,Not Applicable,0.0,0.0,Patient Experience System,True
CMP0000103,EN000242,VIS00032662,KPJ_01,JCORP Specialist Hospital,2024-09-19 19:40:00,Outpatient Department,Google Review,False,Long Waiting Time,The queue moved very slowly and the wait was frustrating. The recorded wait was about 36 minutes.,Negative,High,Not Applicable,34.31,0.0,Patient Experience System,True
CMP0000104,EN000244,VIS00032765,KPJ_01,JCORP Specialist Hospital,2024-09-20 19:07:00,Emergency Department,Patient Portal,True,Insufficient Staff,More staff were needed to manage the patient flow.,Negative,Medium,Resolved,31.8,4.38,Patient Experience System,True
CMP0000105,EN000247,VIS00033279,KPJ_01,JCORP Specialist Hospital,2024-09-21 18:37:00,Emergency Department,Patient Portal,True,Staff Attitude,The service attitude did not meet expectations.,Negative,Low,Resolved,29.8,1.75,Patient Experience System,True
CMP0000106,EN000253,VIS00033781,KPJ_01,JCORP Specialist Hospital,2024-09-23 08:04:00,Emergency Department,Formal Complaint Form,True,Staff Attitude,The staff member was not very helpful.,Negative,Medium,Resolved,28.44,5.88,Patient Experience System,True
CMP0000107,EN000256,VIS00034272,KPJ_01,JCORP Specialist Hospital,2024-09-24 16:38:00,Emergency Department,Google Review,False,Poor Communication,I did not receive enough information about what was happening.,Negative,Medium,Not Applicable,29.89,1.9,Patient Experience System,True
CMP0000108,EN000257,VIS00034426,KPJ_01,JCORP Specialist Hospital,2024-09-24 18:08:00,Outpatient Department,Formal Complaint Form,True,Facility Condition,The facility condition could be improved.,Negative,Low,Resolved,34.37,0.0,Patient Experience System,True
CMP0000109,EN000260,VIS00034820,KPJ_01,JCORP Specialist Hospital,2024-09-25 12:36:00,Outpatient Department,Patient Portal,True,Staff Attitude,The response from staff felt unfriendly.,Negative,High,Resolved,34.23,0.0,Patient Experience System,True
CMP0000110,EN000265,VIS00035646,KPJ_01,JCORP Specialist Hospital,2024-09-27 21:00:00,Emergency Department,Patient Portal,True,Insufficient Staff,There did not seem to be enough staff available.,Negative,Medium,In Progress,29.52,2.19,Patient Experience System,True
CMP0000111,EN000266,VIS00035763,KPJ_01,JCORP Specialist Hospital,2024-09-27 13:26:00,Outpatient Department,Google Review,False,Staff Attitude,The interaction with staff could have been more professional.,Negative,Medium,Not Applicable,34.52,0.0,Patient Experience System,True
CMP0000112,EN000269,VIS00036207,KPJ_01,JCORP Specialist Hospital,2024-09-28 11:47:00,Outpatient Department,Formal Complaint Form,True,Poor Communication,Staff communication about the waiting process was unclear.,Negative,Medium,Resolved,33.41,0.0,Patient Experience System,True
CMP0000113,EN000275,VIS00036904,KPJ_01,JCORP Specialist Hospital,2024-09-30 11:33:00,Outpatient Department,Patient Portal,True,Poor Communication,No one updated us about the service delay.,Negative,Medium,Open,34.95,0.0,Patient Experience System,True
CMP0000114,EN000277,,KPJ_01,JCORP Specialist Hospital,2024-10-01 08:29:00,Emergency Department,Facebook,False,Staff Attitude,The response from staff felt unfriendly.,Negative,High,Not Applicable,27.21,0.71,Patient Experience System,True
CMP0000115,EN000278,VIS00037362,KPJ_01,JCORP Specialist Hospital,2024-10-01 15:04:00,Outpatient Department,Facebook,False,Overcrowding,There were too many patients in the service area.,Negative,High,Not Applicable,35.48,0.0,Patient Experience System,True
CMP0000116,EN000278,,KPJ_01,JCORP Specialist Hospital,2024-10-01 13:59:00,Outpatient Department,Call Centre,True,Long Waiting Time,The waiting time was much longer than expected.,Negative,Medium,Resolved,35.48,0.0,Patient Experience System,True
CMP0000117,EN000281,VIS00037642,KPJ_01,JCORP Specialist Hospital,2024-10-02 15:14:00,Outpatient Department,Call Centre,True,Long Waiting Time,I arrived on time but still waited for a long period. The recorded wait was about 13 minutes.,Negative,Medium,Open,35.53,0.0,Patient Experience System,True
CMP0000118,EN000284,VIS00038185,KPJ_01,JCORP Specialist Hospital,2024-10-03 13:44:00,Outpatient Department,Formal Complaint Form,True,Long Waiting Time,I arrived on time but still waited for a long period. The recorded wait was about 23 minutes.,Negative,Medium,In Progress,34.81,0.0,Patient Experience System,True
CMP0000119,EN000286,,KPJ_01,JCORP Specialist Hospital,2024-10-04 08:43:00,Emergency Department,Facebook,False,Long Waiting Time,I waited far too long before being attended to.,Negative,Medium,Not Applicable,31.63,2.45,Patient Experience System,True
CMP0000120,EN000288,,KPJ_01,JCORP Specialist Hospital,2024-10-04 11:07:00,Inpatient Wards,Formal Complaint Form,True,Insufficient Staff,The department appeared short-staffed during a busy period.,Negative,Medium,Resolved,0.0,0.0,Patient Experience System,True
CMP0000121,EN000289,,KPJ_01,JCORP Specialist Hospital,2024-10-05 14:42:00,Emergency Department,Facebook,False,Insufficient Staff,The counter was understaffed and service was slow.,Negative,High,Not Applicable,28.99,4.14,Patient Experience System,True
CMP0000122,EN000290,VIS00039042,KPJ_01,JCORP Specialist Hospital,2024-10-05 21:45:00,Outpatient Department,Facebook,False,Staff Attitude,The response from staff felt unfriendly.,Negative,Low,Not Applicable,35.97,0.0,Patient Experience System,True
CMP0000123,EN000299,,KPJ_01,JCORP Specialist Hospital,2024-10-08 13:14:00,Outpatient Department,Facebook,False,Staff Attitude,The interaction with staff could have been more professional.,Negative,Low,Not Applicable,35.58,0.0,Patient Experience System,True
CMP0000124,EN000304,VIS00040860,KPJ_01,JCORP Specialist Hospital,2024-10-10 10:30:00,Emergency Department,Facebook,False,Long Waiting Time,The queue moved very slowly and the wait was frustrating. The recorded wait was about 23 minutes.,Negative,Medium,Not Applicable,31.25,2.6,Patient Experience System,True
CMP0000125,EN000308,,KPJ_01,JCORP Specialist Hospital,2024-10-11 20:10:00,Outpatient Department,Facebook,False,Long Waiting Time,The waiting time was much longer than expected.,Negative,High,Not Applicable,34.67,0.0,Patient Experience System,True
CMP0000126,EN000313,VIS00042173,KPJ_01,JCORP Specialist Hospital,2024-10-13 13:22:00,Emergency Department,Call Centre,True,Overcrowding,Patient flow appeared poorly managed.,Negative,High,Resolved,29.61,3.47,Patient Experience System,True
CMP0000127,EN000313,,KPJ_01,JCORP Specialist Hospital,2024-10-13 21:14:00,Emergency Department,Call Centre,True,Insufficient Staff,The department appeared short-staffed during a busy period.,Negative,Medium,Resolved,29.61,3.47,Patient Experience System,True
CMP0000128,EN000316,,KPJ_01,JCORP Specialist Hospital,2024-10-14 15:49:00,Emergency Department,Facebook,False,Insufficient Staff,More staff were needed to manage the patient flow.,Negative,Medium,Not Applicable,29.92,1.2,Patient Experience System,True
CMP0000129,EN000316,,KPJ_01,JCORP Specialist Hospital,2024-10-14 13:34:00,Emergency Department,Call Centre,True,Billing,The billing process was unclear.,Negative,Medium,Resolved,29.92,1.2,Patient Experience System,True
CMP0000130,EN000317,VIS00042868,KPJ_01,JCORP Specialist Hospital,2024-10-14 10:39:00,Outpatient Department,Patient Portal,True,Poor Communication,The instructions provided were confusing.,Negative,Medium,Resolved,35.3,0.0,Patient Experience System,True
CMP0000131,EN000321,,KPJ_01,JCORP Specialist Hospital,2024-10-15 18:06:00,Inpatient Wards,Formal Complaint Form,True,Long Waiting Time,I waited far too long before being attended to.,Negative,High,Resolved,0.0,0.0,Patient Experience System,True
CMP0000132,EN000322,VIS00043530,KPJ_01,JCORP Specialist Hospital,2024-10-16 18:53:00,Emergency Department,Google Review,False,Poor Communication,No one updated us about the service delay.,Negative,Medium,Not Applicable,30.74,1.28,Patient Experience System,True
CMP0000133,EN000324,,KPJ_01,JCORP Specialist Hospital,2024-10-16 16:12:00,Inpatient Wards,Formal Complaint Form,True,Staff Attitude,The interaction with staff could have been more professional.,Negative,Medium,Resolved,0.0,0.0,Patient Experience System,True
CMP0000134,EN000325,VIS00044009,KPJ_01,JCORP Specialist Hospital,2024-10-17 09:15:00,Emergency Department,Facebook,False,Staff Attitude,The response from staff felt unfriendly.,Negative,Medium,Not Applicable,29.05,3.85,Patient Experience System,True
CMP0000135,EN000326,VIS00044121,KPJ_01,JCORP Specialist Hospital,2024-10-17 14:55:00,Outpatient Department,Patient Portal,True,Overcrowding,Patient flow appeared poorly managed.,Negative,High,Resolved,34.68,0.0,Patient Experience System,True
CMP0000136,EN000331,VIS00044857,KPJ_01,JCORP Specialist Hospital,2024-10-19 10:31:00,Emergency Department,Formal Complaint Form,True,Facility Condition,The facility condition could be improved.,Negative,Medium,Resolved,28.82,1.18,Patient Experience System,True
CMP0000137,EN000332,VIS00045034,KPJ_01,JCORP Specialist Hospital,2024-10-19 20:12:00,Outpatient Department,Call Centre,True,Long Waiting Time,I arrived on time but still waited for a long period. The recorded wait was about 29 minutes.,Negative,High,Resolved,34.13,0.0,Patient Experience System,True
CMP0000138,EN000332,VIS00045081,KPJ_01,JCORP Specialist Hospital,2024-10-19 15:49:00,Outpatient Department,Facebook,False,Insufficient Staff,There did not seem to be enough staff available.,Negative,Medium,Not Applicable,34.13,0.0,Patient Experience System,True
CMP0000139,EN000337,VIS00045407,KPJ_01,JCORP Specialist Hospital,2024-10-21 11:57:00,Emergency Department,Formal Complaint Form,True,Long Waiting Time,My appointment was delayed and no clear update was given. The recorded wait was about 22 minutes.,Negative,High,Open,30.92,1.3,Patient Experience System,True
CMP0000140,EN000338,VIS00045613,KPJ_01,JCORP Specialist Hospital,2024-10-21 21:29:00,Outpatient Department,Patient Portal,True,Staff Attitude,The service attitude did not meet expectations.,Negative,Medium,Resolved,35.34,0.0,Patient Experience System,True
CMP0000141,EN000338,VIS00045558,KPJ_01,JCORP Specialist Hospital,2024-10-21 13:23:00,Outpatient Department,Google Review,False,Long Waiting Time,The waiting time was much longer than expected. The recorded wait was about 17 minutes.,Negative,Medium,Not Applicable,35.34,0.0,Patient Experience System,True
CMP0000142,EN000343,VIS00046367,KPJ_01,JCORP Specialist Hospital,2024-10-23 18:07:00,Emergency Department,Call Centre,True,Billing,The billing process was unclear.,Negative,Low,In Progress,29.93,2.11,Patient Experience System,True
CMP0000143,EN000346,,KPJ_01,JCORP Specialist Hospital,2024-10-24 11:46:00,Emergency Department,Formal Complaint Form,True,Insufficient Staff,The department appeared short-staffed during a busy period.,Negative,Medium,Resolved,28.51,2.19,Patient Experience System,True
CMP0000144,EN000348,,KPJ_01,JCORP Specialist Hospital,2024-10-24 08:38:00,Inpatient Wards,Google Review,False,Insufficient Staff,More staff were needed to manage the patient flow.,Negative,Medium,Not Applicable,0.0,0.0,Patient Experience System,True
CMP0000145,EN000347,VIS00047206,KPJ_01,JCORP Specialist Hospital,2024-10-24 21:58:00,Outpatient Department,Facebook,False,Long Waiting Time,I arrived on time but still waited for a long period. The recorded wait was about 38 minutes.,Negative,High,Not Applicable,34.52,0.0,Patient Experience System,True
CMP0000146,EN000347,,KPJ_01,JCORP Specialist Hospital,2024-10-24 11:23:00,Outpatient Department,Formal Complaint Form,True,Staff Attitude,The service attitude did not meet expectations.,Negative,Medium,Resolved,34.52,0.0,Patient Experience System,True
CMP0000147,EN000355,,KPJ_01,JCORP Specialist Hospital,2024-10-27 18:03:00,Emergency Department,Patient Portal,True,Long Waiting Time,I arrived on time but still waited for a long period.,Negative,Medium,Resolved,28.89,2.86,Patient Experience System,True
CMP0000148,EN000359,,KPJ_01,JCORP Specialist Hospital,2024-10-28 17:29:00,Outpatient Department,Facebook,False,Poor Communication,I did not receive enough information about what was happening.,Negative,Low,Not Applicable,35.01,0.0,Patient Experience System,True
CMP0000149,EN000361,VIS00048898,KPJ_01,JCORP Specialist Hospital,2024-10-29 17:03:00,Emergency Department,Facebook,False,Long Waiting Time,The waiting time was much longer than expected. The recorded wait was about 55 minutes.,Negative,Medium,Not Applicable,29.26,2.68,Patient Experience System,True
CMP0000150,EN000368,VIS00049886,KPJ_01,JCORP Specialist Hospital,2024-10-31 11:34:00,Outpatient Department,Facebook,False,Insufficient Staff,There did not seem to be enough staff available.,Negative,Medium,Not Applicable,35.09,0.0,Patient Experience System,True
CMP0000151,EN000368,VIS00050141,KPJ_01,JCORP Specialist Hospital,2024-10-31 13:35:00,Outpatient Department,Facebook,False,Poor Communication,Staff communication about the waiting process was unclear.,Negative,Low,Not Applicable,35.09,0.0,Patient Experience System,True
CMP0000152,EN000371,,KPJ_01,JCORP Specialist Hospital,2024-11-01 14:19:00,Outpatient Department,Facebook,False,Long Waiting Time,I waited far too long before being attended to.,Negative,Medium,Not Applicable,35.03,0.0,Patient Experience System,True
CMP0000153,EN000373,VIS00050793,KPJ_01,JCORP Specialist Hospital,2024-11-02 11:54:00,Emergency Department,Formal Complaint Form,True,Insufficient Staff,The department appeared short-staffed during a busy period.,Negative,Medium,Resolved,29.25,1.97,Patient Experience System,True
CMP0000154,EN000373,VIS00050817,KPJ_01,JCORP Specialist Hospital,2024-11-02 10:08:00,Emergency Department,Call Centre,True,Staff Attitude,The interaction with staff could have been more professional.,Negative,High,Resolved,29.25,1.97,Patient Experience System,True
CMP0000155,EN000375,,KPJ_01,JCORP Specialist Hospital,2024-11-02 13:43:00,Inpatient Wards,Call Centre,True,Insufficient Staff,The department appeared short-staffed during a busy period.,Negative,High,Open,0.0,0.0,Patient Experience System,True
CMP0000156,EN000376,VIS00051090,KPJ_01,JCORP Specialist Hospital,2024-11-03 09:00:00,Emergency Department,Google Review,False,Long Waiting Time,I waited far too long before being attended to. The recorded wait was about 50 minutes.,Negative,High,Not Applicable,29.38,2.79,Patient Experience System,True
CMP0000157,EN000377,VIS00051205,KPJ_01,JCORP Specialist Hospital,2024-11-03 15:25:00,Outpatient Department,Call Centre,True,Long Waiting Time,I arrived on time but still waited for a long period. The recorded wait was about 30 minutes.,Negative,High,Resolved,35.93,0.0,Patient Experience System,True
CMP0000158,EN000380,,KPJ_01,JCORP Specialist Hospital,2024-11-04 12:18:00,Outpatient Department,Formal Complaint Form,True,Long Waiting Time,The waiting time was much longer than expected.,Negative,High,Resolved,34.67,0.0,Patient Experience System,True
CMP0000159,EN000382,VIS00051846,KPJ_01,JCORP Specialist Hospital,2024-11-05 19:19:00,Emergency Department,Patient Portal,True,Insufficient Staff,There did not seem to be enough staff available.,Negative,Medium,Resolved,31.17,0.66,Patient Experience System,True
CMP0000160,EN000383,VIS00052079,KPJ_01,JCORP Specialist Hospital,2024-11-05 18:17:00,Outpatient Department,Formal Complaint Form,True,Insufficient Staff,The counter was understaffed and service was slow.,Negative,Medium,In Progress,35.21,0.0,Patient Experience System,True
CMP0000161,EN000388,VIS00052793,KPJ_01,JCORP Specialist Hospital,2024-11-07 08:00:00,Emergency Department,Facebook,False,Overcrowding,The waiting area was overcrowded.,Negative,Medium,Not Applicable,29.91,3.09,Patient Experience System,True
CMP0000162,EN000389,,KPJ_01,JCORP Specialist Hospital,2024-11-07 11:11:00,Outpatient Department,Patient Portal,True,Insufficient Staff,More staff were needed to manage the patient flow.,Negative,High,In Progress,36.34,0.0,Patient Experience System,True
CMP0000163,EN000391,VIS00053293,KPJ_01,JCORP Specialist Hospital,2024-11-08 17:54:00,Emergency Department,Formal Complaint Form,True,Insufficient Staff,More staff were needed to manage the patient flow.,Negative,High,Resolved,29.84,0.62,Patient Experience System,True
CMP0000164,EN000393,,KPJ_01,JCORP Specialist Hospital,2024-11-08 08:25:00,Inpatient Wards,Patient Portal,True,Overcrowding,Patient flow appeared poorly managed.,Negative,High,Resolved,0.0,0.0,Patient Experience System,True
CMP0000165,EN000392,VIS00053423,KPJ_01,JCORP Specialist Hospital,2024-11-08 10:39:00,Outpatient Department,Patient Portal,True,Insufficient Staff,Only a few staff members were handling many patients.,Negative,Medium,In Progress,35.03,0.0,Patient Experience System,True
CMP0000166,EN000397,VIS00054003,KPJ_01,JCORP Specialist Hospital,2024-11-10 16:34:00,Emergency Department,Formal Complaint Form,True,Poor Communication,Staff communication about the waiting process was unclear.,Negative,Medium,Resolved,29.22,2.41,Patient Experience System,True
CMP0000167,EN000399,,KPJ_01,JCORP Specialist Hospital,2024-11-10 12:42:00,Inpatient Wards,Patient Portal,True,Insufficient Staff,Only a few staff members were handling many patients.,Negative,High,Open,0.0,0.0,Patient Experience System,True
CMP0000168,EN000398,VIS00054114,KPJ_01,JCORP Specialist Hospital,2024-11-10 17:30:00,Outpatient Department,Patient Portal,True,Poor Communication,No one updated us about the service delay.,Negative,High,Resolved,35.08,0.0,Patient Experience System,True
CMP0000169,EN000407,,KPJ_01,JCORP Specialist Hospital,2024-11-13 20:10:00,Outpatient Department,Call Centre,True,Facility Condition,The facility condition could be improved.,Neutral,Medium,Resolved,35.5,0.0,Patient Experience System,True
CMP0000170,EN000409,,KPJ_01,JCORP Specialist Hospital,2024-11-14 17:05:00,Emergency Department,Facebook,False,Long Waiting Time,I arrived on time but still waited for a long period.,Negative,Medium,Not Applicable,30.22,1.31,Patient Experience System,True
CMP0000171,EN000412,VIS00056100,KPJ_01,JCORP Specialist Hospital,2024-11-15 17:07:00,Emergency Department,Facebook,False,Poor Communication,I did not receive enough information about what was happening.,Negative,Medium,Not Applicable,26.9,6.29,Patient Experience System,True
CMP0000172,EN000418,VIS00056730,KPJ_01,JCORP Specialist Hospital,2024-11-17 17:26:00,Emergency Department,Google Review,False,Facility Condition,The waiting area was not comfortable.,Negative,Low,Not Applicable,27.73,2.69,Patient Experience System,True
CMP0000173,EN000422,VIS00057197,KPJ_01,JCORP Specialist Hospital,2024-11-18 20:05:00,Outpatient Department,Google Review,False,Long Waiting Time,I arrived on time but still waited for a long period. The recorded wait was about 25 minutes.,Negative,Medium,Not Applicable,35.27,0.0,Patient Experience System,True
CMP0000174,EN000425,VIS00057658,KPJ_01,JCORP Specialist Hospital,2024-11-19 21:34:00,Outpatient Department,Patient Portal,True,Billing,I had difficulty understanding the charges.,Negative,Medium,Resolved,34.69,0.0,Patient Experience System,True
CMP0000175,EN000431,,KPJ_01,JCORP Specialist Hospital,2024-11-21 16:36:00,Outpatient Department,Call Centre,True,Staff Attitude,The interaction with staff could have been more professional.,Negative,Medium,Open,36.09,0.0,Patient Experience System,True
CMP0000176,EN000433,VIS00058918,KPJ_01,JCORP Specialist Hospital,2024-11-22 14:30:00,Emergency Department,Formal Complaint Form,True,Poor Communication,No one updated us about the service delay.,Negative,Medium,Resolved,30.25,3.85,Patient Experience System,True
CMP0000177,EN000436,VIS00059255,KPJ_01,JCORP Specialist Hospital,2024-11-23 14:08:00,Emergency Department,Facebook,False,Long Waiting Time,My appointment was delayed and no clear update was given. The recorded wait was about 0 minutes.,Negative,Medium,Not Applicable,33.61,1.27,Patient Experience System,True
CMP0000178,EN000438,,KPJ_01,JCORP Specialist Hospital,2024-11-23 17:15:00,Inpatient Wards,Facebook,False,Insufficient Staff,More staff were needed to manage the patient flow.,Negative,Medium,Not Applicable,0.0,0.0,Patient Experience System,True
CMP0000179,EN000444,,KPJ_01,JCORP Specialist Hospital,2024-11-25 12:38:00,Inpatient Wards,Facebook,False,Overcrowding,There were too many patients in the service area.,Negative,Medium,Not Applicable,0.0,0.0,Patient Experience System,True
CMP0000180,EN000446,VIS00060557,KPJ_01,JCORP Specialist Hospital,2024-11-26 21:46:00,Outpatient Department,Formal Complaint Form,True,Long Waiting Time,I arrived on time but still waited for a long period. The recorded wait was about 22 minutes.,Negative,High,Resolved,34.17,0.0,Patient Experience System,True
CMP0000181,EN000449,VIS00061114,KPJ_01,JCORP Specialist Hospital,2024-11-27 14:47:00,Outpatient Department,Facebook,False,Insufficient Staff,The counter was understaffed and service was slow.,Negative,Medium,Not Applicable,35.5,0.0,Patient Experience System,True
CMP0000182,EN000451,VIS00061261,KPJ_01,JCORP Specialist Hospital,2024-11-28 16:08:00,Emergency Department,Facebook,False,Poor Communication,No one updated us about the service delay.,Negative,Medium,Not Applicable,28.51,3.52,Patient Experience System,True
CMP0000183,EN000454,VIS00061813,KPJ_01,JCORP Specialist Hospital,2024-11-29 11:55:00,Emergency Department,Google Review,False,Staff Attitude,The response from staff felt unfriendly.,Negative,Medium,Not Applicable,30.27,1.49,Patient Experience System,True
CMP0000184,EN000457,VIS00062208,KPJ_01,JCORP Specialist Hospital,2024-11-30 10:12:00,Emergency Department,Formal Complaint Form,True,Insufficient Staff,There did not seem to be enough staff available.,Negative,Medium,Resolved,30.03,2.84,Patient Experience System,True
CMP0000185,EN000459,,KPJ_01,JCORP Specialist Hospital,2024-11-30 09:24:00,Inpatient Wards,Formal Complaint Form,True,Long Waiting Time,My appointment was delayed and no clear update was given.,Negative,Medium,Resolved,0.0,0.0,Patient Experience System,True
CMP0000186,EN000461,VIS00062722,KPJ_01,JCORP Specialist Hospital,2024-12-01 21:50:00,Outpatient Department,Facebook,False,Long Waiting Time,I waited far too long before being attended to. The recorded wait was about 18 minutes.,Negative,High,Not Applicable,34.37,0.0,Patient Experience System,True
CMP0000187,EN000464,,KPJ_01,JCORP Specialist Hospital,2024-12-02 20:34:00,Outpatient Department,Google Review,False,Billing,The payment process took too long.,Negative,Medium,Not Applicable,34.26,0.0,Patient Experience System,True
CMP0000188,EN000466,VIS00063312,KPJ_01,JCORP Specialist Hospital,2024-12-03 14:45:00,Emergency Department,Patient Portal,True,Staff Attitude,The staff member was not very helpful.,Negative,Medium,Open,27.12,0.69,Patient Experience System,True
CMP0000189,EN000469,,KPJ_01,JCORP Specialist Hospital,2024-12-04 14:39:00,Emergency Department,Google Review,False,Overcrowding,The waiting area was overcrowded.,Negative,Medium,Not Applicable,27.74,3.45,Patient Experience System,True
CMP0000190,EN000470,VIS00064003,KPJ_01,JCORP Specialist Hospital,2024-12-04 12:10:00,Outpatient Department,Call Centre,True,Long Waiting Time,The waiting time was much longer than expected. The recorded wait was about 29 minutes.,Negative,Medium,Resolved,35.24,0.0,Patient Experience System,True
CMP0000191,EN000472,,KPJ_01,JCORP Specialist Hospital,2024-12-05 16:55:00,Emergency Department,Call Centre,True,Long Waiting Time,The queue moved very slowly and the wait was frustrating.,Negative,Medium,Resolved,29.1,3.92,Patient Experience System,True
CMP0000192,EN000474,,KPJ_01,JCORP Specialist Hospital,2024-12-05 18:40:00,Inpatient Wards,Patient Portal,True,Poor Communication,No one updated us about the service delay.,Negative,High,Resolved,0.0,0.0,Patient Experience System,True
CMP0000193,EN000476,VIS00064745,KPJ_01,JCORP Specialist Hospital,2024-12-06 21:29:00,Outpatient Department,Google Review,False,Long Waiting Time,The waiting time was much longer than expected. The recorded wait was about 35 minutes.,Negative,Medium,Not Applicable,35.72,0.0,Patient Experience System,True
CMP0000194,EN000478,VIS00065011,KPJ_01,JCORP Specialist Hospital,2024-12-07 13:24:00,Emergency Department,Facebook,False,Insufficient Staff,More staff were needed to manage the patient flow.,Negative,Medium,Not Applicable,29.94,2.08,Patient Experience System,True
CMP0000195,EN000481,,KPJ_01,JCORP Specialist Hospital,2024-12-08 14:46:00,Emergency Department,Patient Portal,True,Long Waiting Time,I arrived on time but still waited for a long period.,Negative,Medium,Resolved,31.41,2.94,Patient Experience System,True
CMP0000196,EN000481,,KPJ_01,JCORP Specialist Hospital,2024-12-08 18:43:00,Emergency Department,Facebook,False,Insufficient Staff,More staff were needed to manage the patient flow.,Negative,Medium,Not Applicable,31.41,2.94,Patient Experience System,True
CMP0000197,EN000484,VIS00065582,KPJ_01,JCORP Specialist Hospital,2024-12-09 19:13:00,Emergency Department,Facebook,False,Long Waiting Time,The waiting time was much longer than expected. The recorded wait was about 38 minutes.,Negative,High,Not Applicable,31.42,3.52,Patient Experience System,True
CMP0000198,EN000488,,KPJ_01,JCORP Specialist Hospital,2024-12-10 13:50:00,Outpatient Department,Facebook,False,Long Waiting Time,I waited far too long before being attended to.,Negative,Medium,Not Applicable,34.87,0.0,Patient Experience System,True
CMP0000199,EN000490,VIS00066442,KPJ_01,JCORP Specialist Hospital,2024-12-11 10:30:00,Emergency Department,Patient Portal,True,Overcrowding,The waiting area was overcrowded.,Negative,Medium,Resolved,31.77,2.63,Patient Experience System,True
CMP0000200,EN000491,,KPJ_01,JCORP Specialist Hospital,2024-12-11 12:10:00,Outpatient Department,Patient Portal,True,Long Waiting Time,I waited far too long before being attended to.,Negative,High,Resolved,34.88,0.0,Patient Experience System,True
CMP0000201,EN000494,,KPJ_01,JCORP Specialist Hospital,2024-12-12 10:05:00,Outpatient Department,Facebook,False,Overcrowding,The waiting space was very crowded.,Negative,Medium,Not Applicable,35.75,0.0,Patient Experience System,True
CMP0000202,EN000494,VIS00067193,KPJ_01,JCORP Specialist Hospital,2024-12-12 16:50:00,Outpatient Department,Google Review,False,Long Waiting Time,The waiting time was much longer than expected. The recorded wait was about 46 minutes.,Negative,Medium,Not Applicable,35.75,0.0,Patient Experience System,True
CMP0000203,EN000497,,KPJ_01,JCORP Specialist Hospital,2024-12-13 08:26:00,Outpatient Department,Patient Portal,True,Poor Communication,Staff communication about the waiting process was unclear.,Negative,Medium,Resolved,34.45,0.0,Patient Experience System,True
CMP0000204,EN000505,VIS00068297,KPJ_01,JCORP Specialist Hospital,2024-12-16 16:41:00,Emergency Department,Google Review,False,Long Waiting Time,The queue moved very slowly and the wait was frustrating. The recorded wait was about 26 minutes.,Negative,Medium,Not Applicable,28.95,2.0,Patient Experience System,True
CMP0000205,EN000510,,KPJ_01,JCORP Specialist Hospital,2024-12-17 21:55:00,Inpatient Wards,Formal Complaint Form,True,Overcrowding,There were too many patients in the service area.,Negative,High,Resolved,0.0,0.0,Patient Experience System,True
CMP0000206,EN000509,VIS00069094,KPJ_01,JCORP Specialist Hospital,2024-12-17 18:45:00,Outpatient Department,Patient Portal,True,Long Waiting Time,I arrived on time but still waited for a long period. The recorded wait was about 49 minutes.,Negative,Medium,Open,35.23,0.0,Patient Experience System,True
CMP0000207,EN000511,,KPJ_01,JCORP Specialist Hospital,2024-12-18 09:18:00,Emergency Department,Formal Complaint Form,True,Billing,I had difficulty understanding the charges.,Negative,Low,Open,30.81,3.77,Patient Experience System,True
CMP0000208,EN000511,VIS00069257,KPJ_01,JCORP Specialist Hospital,2024-12-18 10:36:00,Emergency Department,Google Review,False,Insufficient Staff,More staff were needed to manage the patient flow.,Negative,Medium,Not Applicable,30.81,3.77,Patient Experience System,True
CMP0000209,EN000516,,KPJ_01,JCORP Specialist Hospital,2024-12-19 19:56:00,Inpatient Wards,Formal Complaint Form,True,Facility Condition,The waiting area was not comfortable.,Neutral,Medium,Resolved,0.0,0.0,Patient Experience System,True
CMP0000210,EN000516,,KPJ_01,JCORP Specialist Hospital,2024-12-19 10:36:00,Inpatient Wards,Google Review,False,Long Waiting Time,I waited far too long before being attended to.,Negative,High,Not Applicable,0.0,0.0,Patient Experience System,True
CMP0000211,EN000519,,KPJ_01,JCORP Specialist Hospital,2024-12-20 14:46:00,Inpatient Wards,Patient Portal,True,Overcrowding,The waiting area was overcrowded.,Negative,Medium,In Progress,0.0,0.0,Patient Experience System,True
CMP0000212,EN000521,VIS00070733,KPJ_01,JCORP Specialist Hospital,2024-12-21 10:23:00,Outpatient Department,Formal Complaint Form,True,Facility Condition,The environment did not feel well maintained.,Negative,Low,Resolved,36.57,0.0,Patient Experience System,True
CMP0000213,EN000523,,KPJ_01,JCORP Specialist Hospital,2024-12-22 12:18:00,Emergency Department,Formal Complaint Form,True,Insufficient Staff,The counter was understaffed and service was slow.,Negative,Medium,In Progress,28.77,1.88,Patient Experience System,True
CMP0000214,EN000524,,KPJ_01,JCORP Specialist Hospital,2024-12-22 20:26:00,Outpatient Department,Formal Complaint Form,True,Long Waiting Time,I arrived on time but still waited for a long period.,Negative,Medium,Resolved,36.18,0.0,Patient Experience System,True
CMP0000215,EN000526,VIS00071229,KPJ_01,JCORP Specialist Hospital,2024-12-23 17:24:00,Emergency Department,Call Centre,True,Poor Communication,No one updated us about the service delay.,Negative,Medium,Open,28.14,3.4,Patient Experience System,True
CMP0000216,EN000527,VIS00071280,KPJ_01,JCORP Specialist Hospital,2024-12-23 11:19:00,Outpatient Department,Formal Complaint Form,True,Poor Communication,I did not receive enough information about what was happening.,Negative,High,Resolved,34.18,0.0,Patient Experience System,True
CMP0000217,EN000527,,KPJ_01,JCORP Specialist Hospital,2024-12-23 08:08:00,Outpatient Department,Google Review,False,Staff Attitude,I expected more courtesy during the visit.,Negative,Medium,Not Applicable,34.18,0.0,Patient Experience System,True
CMP0000218,EN000529,VIS00071628,KPJ_01,JCORP Specialist Hospital,2024-12-24 18:32:00,Emergency Department,Formal Complaint Form,True,Insufficient Staff,More staff were needed to manage the patient flow.,Negative,High,Resolved,29.28,2.65,Patient Experience System,True
CMP0000219,EN000530,VIS00071837,KPJ_01,JCORP Specialist Hospital,2024-12-24 14:22:00,Outpatient Department,Patient Portal,True,Long Waiting Time,I arrived on time but still waited for a long period. The recorded wait was about 49 minutes.,Negative,Medium,In Progress,36.69,0.0,Patient Experience System,True
CMP0000220,EN000532,VIS00072131,KPJ_01,JCORP Specialist Hospital,2024-12-25 15:23:00,Emergency Department,Formal Complaint Form,True,Long Waiting Time,The queue moved very slowly and the wait was frustrating. The recorded wait was about 26 minutes.,Negative,Medium,Resolved,29.49,4.94,Patient Experience System,True
CMP0000221,EN000533,VIS00072191,KPJ_01,JCORP Specialist Hospital,2024-12-25 21:36:00,Outpatient Department,Call Centre,True,Long Waiting Time,My appointment was delayed and no clear update was given. The recorded wait was about 38 minutes.,Negative,Medium,Resolved,34.59,0.0,Patient Experience System,True
CMP0000222,EN000538,,KPJ_01,JCORP Specialist Hospital,2024-12-27 09:06:00,Emergency Department,Formal Complaint Form,True,Overcrowding,There were too many patients in the service area.,Negative,Medium,Resolved,28.89,3.11,Patient Experience System,True
CMP0000223,EN000549,,KPJ_01,JCORP Specialist Hospital,2024-12-30 18:50:00,Inpatient Wards,Google Review,False,Overcrowding,The waiting area was overcrowded.,Negative,Medium,Not Applicable,0.0,0.0,Patient Experience System,True
CMP0000224,EN000551,VIS00074697,KPJ_01,JCORP Specialist Hospital,2024-12-31 10:39:00,Outpatient Department,Formal Complaint Form,True,Insufficient Staff,Only a few staff members were handling many patients.,Negative,Medium,Open,35.35,0.0,Patient Experience System,True
CMP0000225,EN000554,,KPJ_01,JCORP Specialist Hospital,2025-01-01 15:12:00,Outpatient Department,Patient Portal,True,Long Waiting Time,The waiting time was much longer than expected.,Negative,High,Resolved,35.76,0.0,Patient Experience System,True
CMP0000226,EN000554,,KPJ_01,JCORP Specialist Hospital,2025-01-01 20:37:00,Outpatient Department,Google Review,False,Overcrowding,Patient flow appeared poorly managed.,Negative,Medium,Not Applicable,35.76,0.0,Patient Experience System,True
CMP0000227,EN000554,VIS00074946,KPJ_01,JCORP Specialist Hospital,2025-01-01 12:58:00,Outpatient Department,Formal Complaint Form,True,Staff Attitude,The response from staff felt unfriendly.,Negative,Medium,In Progress,35.76,0.0,Patient Experience System,True
CMP0000228,EN000559,VIS00075709,KPJ_01,JCORP Specialist Hospital,2025-01-03 10:29:00,Emergency Department,Facebook,False,Insufficient Staff,The department appeared short-staffed during a busy period.,Negative,High,Not Applicable,27.15,2.11,Patient Experience System,True
CMP0000229,EN000562,VIS00076160,KPJ_01,JCORP Specialist Hospital,2025-01-04 20:35:00,Emergency Department,Facebook,False,Overcrowding,The waiting space was very crowded.,Negative,High,Not Applicable,28.76,2.42,Patient Experience System,True
CMP0000230,EN000562,VIS00076240,KPJ_01,JCORP Specialist Hospital,2025-01-04 11:45:00,Emergency Department,Formal Complaint Form,True,Long Waiting Time,I arrived on time but still waited for a long period. The recorded wait was about 25 minutes.,Negative,Medium,Open,28.76,2.42,Patient Experience System,True
CMP0000231,EN000563,VIS00076273,KPJ_01,JCORP Specialist Hospital,2025-01-04 10:45:00,Outpatient Department,Facebook,False,Insufficient Staff,There did not seem to be enough staff available.,Negative,Medium,Not Applicable,34.69,0.0,Patient Experience System,True
CMP0000232,EN000566,,KPJ_01,JCORP Specialist Hospital,2025-01-05 10:10:00,Outpatient Department,Facebook,False,Insufficient Staff,More staff were needed to manage the patient flow.,Negative,High,Not Applicable,35.55,0.0,Patient Experience System,True
CMP0000233,EN000571,VIS00077127,KPJ_01,JCORP Specialist Hospital,2025-01-07 09:21:00,Emergency Department,Formal Complaint Form,True,Long Waiting Time,The queue moved very slowly and the wait was frustrating. The recorded wait was about 44 minutes.,Negative,Medium,Resolved,30.34,3.9,Patient Experience System,True
CMP0000234,EN000572,,KPJ_01,JCORP Specialist Hospital,2025-01-07 12:50:00,Outpatient Department,Google Review,False,Overcrowding,There were too many patients in the service area.,Negative,High,Not Applicable,35.33,0.0,Patient Experience System,True
CMP0000235,EN000576,,KPJ_01,JCORP Specialist Hospital,2025-01-08 14:46:00,Inpatient Wards,Google Review,False,Poor Communication,I did not receive enough information about what was happening.,Negative,Medium,Not Applicable,0.0,0.0,Patient Experience System,True
CMP0000236,EN000575,VIS00077937,KPJ_01,JCORP Specialist Hospital,2025-01-08 10:38:00,Outpatient Department,Facebook,False,Poor Communication,No one updated us about the service delay.,Negative,Medium,Not Applicable,35.22,0.0,Patient Experience System,True
CMP0000237,EN000581,VIS00078846,KPJ_01,JCORP Specialist Hospital,2025-01-10 15:33:00,Outpatient Department,Formal Complaint Form,True,Long Waiting Time,The queue moved very slowly and the wait was frustrating. The recorded wait was about 39 minutes.,Negative,Medium,Resolved,36.34,0.0,Patient Experience System,True
CMP0000238,EN000586,VIS00079437,KPJ_01,JCORP Specialist Hospital,2025-01-12 12:26:00,Emergency Department,Formal Complaint Form,True,Overcrowding,The department felt congested and uncomfortable.,Negative,High,Resolved,29.76,1.21,Patient Experience System,True
CMP0000239,EN000590,VIS00079774,KPJ_01,JCORP Specialist Hospital,2025-01-13 09:46:00,Outpatient Department,Formal Complaint Form,True,Billing,There was confusion about the bill.,Negative,Medium,Resolved,34.48,0.0,Patient Experience System,True
CMP0000240,EN000592,VIS00080168,KPJ_01,JCORP Specialist Hospital,2025-01-14 20:01:00,Emergency Department,Formal Complaint Form,True,Staff Attitude,I expected more courtesy during the visit.,Negative,High,Resolved,29.52,4.26,Patient Experience System,True
CMP0000241,EN000593,,KPJ_01,JCORP Specialist Hospital,2025-01-14 15:56:00,Outpatient Department,Google Review,False,Poor Communication,No one updated us about the service delay.,Negative,Medium,Not Applicable,34.23,0.0,Patient Experience System,True
CMP0000242,EN000596,,KPJ_01,JCORP Specialist Hospital,2025-01-15 08:43:00,Outpatient Department,Facebook,False,Poor Communication,I did not receive enough information about what was happening.,Negative,Medium,Not Applicable,35.02,0.0,Patient Experience System,True
CMP0000243,EN000598,VIS00080955,KPJ_01,JCORP Specialist Hospital,2025-01-16 18:11:00,Emergency Department,Formal Complaint Form,True,Billing,There was confusion about the bill.,Negative,Low,Resolved,28.65,7.33,Patient Experience System,True
CMP0000244,EN000600,,KPJ_01,JCORP Specialist Hospital,2025-01-16 15:14:00,Inpatient Wards,Facebook,False,Staff Attitude,The interaction with staff could have been more professional.,Negative,Medium,Not Applicable,0.0,0.0,Patient Experience System,True
CMP0000245,EN000602,,KPJ_01,JCORP Specialist Hospital,2025-01-17 20:27:00,Outpatient Department,Google Review,False,Facility Condition,The environment did not feel well maintained.,Negative,Low,Not Applicable,35.39,0.0,Patient Experience System,True
CMP0000246,EN000604,,KPJ_01,JCORP Specialist Hospital,2025-01-18 18:07:00,Emergency Department,Facebook,False,Long Waiting Time,The queue moved very slowly and the wait was frustrating.,Negative,High,Not Applicable,28.19,1.65,Patient Experience System,True
CMP0000247,EN000610,VIS00082456,KPJ_01,JCORP Specialist Hospital,2025-01-20 16:28:00,Emergency Department,Facebook,False,Long Waiting Time,I arrived on time but still waited for a long period. The recorded wait was about 59 minutes.,Negative,Medium,Not Applicable,28.62,2.94,Patient Experience System,True
CMP0000248,EN000616,,KPJ_01,JCORP Specialist Hospital,2025-01-22 08:19:00,Emergency Department,Call Centre,True,Poor Communication,The instructions provided were confusing.,Negative,Medium,In Progress,30.17,2.84,Patient Experience System,True
CMP0000249,EN000617,,KPJ_01,JCORP Specialist Hospital,2025-01-22 08:02:00,Outpatient Department,Google Review,False,Long Waiting Time,The queue moved very slowly and the wait was frustrating.,Negative,High,Not Applicable,35.51,0.0,Patient Experience System,True
CMP0000250,EN000623,VIS00084429,KPJ_01,JCORP Specialist Hospital,2025-01-24 21:34:00,Outpatient Department,Facebook,False,Insufficient Staff,Only a few staff members were handling many patients.,Negative,High,Not Applicable,34.9,0.0,Patient Experience System,True
CMP0000251,EN000625,VIS00084706,KPJ_01,JCORP Specialist Hospital,2025-01-25 16:06:00,Emergency Department,Google Review,False,Poor Communication,No one updated us about the service delay.,Negative,Medium,Not Applicable,30.36,1.34,Patient Experience System,True
CMP0000252,EN000632,VIS00085366,KPJ_01,JCORP Specialist Hospital,2025-01-27 11:45:00,Outpatient Department,Formal Complaint Form,True,Overcrowding,Patient flow appeared poorly managed.,Negative,High,Resolved,36.3,0.0,Patient Experience System,True
CMP0000253,EN000642,,KPJ_01,JCORP Specialist Hospital,2025-01-30 10:54:00,Inpatient Wards,Call Centre,True,Overcrowding,The waiting area was overcrowded.,Negative,Medium,Open,0.0,0.0,Patient Experience System,True
CMP0000254,EN000641,VIS00086834,KPJ_01,JCORP Specialist Hospital,2025-01-30 11:30:00,Outpatient Department,Formal Complaint Form,True,Poor Communication,The instructions provided were confusing.,Negative,Low,Resolved,34.74,0.0,Patient Experience System,True
CMP0000255,EN000646,VIS00087431,KPJ_01,JCORP Specialist Hospital,2025-02-01 20:29:00,Emergency Department,Patient Portal,True,Long Waiting Time,I waited far too long before being attended to. The recorded wait was about 50 minutes.,Negative,Medium,Resolved,30.01,1.92,Patient Experience System,True
CMP0000256,EN000649,VIS00087666,KPJ_01,JCORP Specialist Hospital,2025-02-02 11:35:00,Emergency Department,Formal Complaint Form,True,Long Waiting Time,My appointment was delayed and no clear update was given. The recorded wait was about 19 minutes.,Negative,Medium,In Progress,31.82,1.44,Patient Experience System,True
CMP0000257,EN000651,,KPJ_01,JCORP Specialist Hospital,2025-02-02 18:03:00,Inpatient Wards,Patient Portal,True,Poor Communication,Staff communication about the waiting process was unclear.,Negative,Medium,Resolved,0.0,0.0,Patient Experience System,True
CMP0000258,EN000652,VIS00088005,KPJ_01,JCORP Specialist Hospital,2025-02-03 15:22:00,Emergency Department,Facebook,False,Staff Attitude,The staff member was not very helpful.,Negative,Low,Not Applicable,31.96,1.48,Patient Experience System,True
CMP0000259,EN000655,VIS00088397,KPJ_01,JCORP Specialist Hospital,2025-02-04 10:53:00,Emergency Department,Google Review,False,Long Waiting Time,I arrived on time but still waited for a long period. The recorded wait was about 26 minutes.,Negative,Medium,Not Applicable,29.25,2.9,Patient Experience System,True
CMP0000260,EN000655,,KPJ_01,JCORP Specialist Hospital,2025-02-04 21:32:00,Emergency Department,Patient Portal,True,Poor Communication,The instructions provided were confusing.,Negative,High,Resolved,29.25,2.9,Patient Experience System,True
CMP0000261,EN000656,VIS00088760,KPJ_01,JCORP Specialist Hospital,2025-02-04 09:04:00,Outpatient Department,Facebook,False,Long Waiting Time,I waited far too long before being attended to. The recorded wait was about 38 minutes.,Negative,Medium,Not Applicable,34.14,0.0,Patient Experience System,True
CMP0000262,EN000658,VIS00088807,KPJ_01,JCORP Specialist Hospital,2025-02-05 13:48:00,Emergency Department,Google Review,False,Long Waiting Time,The queue moved very slowly and the wait was frustrating. The recorded wait was about 20 minutes.,Negative,High,Not Applicable,27.38,3.55,Patient Experience System,True
CMP0000263,EN000667,VIS00090179,KPJ_01,JCORP Specialist Hospital,2025-02-08 13:43:00,Emergency Department,Facebook,False,Poor Communication,Staff communication about the waiting process was unclear.,Negative,Medium,Not Applicable,28.24,2.96,Patient Experience System,True
CMP0000264,EN000670,VIS00090542,KPJ_01,JCORP Specialist Hospital,2025-02-09 17:27:00,Emergency Department,Formal Complaint Form,True,Poor Communication,No one updated us about the service delay.,Negative,Medium,Resolved,29.65,1.21,Patient Experience System,True
CMP0000265,EN000674,VIS00091007,KPJ_01,JCORP Specialist Hospital,2025-02-10 21:10:00,Outpatient Department,Formal Complaint Form,True,Long Waiting Time,My appointment was delayed and no clear update was given. The recorded wait was about 39 minutes.,Negative,Medium,In Progress,35.37,0.0,Patient Experience System,True
CMP0000266,EN000678,,KPJ_01,JCORP Specialist Hospital,2025-02-11 20:51:00,Inpatient Wards,Formal Complaint Form,True,Insufficient Staff,The department appeared short-staffed during a busy period.,Negative,High,Open,0.0,0.0,Patient Experience System,True
CMP0000267,EN000679,VIS00091584,KPJ_01,JCORP Specialist Hospital,2025-02-12 17:27:00,Emergency Department,Patient Portal,True,Poor Communication,I did not receive enough information about what was happening.,Negative,High,Resolved,29.03,0.74,Patient Experience System,True
CMP0000268,EN000683,VIS00092348,KPJ_01,JCORP Specialist Hospital,2025-02-13 13:11:00,Outpatient Department,Call Centre,True,Long Waiting Time,The queue moved very slowly and the wait was frustrating. The recorded wait was about 39 minutes.,Negative,High,Open,35.08,0.0,Patient Experience System,True
CMP0000269,EN000688,,KPJ_01,JCORP Specialist Hospital,2025-02-15 17:13:00,Emergency Department,Patient Portal,True,Insufficient Staff,The counter was understaffed and service was slow.,Negative,Medium,Resolved,29.44,1.22,Patient Experience System,True
CMP0000270,EN000688,VIS00092825,KPJ_01,JCORP Specialist Hospital,2025-02-15 10:12:00,Emergency Department,Call Centre,True,Long Waiting Time,The waiting time was much longer than expected. The recorded wait was about 44 minutes.,Negative,Medium,In Progress,29.44,1.22,Patient Experience System,True
CMP0000271,EN000688,VIS00092794,KPJ_01,JCORP Specialist Hospital,2025-02-15 10:12:00,Emergency Department,Call Centre,True,Long Waiting Time,My appointment was delayed and no clear update was given. The recorded wait was about 37 minutes.,Negative,Medium,Resolved,29.44,1.22,Patient Experience System,True
CMP0000272,EN000688,VIS00092880,KPJ_01,JCORP Specialist Hospital,2025-02-15 18:37:00,Emergency Department,Patient Portal,True,Poor Communication,The delay was not explained clearly.,Negative,High,Resolved,29.44,1.22,Patient Experience System,True
CMP0000273,EN000689,,KPJ_01,JCORP Specialist Hospital,2025-02-15 08:14:00,Outpatient Department,Facebook,False,Long Waiting Time,I arrived on time but still waited for a long period.,Negative,Medium,Not Applicable,34.66,0.0,Patient Experience System,True
CMP0000274,EN000694,,KPJ_01,JCORP Specialist Hospital,2025-02-17 08:54:00,Emergency Department,Call Centre,True,Long Waiting Time,My appointment was delayed and no clear update was given.,Negative,High,Resolved,27.5,2.27,Patient Experience System,True
CMP0000275,EN000695,VIS00093592,KPJ_01,JCORP Specialist Hospital,2025-02-17 08:15:00,Outpatient Department,Google Review,False,Insufficient Staff,The counter was understaffed and service was slow.,Negative,Medium,Not Applicable,34.91,0.0,Patient Experience System,True
CMP0000276,EN000698,VIS00094158,KPJ_01,JCORP Specialist Hospital,2025-02-18 12:02:00,Outpatient Department,Google Review,False,Poor Communication,I did not receive enough information about what was happening.,Negative,Medium,Not Applicable,35.24,0.0,Patient Experience System,True
CMP0000277,EN000700,VIS00094182,KPJ_01,JCORP Specialist Hospital,2025-02-19 17:12:00,Emergency Department,Facebook,False,Insufficient Staff,There did not seem to be enough staff available.,Negative,Medium,Not Applicable,30.74,5.93,Patient Experience System,True
CMP0000278,EN000704,VIS00094894,KPJ_01,JCORP Specialist Hospital,2025-02-20 16:52:00,Outpatient Department,Google Review,False,Insufficient Staff,More staff were needed to manage the patient flow.,Negative,High,Not Applicable,34.66,0.0,Patient Experience System,True
CMP0000279,EN000704,VIS00094893,KPJ_01,JCORP Specialist Hospital,2025-02-20 15:36:00,Outpatient Department,Facebook,False,Long Waiting Time,The queue moved very slowly and the wait was frustrating. The recorded wait was about 26 minutes.,Negative,Medium,Not Applicable,34.66,0.0,Patient Experience System,True
CMP0000280,EN000706,VIS00095125,KPJ_01,JCORP Specialist Hospital,2025-02-21 19:24:00,Emergency Department,Google Review,False,Overcrowding,There were too many patients in the service area.,Negative,Medium,Not Applicable,26.42,2.54,Patient Experience System,True
CMP0000281,EN000706,VIS00095201,KPJ_01,JCORP Specialist Hospital,2025-02-21 08:22:00,Emergency Department,Google Review,False,Poor Communication,Staff communication about the waiting process was unclear.,Negative,Medium,Not Applicable,26.42,2.54,Patient Experience System,True
CMP0000282,EN000707,VIS00095297,KPJ_01,JCORP Specialist Hospital,2025-02-21 15:13:00,Outpatient Department,Facebook,False,Staff Attitude,The service attitude did not meet expectations.,Negative,Medium,Not Applicable,36.71,0.0,Patient Experience System,True
CMP0000283,EN000712,,KPJ_01,JCORP Specialist Hospital,2025-02-23 08:13:00,Emergency Department,Google Review,False,Poor Communication,No one updated us about the service delay.,Negative,Medium,Not Applicable,30.64,2.84,Patient Experience System,True
CMP0000284,EN000714,,KPJ_01,JCORP Specialist Hospital,2025-02-23 20:38:00,Inpatient Wards,Facebook,False,Facility Condition,Some facilities were not functioning properly.,Neutral,Medium,Not Applicable,0.0,0.0,Patient Experience System,True
CMP0000285,EN000713,VIS00095934,KPJ_01,JCORP Specialist Hospital,2025-02-23 12:34:00,Outpatient Department,Facebook,False,Insufficient Staff,The counter was understaffed and service was slow.,Negative,Medium,Not Applicable,36.69,0.0,Patient Experience System,True
CMP0000286,EN000715,VIS00096013,KPJ_01,JCORP Specialist Hospital,2025-02-24 09:55:00,Emergency Department,Call Centre,True,Long Waiting Time,The waiting time was much longer than expected. The recorded wait was about 39 minutes.,Negative,Medium,Resolved,29.11,2.82,Patient Experience System,True
CMP0000287,EN000716,VIS00096212,KPJ_01,JCORP Specialist Hospital,2025-02-24 08:25:00,Outpatient Department,Facebook,False,Staff Attitude,I expected more courtesy during the visit.,Negative,High,Not Applicable,34.93,0.0,Patient Experience System,True
CMP0000288,EN000716,,KPJ_01,JCORP Specialist Hospital,2025-02-24 14:00:00,Outpatient Department,Facebook,False,Long Waiting Time,My appointment was delayed and no clear update was given.,Negative,Medium,Not Applicable,34.93,0.0,Patient Experience System,True
CMP0000289,EN000719,VIS00096698,KPJ_01,JCORP Specialist Hospital,2025-02-25 17:00:00,Outpatient Department,Formal Complaint Form,True,Facility Condition,Some facilities were not functioning properly.,Negative,Low,In Progress,34.16,0.0,Patient Experience System,True
CMP0000290,EN000721,,KPJ_01,JCORP Specialist Hospital,2025-02-26 09:40:00,Emergency Department,Call Centre,True,Insufficient Staff,There did not seem to be enough staff available.,Negative,High,In Progress,27.46,4.32,Patient Experience System,True
CMP0000291,EN000722,VIS00097089,KPJ_01,JCORP Specialist Hospital,2025-02-26 18:15:00,Outpatient Department,Formal Complaint Form,True,Staff Attitude,The staff member was not very helpful.,Negative,Medium,Resolved,35.31,0.0,Patient Experience System,True
CMP0000292,EN000724,VIS00097484,KPJ_01,JCORP Specialist Hospital,2025-02-27 17:19:00,Emergency Department,Patient Portal,True,Facility Condition,The environment did not feel well maintained.,Negative,Low,Resolved,29.91,2.22,Patient Experience System,True
CMP0000293,EN000726,,KPJ_01,JCORP Specialist Hospital,2025-02-27 09:50:00,Inpatient Wards,Facebook,False,Poor Communication,No one updated us about the service delay.,Negative,Medium,Not Applicable,0.0,0.0,Patient Experience System,True
CMP0000294,EN000725,VIS00097751,KPJ_01,JCORP Specialist Hospital,2025-02-27 19:23:00,Outpatient Department,Patient Portal,True,Insufficient Staff,Only a few staff members were handling many patients.,Negative,Medium,Resolved,34.97,0.0,Patient Experience System,True
CMP0000295,EN000727,VIS00097842,KPJ_01,JCORP Specialist Hospital,2025-02-28 18:02:00,Emergency Department,Google Review,False,Long Waiting Time,The queue moved very slowly and the wait was frustrating. The recorded wait was about 48 minutes.,Negative,High,Not Applicable,30.54,2.99,Patient Experience System,True
CMP0000296,EN000735,,KPJ_01,JCORP Specialist Hospital,2025-03-02 16:13:00,Inpatient Wards,Formal Complaint Form,True,Poor Communication,The delay was not explained clearly.,Negative,Medium,Resolved,0.0,0.0,Patient Experience System,True
CMP0000297,EN000737,,KPJ_01,JCORP Specialist Hospital,2025-03-03 19:35:00,Outpatient Department,Google Review,False,Long Waiting Time,I waited far too long before being attended to.,Negative,High,Not Applicable,35.28,0.0,Patient Experience System,True
CMP0000298,EN000737,VIS00098845,KPJ_01,JCORP Specialist Hospital,2025-03-03 12:08:00,Outpatient Department,Patient Portal,True,Poor Communication,The delay was not explained clearly.,Negative,Medium,Resolved,35.28,0.0,Patient Experience System,True
CMP0000299,EN000737,VIS00098847,KPJ_01,JCORP Specialist Hospital,2025-03-03 11:16:00,Outpatient Department,Facebook,False,Poor Communication,Staff communication about the waiting process was unclear.,Negative,Medium,Not Applicable,35.28,0.0,Patient Experience System,True
CMP0000300,EN000737,VIS00098857,KPJ_01,JCORP Specialist Hospital,2025-03-03 09:33:00,Outpatient Department,Patient Portal,True,Overcrowding,There were too many patients in the service area.,Negative,High,Resolved,35.28,0.0,Patient Experience System,True
CMP0000301,EN000739,VIS00099233,KPJ_01,JCORP Specialist Hospital,2025-03-04 20:26:00,Emergency Department,Facebook,False,Long Waiting Time,The queue moved very slowly and the wait was frustrating. The recorded wait was about 38 minutes.,Negative,High,Not Applicable,31.32,0.77,Patient Experience System,True
CMP0000302,EN000740,VIS00099498,KPJ_01,JCORP Specialist Hospital,2025-03-04 20:28:00,Outpatient Department,Google Review,False,Staff Attitude,The response from staff felt unfriendly.,Negative,High,Not Applicable,34.84,0.0,Patient Experience System,True
CMP0000303,EN000743,VIS00099791,KPJ_01,JCORP Specialist Hospital,2025-03-05 14:08:00,Outpatient Department,Facebook,False,Poor Communication,Staff communication about the waiting process was unclear.,Negative,High,Not Applicable,34.47,0.0,Patient Experience System,True
CMP0000304,EN000745,VIS00100006,KPJ_01,JCORP Specialist Hospital,2025-03-06 12:14:00,Emergency Department,Patient Portal,True,Staff Attitude,The service attitude did not meet expectations.,Negative,Low,Resolved,28.85,1.99,Patient Experience System,True
CMP0000305,EN000745,VIS00099983,KPJ_01,JCORP Specialist Hospital,2025-03-06 10:43:00,Emergency Department,Call Centre,True,Long Waiting Time,My appointment was delayed and no clear update was given. The recorded wait was about 8 minutes.,Negative,High,Resolved,28.85,1.99,Patient Experience System,True
CMP0000306,EN000751,VIS00100951,KPJ_01,JCORP Specialist Hospital,2025-03-08 15:57:00,Emergency Department,Call Centre,True,Long Waiting Time,I arrived on time but still waited for a long period. The recorded wait was about 41 minutes.,Negative,Medium,Resolved,30.62,1.76,Patient Experience System,True
CMP0000307,EN000757,VIS00101362,KPJ_01,JCORP Specialist Hospital,2025-03-10 14:26:00,Emergency Department,Patient Portal,True,Insufficient Staff,More staff were needed to manage the patient flow.,Negative,Medium,Resolved,30.48,2.29,Patient Experience System,True
CMP0000308,EN000761,,KPJ_01,JCORP Specialist Hospital,2025-03-11 20:15:00,Outpatient Department,Formal Complaint Form,True,Long Waiting Time,The queue moved very slowly and the wait was frustrating.,Negative,High,Resolved,35.02,0.0,Patient Experience System,True
CMP0000309,EN000766,,KPJ_01,JCORP Specialist Hospital,2025-03-13 11:45:00,Emergency Department,Patient Portal,True,Overcrowding,The waiting space was very crowded.,Negative,Medium,In Progress,28.82,3.65,Patient Experience System,True
CMP0000310,EN000767,VIS00103032,KPJ_01,JCORP Specialist Hospital,2025-03-13 21:24:00,Outpatient Department,Facebook,False,Poor Communication,Staff communication about the waiting process was unclear.,Negative,Medium,Not Applicable,35.9,0.0,Patient Experience System,True
CMP0000311,EN000769,,KPJ_01,JCORP Specialist Hospital,2025-03-14 08:22:00,Emergency Department,Call Centre,True,Billing,I had difficulty understanding the charges.,Negative,Low,Resolved,29.67,4.9,Patient Experience System,True
CMP0000312,EN000770,,KPJ_01,JCORP Specialist Hospital,2025-03-14 13:10:00,Outpatient Department,Call Centre,True,Long Waiting Time,I arrived on time but still waited for a long period.,Negative,Medium,Resolved,35.82,0.0,Patient Experience System,True
CMP0000313,EN000770,,KPJ_01,JCORP Specialist Hospital,2025-03-14 17:11:00,Outpatient Department,Facebook,False,Long Waiting Time,I waited far too long before being attended to.,Negative,High,Not Applicable,35.82,0.0,Patient Experience System,True
CMP0000314,EN000770,VIS00103414,KPJ_01,JCORP Specialist Hospital,2025-03-14 19:13:00,Outpatient Department,Facebook,False,Insufficient Staff,The counter was understaffed and service was slow.,Negative,Medium,Not Applicable,35.82,0.0,Patient Experience System,True
CMP0000315,EN000775,VIS00103789,KPJ_01,JCORP Specialist Hospital,2025-03-16 18:06:00,Emergency Department,Google Review,False,Long Waiting Time,I arrived on time but still waited for a long period. The recorded wait was about 21 minutes.,Negative,Medium,Not Applicable,29.02,1.39,Patient Experience System,True
CMP0000316,EN000778,VIS00104032,KPJ_01,JCORP Specialist Hospital,2025-03-17 15:05:00,Emergency Department,Call Centre,True,Long Waiting Time,The queue moved very slowly and the wait was frustrating. The recorded wait was about 12 minutes.,Negative,High,Resolved,30.45,1.4,Patient Experience System,True
CMP0000317,EN000782,VIS00104691,KPJ_01,JCORP Specialist Hospital,2025-03-18 10:17:00,Outpatient Department,Google Review,False,Insufficient Staff,There did not seem to be enough staff available.,Negative,Medium,Not Applicable,33.74,0.0,Patient Experience System,True
CMP0000318,EN000787,VIS00105438,KPJ_01,JCORP Specialist Hospital,2025-03-20 09:48:00,Emergency Department,Google Review,False,Poor Communication,No one updated us about the service delay.,Negative,Medium,Not Applicable,30.21,1.59,Patient Experience System,True
CMP0000319,EN000788,VIS00105464,KPJ_01,JCORP Specialist Hospital,2025-03-20 21:16:00,Outpatient Department,Patient Portal,True,Poor Communication,Staff communication about the waiting process was unclear.,Negative,Medium,Resolved,35.89,0.0,Patient Experience System,True
CMP0000320,EN000791,VIS00105899,KPJ_01,JCORP Specialist Hospital,2025-03-21 11:47:00,Outpatient Department,Facebook,False,Insufficient Staff,More staff were needed to manage the patient flow.,Negative,Medium,Not Applicable,36.32,0.0,Patient Experience System,True
CMP0000321,EN000793,VIS00106148,KPJ_01,JCORP Specialist Hospital,2025-03-22 17:35:00,Emergency Department,Formal Complaint Form,True,Poor Communication,I did not receive enough information about what was happening.,Negative,Medium,Resolved,30.66,1.27,Patient Experience System,True
CMP0000322,EN000794,VIS00106359,KPJ_01,JCORP Specialist Hospital,2025-03-22 21:09:00,Outpatient Department,Facebook,False,Insufficient Staff,The department appeared short-staffed during a busy period.,Negative,High,Not Applicable,35.71,0.0,Patient Experience System,True
CMP0000323,EN000797,,KPJ_01,JCORP Specialist Hospital,2025-03-23 12:58:00,Outpatient Department,Patient Portal,True,Staff Attitude,The response from staff felt unfriendly.,Negative,High,Resolved,35.83,0.0,Patient Experience System,True
CMP0000324,EN000803,VIS00107361,KPJ_01,JCORP Specialist Hospital,2025-03-25 20:19:00,Outpatient Department,Formal Complaint Form,True,Long Waiting Time,My appointment was delayed and no clear update was given. The recorded wait was about 14 minutes.,Negative,High,Resolved,35.12,0.0,Patient Experience System,True
CMP0000325,EN000803,VIS00107408,KPJ_01,JCORP Specialist Hospital,2025-03-25 14:17:00,Outpatient Department,Patient Portal,True,Overcrowding,There were too many patients in the service area.,Negative,Medium,Resolved,35.12,0.0,Patient Experience System,True
CMP0000326,EN000805,,KPJ_01,JCORP Specialist Hospital,2025-03-26 10:27:00,Emergency Department,Google Review,False,Insufficient Staff,More staff were needed to manage the patient flow.,Negative,High,Not Applicable,27.62,5.6,Patient Experience System,True
CMP0000327,EN000809,,KPJ_01,JCORP Specialist Hospital,2025-03-27 19:23:00,Outpatient Department,Formal Complaint Form,True,Long Waiting Time,The queue moved very slowly and the wait was frustrating.,Negative,High,Resolved,35.33,0.0,Patient Experience System,True
CMP0000328,EN000809,VIS00108238,KPJ_01,JCORP Specialist Hospital,2025-03-27 14:40:00,Outpatient Department,Call Centre,True,Overcrowding,The department felt congested and uncomfortable.,Negative,High,Resolved,35.33,0.0,Patient Experience System,True
CMP0000329,EN000811,VIS00108424,KPJ_01,JCORP Specialist Hospital,2025-03-28 21:39:00,Emergency Department,Patient Portal,True,Long Waiting Time,My appointment was delayed and no clear update was given. The recorded wait was about 24 minutes.,Negative,High,In Progress,30.45,2.98,Patient Experience System,True
CMP0000330,EN000813,,KPJ_01,JCORP Specialist Hospital,2025-03-28 10:23:00,Inpatient Wards,Patient Portal,True,Insufficient Staff,The counter was understaffed and service was slow.,Negative,High,Resolved,0.0,0.0,Patient Experience System,True
CMP0000331,EN000812,VIS00108814,KPJ_01,JCORP Specialist Hospital,2025-03-28 15:58:00,Outpatient Department,Facebook,False,Long Waiting Time,I arrived on time but still waited for a long period. The recorded wait was about 36 minutes.,Negative,Medium,Not Applicable,35.12,0.0,Patient Experience System,True
CMP0000332,EN000817,VIS00109147,KPJ_01,JCORP Specialist Hospital,2025-03-30 10:19:00,Emergency Department,Facebook,False,Long Waiting Time,My appointment was delayed and no clear update was given. The recorded wait was about 20 minutes.,Negative,Medium,Not Applicable,29.45,0.64,Patient Experience System,True
CMP0000333,EN000820,VIS00109407,KPJ_01,JCORP Specialist Hospital,2025-03-31 14:26:00,Emergency Department,Patient Portal,True,Poor Communication,I did not receive enough information about what was happening.,Negative,High,Resolved,27.86,1.53,Patient Experience System,True
CMP0000334,EN000824,VIS00110224,KPJ_01,JCORP Specialist Hospital,2025-04-01 08:23:00,Outpatient Department,Call Centre,True,Facility Condition,The facility condition could be improved.,Negative,Medium,Resolved,35.4,0.0,Patient Experience System,True
CMP0000335,EN000828,,KPJ_01,JCORP Specialist Hospital,2025-04-02 17:46:00,Inpatient Wards,Google Review,False,Poor Communication,No one updated us about the service delay.,Negative,Medium,Not Applicable,0.0,0.0,Patient Experience System,True
CMP0000336,EN000827,VIS00110690,KPJ_01,JCORP Specialist Hospital,2025-04-02 10:20:00,Outpatient Department,Facebook,False,Long Waiting Time,The queue moved very slowly and the wait was frustrating. The recorded wait was about 28 minutes.,Negative,Medium,Not Applicable,35.27,0.0,Patient Experience System,True
CMP0000337,EN000827,VIS00110469,KPJ_01,JCORP Specialist Hospital,2025-04-02 13:43:00,Outpatient Department,Formal Complaint Form,True,Staff Attitude,The staff member was not very helpful.,Negative,Low,In Progress,35.27,0.0,Patient Experience System,True
CMP0000338,EN000830,VIS00110938,KPJ_01,JCORP Specialist Hospital,2025-04-03 13:18:00,Outpatient Department,Patient Portal,True,Long Waiting Time,The waiting time was much longer than expected. The recorded wait was about 31 minutes.,Negative,Medium,Open,34.99,0.0,Patient Experience System,True
CMP0000339,EN000833,VIS00111421,KPJ_01,JCORP Specialist Hospital,2025-04-04 19:10:00,Outpatient Department,Google Review,False,Long Waiting Time,The waiting time was much longer than expected. The recorded wait was about 33 minutes.,Negative,Medium,Not Applicable,35.34,0.0,Patient Experience System,True
CMP0000340,EN000833,VIS00111295,KPJ_01,JCORP Specialist Hospital,2025-04-04 09:06:00,Outpatient Department,Call Centre,True,Long Waiting Time,My appointment was delayed and no clear update was given. The recorded wait was about 48 minutes.,Negative,High,Resolved,35.34,0.0,Patient Experience System,True
CMP0000341,EN000838,VIS00111899,KPJ_01,JCORP Specialist Hospital,2025-04-06 13:41:00,Emergency Department,Patient Portal,True,Facility Condition,Some facilities were not functioning properly.,Negative,Low,Open,28.93,4.38,Patient Experience System,True
CMP0000342,EN000838,VIS00111914,KPJ_01,JCORP Specialist Hospital,2025-04-06 11:20:00,Emergency Department,Google Review,False,Long Waiting Time,I arrived on time but still waited for a long period. The recorded wait was about 38 minutes.,Negative,Medium,Not Applicable,28.93,4.38,Patient Experience System,True
CMP0000343,EN000840,,KPJ_01,JCORP Specialist Hospital,2025-04-06 11:33:00,Inpatient Wards,Call Centre,True,Staff Attitude,I expected more courtesy during the visit.,Negative,Medium,Resolved,0.0,0.0,Patient Experience System,True
CMP0000344,EN000839,VIS00112059,KPJ_01,JCORP Specialist Hospital,2025-04-06 15:54:00,Outpatient Department,Call Centre,True,Facility Condition,The facility condition could be improved.,Negative,Low,Resolved,35.63,0.0,Patient Experience System,True
CMP0000345,EN000842,VIS00112417,KPJ_01,JCORP Specialist Hospital,2025-04-07 11:29:00,Outpatient Department,Patient Portal,True,Long Waiting Time,The queue moved very slowly and the wait was frustrating. The recorded wait was about 65 minutes.,Negative,Medium,In Progress,35.87,0.0,Patient Experience System,True
CMP0000346,EN000846,,KPJ_01,JCORP Specialist Hospital,2025-04-08 17:09:00,Inpatient Wards,Patient Portal,True,Poor Communication,Staff communication about the waiting process was unclear.,Negative,Medium,Resolved,0.0,0.0,Patient Experience System,True
CMP0000347,EN000847,VIS00112914,KPJ_01,JCORP Specialist Hospital,2025-04-09 19:05:00,Emergency Department,Facebook,False,Insufficient Staff,More staff were needed to manage the patient flow.,Negative,Medium,Not Applicable,27.62,3.23,Patient Experience System,True
CMP0000348,EN000850,VIS00113447,KPJ_01,JCORP Specialist Hospital,2025-04-10 09:34:00,Emergency Department,Facebook,False,Insufficient Staff,The counter was understaffed and service was slow.,Negative,Medium,Not Applicable,30.26,0.78,Patient Experience System,True
CMP0000349,EN000851,VIS00113718,KPJ_01,JCORP Specialist Hospital,2025-04-10 15:22:00,Outpatient Department,Facebook,False,Facility Condition,Some facilities were not functioning properly.,Negative,Medium,Not Applicable,35.51,0.0,Patient Experience System,True
CMP0000350,EN000862,VIS00114772,KPJ_01,JCORP Specialist Hospital,2025-04-14 13:24:00,Emergency Department,Formal Complaint Form,True,Long Waiting Time,The waiting time was much longer than expected. The recorded wait was about 47 minutes.,Negative,Medium,Resolved,31.47,2.8,Patient Experience System,True
CMP0000351,EN000866,VIS00115635,KPJ_01,JCORP Specialist Hospital,2025-04-15 16:39:00,Outpatient Department,Google Review,False,Poor Communication,I did not receive enough information about what was happening.,Negative,Low,Not Applicable,35.06,0.0,Patient Experience System,True
CMP0000352,EN000868,VIS00115684,KPJ_01,JCORP Specialist Hospital,2025-04-16 21:47:00,Emergency Department,Formal Complaint Form,True,Long Waiting Time,The queue moved very slowly and the wait was frustrating. The recorded wait was about 25 minutes.,Negative,High,Resolved,30.07,1.47,Patient Experience System,True
CMP0000353,EN000870,,KPJ_01,JCORP Specialist Hospital,2025-04-16 09:31:00,Inpatient Wards,Google Review,False,Insufficient Staff,More staff were needed to manage the patient flow.,Negative,Medium,Not Applicable,0.0,0.0,Patient Experience System,True
CMP0000354,EN000869,VIS00115825,KPJ_01,JCORP Specialist Hospital,2025-04-16 08:19:00,Outpatient Department,Call Centre,True,Insufficient Staff,Only a few staff members were handling many patients.,Negative,High,Resolved,34.91,0.0,Patient Experience System,True
CMP0000355,EN000869,VIS00115856,KPJ_01,JCORP Specialist Hospital,2025-04-16 15:45:00,Outpatient Department,Facebook,False,Overcrowding,There were too many patients in the service area.,Negative,Medium,Not Applicable,34.91,0.0,Patient Experience System,True
CMP0000356,EN000875,VIS00116704,KPJ_01,JCORP Specialist Hospital,2025-04-18 16:17:00,Outpatient Department,Facebook,False,Long Waiting Time,My appointment was delayed and no clear update was given. The recorded wait was about 30 minutes.,Negative,Medium,Not Applicable,34.31,0.0,Patient Experience System,True
CMP0000357,EN000877,VIS00117104,KPJ_01,JCORP Specialist Hospital,2025-04-19 20:08:00,Emergency Department,Call Centre,True,Staff Attitude,I expected more courtesy during the visit.,Negative,Medium,Resolved,30.97,1.42,Patient Experience System,True
CMP0000358,EN000878,,KPJ_01,JCORP Specialist Hospital,2025-04-19 14:02:00,Outpatient Department,Formal Complaint Form,True,Billing,The payment process took too long.,Negative,Low,Resolved,36.85,0.0,Patient Experience System,True
CMP0000359,EN000882,,KPJ_01,JCORP Specialist Hospital,2025-04-20 18:15:00,Inpatient Wards,Call Centre,True,Facility Condition,The cleanliness of the area needs attention.,Negative,Low,Resolved,0.0,0.0,Patient Experience System,True
CMP0000360,EN000883,VIS00117508,KPJ_01,JCORP Specialist Hospital,2025-04-21 09:58:00,Emergency Department,Google Review,False,Long Waiting Time,The queue moved very slowly and the wait was frustrating. The recorded wait was about 38 minutes.,Negative,High,Not Applicable,28.41,2.21,Patient Experience System,True
CMP0000361,EN000894,,KPJ_01,JCORP Specialist Hospital,2025-04-24 15:53:00,Inpatient Wards,Google Review,False,Insufficient Staff,The department appeared short-staffed during a busy period.,Negative,Medium,Not Applicable,0.0,0.0,Patient Experience System,True
CMP0000362,EN000896,VIS00119576,KPJ_01,JCORP Specialist Hospital,2025-04-25 14:04:00,Outpatient Department,Facebook,False,Staff Attitude,The interaction with staff could have been more professional.,Negative,Medium,Not Applicable,35.96,0.0,Patient Experience System,True
CMP0000363,EN000903,,KPJ_01,JCORP Specialist Hospital,2025-04-27 11:17:00,Inpatient Wards,Formal Complaint Form,True,Overcrowding,The department felt congested and uncomfortable.,Negative,Medium,Resolved,0.0,0.0,Patient Experience System,True
CMP0000364,EN000904,,KPJ_01,JCORP Specialist Hospital,2025-04-28 10:25:00,Emergency Department,Google Review,False,Billing,I had difficulty understanding the charges.,Neutral,Medium,Not Applicable,29.88,1.61,Patient Experience System,True
CMP0000365,EN000906,,KPJ_01,JCORP Specialist Hospital,2025-04-28 11:25:00,Inpatient Wards,Patient Portal,True,Billing,There was confusion about the bill.,Negative,Medium,In Progress,0.0,0.0,Patient Experience System,True
CMP0000366,EN000905,VIS00120564,KPJ_01,JCORP Specialist Hospital,2025-04-28 13:59:00,Outpatient Department,Patient Portal,True,Long Waiting Time,The queue moved very slowly and the wait was frustrating. The recorded wait was about 29 minutes.,Negative,High,Open,35.1,0.0,Patient Experience System,True
CMP0000367,EN000907,VIS00120647,KPJ_01,JCORP Specialist Hospital,2025-04-29 15:44:00,Emergency Department,Patient Portal,True,Long Waiting Time,I arrived on time but still waited for a long period. The recorded wait was about 24 minutes.,Negative,Medium,In Progress,29.64,3.91,Patient Experience System,True
CMP0000368,EN000909,,KPJ_01,JCORP Specialist Hospital,2025-04-29 18:41:00,Inpatient Wards,Facebook,False,Poor Communication,The delay was not explained clearly.,Negative,Medium,Not Applicable,0.0,0.0,Patient Experience System,True
CMP0000369,EN000910,VIS00121098,KPJ_01,JCORP Specialist Hospital,2025-04-30 14:46:00,Emergency Department,Call Centre,True,Billing,I had difficulty understanding the charges.,Negative,Low,Resolved,28.35,2.74,Patient Experience System,True
CMP0000370,EN000912,,KPJ_01,JCORP Specialist Hospital,2025-04-30 09:43:00,Inpatient Wards,Facebook,False,Long Waiting Time,I arrived on time but still waited for a long period.,Negative,Medium,Not Applicable,0.0,0.0,Patient Experience System,True
CMP0000371,EN000912,,KPJ_01,JCORP Specialist Hospital,2025-04-30 21:51:00,Inpatient Wards,Formal Complaint Form,True,Facility Condition,The waiting area was not comfortable.,Negative,Medium,Resolved,0.0,0.0,Patient Experience System,True
CMP0000372,EN000914,VIS00121643,KPJ_01,JCORP Specialist Hospital,2025-05-01 16:23:00,Outpatient Department,Google Review,False,Long Waiting Time,The queue moved very slowly and the wait was frustrating. The recorded wait was about 54 minutes.,Negative,Medium,Not Applicable,34.32,0.0,Patient Experience System,True
CMP0000373,EN000914,VIS00121670,KPJ_01,JCORP Specialist Hospital,2025-05-01 14:56:00,Outpatient Department,Facebook,False,Insufficient Staff,More staff were needed to manage the patient flow.,Negative,Medium,Not Applicable,34.32,0.0,Patient Experience System,True
CMP0000374,EN000914,,KPJ_01,JCORP Specialist Hospital,2025-05-01 15:12:00,Outpatient Department,Patient Portal,True,Facility Condition,The cleanliness of the area needs attention.,Negative,Low,Resolved,34.32,0.0,Patient Experience System,True
CMP0000375,EN000916,VIS00121904,KPJ_01,JCORP Specialist Hospital,2025-05-02 18:27:00,Emergency Department,Patient Portal,True,Poor Communication,The delay was not explained clearly.,Negative,Medium,Resolved,28.79,2.17,Patient Experience System,True
CMP0000376,EN000917,,KPJ_01,JCORP Specialist Hospital,2025-05-02 08:12:00,Outpatient Department,Facebook,False,Insufficient Staff,More staff were needed to manage the patient flow.,Negative,Medium,Not Applicable,35.06,0.0,Patient Experience System,True
CMP0000377,EN000917,VIS00121970,KPJ_01,JCORP Specialist Hospital,2025-05-02 10:17:00,Outpatient Department,Formal Complaint Form,True,Insufficient Staff,More staff were needed to manage the patient flow.,Negative,Medium,Resolved,35.06,0.0,Patient Experience System,True
CMP0000378,EN000922,VIS00122662,KPJ_01,JCORP Specialist Hospital,2025-05-04 20:38:00,Emergency Department,Facebook,False,Staff Attitude,I expected more courtesy during the visit.,Negative,Medium,Not Applicable,29.86,1.94,Patient Experience System,True
CMP0000379,EN000924,,KPJ_01,JCORP Specialist Hospital,2025-05-04 21:08:00,Inpatient Wards,Formal Complaint Form,True,Poor Communication,I did not receive enough information about what was happening.,Negative,Medium,Resolved,0.0,0.0,Patient Experience System,True
CMP0000380,EN000928,VIS00123300,KPJ_01,JCORP Specialist Hospital,2025-05-06 15:37:00,Emergency Department,Patient Portal,True,Overcrowding,The waiting area was overcrowded.,Negative,Medium,Resolved,30.2,3.82,Patient Experience System,True
CMP0000381,EN000929,VIS00123360,KPJ_01,JCORP Specialist Hospital,2025-05-06 16:07:00,Outpatient Department,Facebook,False,Overcrowding,The department felt congested and uncomfortable.,Negative,Medium,Not Applicable,33.6,0.0,Patient Experience System,True
CMP0000382,EN000933,,KPJ_01,JCORP Specialist Hospital,2025-05-07 17:23:00,Inpatient Wards,Patient Portal,True,Insufficient Staff,More staff were needed to manage the patient flow.,Negative,Medium,Resolved,0.0,0.0,Patient Experience System,True
CMP0000383,EN000937,VIS00124505,KPJ_01,JCORP Specialist Hospital,2025-05-09 21:23:00,Emergency Department,Formal Complaint Form,True,Poor Communication,The instructions provided were confusing.,Negative,Medium,In Progress,31.66,4.9,Patient Experience System,True
CMP0000384,EN000938,VIS00124756,KPJ_01,JCORP Specialist Hospital,2025-05-09 08:47:00,Outpatient Department,Formal Complaint Form,True,Poor Communication,Staff communication about the waiting process was unclear.,Negative,Medium,Resolved,34.22,0.0,Patient Experience System,True
CMP0000385,EN000942,,KPJ_01,JCORP Specialist Hospital,2025-05-10 16:41:00,Inpatient Wards,Facebook,False,Long Waiting Time,The queue moved very slowly and the wait was frustrating.,Negative,Medium,Not Applicable,0.0,0.0,Patient Experience System,True
CMP0000386,EN000941,,KPJ_01,JCORP Specialist Hospital,2025-05-10 16:54:00,Outpatient Department,Formal Complaint Form,True,Billing,The payment process took too long.,Negative,Low,Resolved,34.61,0.0,Patient Experience System,True
CMP0000387,EN000945,,KPJ_01,JCORP Specialist Hospital,2025-05-11 08:32:00,Inpatient Wards,Call Centre,True,Overcrowding,There were too many patients in the service area.,Negative,High,In Progress,0.0,0.0,Patient Experience System,True
CMP0000388,EN000944,,KPJ_01,JCORP Specialist Hospital,2025-05-11 16:21:00,Outpatient Department,Facebook,False,Long Waiting Time,I waited far too long before being attended to.,Negative,Medium,Not Applicable,34.15,0.0,Patient Experience System,True
CMP0000389,EN000951,,KPJ_01,JCORP Specialist Hospital,2025-05-13 09:47:00,Inpatient Wards,Facebook,False,Overcrowding,The department felt congested and uncomfortable.,Negative,Medium,Not Applicable,0.0,0.0,Patient Experience System,True
CMP0000390,EN000951,,KPJ_01,JCORP Specialist Hospital,2025-05-13 19:22:00,Inpatient Wards,Formal Complaint Form,True,Overcrowding,The department felt congested and uncomfortable.,Negative,High,In Progress,0.0,0.0,Patient Experience System,True
CMP0000391,EN000953,VIS00126565,KPJ_01,JCORP Specialist Hospital,2025-05-14 18:16:00,Outpatient Department,Call Centre,True,Long Waiting Time,I arrived on time but still waited for a long period. The recorded wait was about 30 minutes.,Negative,High,Resolved,34.27,0.0,Patient Experience System,True
CMP0000392,EN000955,VIS00126668,KPJ_01,JCORP Specialist Hospital,2025-05-15 13:37:00,Emergency Department,Formal Complaint Form,True,Long Waiting Time,I waited far too long before being attended to. The recorded wait was about 48 minutes.,Negative,Medium,Resolved,31.08,0.0,Patient Experience System,True
CMP0000393,EN000959,VIS00127314,KPJ_01,JCORP Specialist Hospital,2025-05-16 20:24:00,Outpatient Department,Call Centre,True,Insufficient Staff,The department appeared short-staffed during a busy period.,Negative,Medium,Resolved,34.93,0.0,Patient Experience System,True
CMP0000394,EN000964,,KPJ_01,JCORP Specialist Hospital,2025-05-18 09:02:00,Emergency Department,Patient Portal,True,Poor Communication,No one updated us about the service delay.,Negative,Medium,Resolved,29.31,2.26,Patient Experience System,True
CMP0000395,EN000968,,KPJ_01,JCORP Specialist Hospital,2025-05-19 10:54:00,Outpatient Department,Facebook,False,Long Waiting Time,I waited far too long before being attended to.,Negative,High,Not Applicable,34.46,0.0,Patient Experience System,True
CMP0000396,EN000970,VIS00128435,KPJ_01,JCORP Specialist Hospital,2025-05-20 12:46:00,Emergency Department,Formal Complaint Form,True,Overcrowding,The waiting area was overcrowded.,Negative,Medium,In Progress,32.32,0.0,Patient Experience System,True
CMP0000397,EN000974,VIS00129019,KPJ_01,JCORP Specialist Hospital,2025-05-21 12:25:00,Outpatient Department,Call Centre,True,Long Waiting Time,The queue moved very slowly and the wait was frustrating. The recorded wait was about 20 minutes.,Negative,Medium,Resolved,35.54,0.0,Patient Experience System,True
CMP0000398,EN000976,,KPJ_01,JCORP Specialist Hospital,2025-05-22 17:01:00,Emergency Department,Formal Complaint Form,True,Poor Communication,I did not receive enough information about what was happening.,Negative,Medium,Resolved,27.81,5.67,Patient Experience System,True
CMP0000399,EN000977,VIS00129437,KPJ_01,JCORP Specialist Hospital,2025-05-22 10:05:00,Outpatient Department,Facebook,False,Long Waiting Time,I waited far too long before being attended to. The recorded wait was about 38 minutes.,Negative,Medium,Not Applicable,35.84,0.0,Patient Experience System,True
CMP0000400,EN000982,VIS00130235,KPJ_01,JCORP Specialist Hospital,2025-05-24 09:39:00,Emergency Department,Patient Portal,True,Long Waiting Time,The queue moved very slowly and the wait was frustrating. The recorded wait was about 30 minutes.,Negative,Medium,Resolved,30.01,2.04,Patient Experience System,True
CMP0000401,EN000989,VIS00130818,KPJ_01,JCORP Specialist Hospital,2025-05-26 21:24:00,Outpatient Department,Facebook,False,Insufficient Staff,The department appeared short-staffed during a busy period.,Negative,Medium,Not Applicable,34.5,0.0,Patient Experience System,True
CMP0000402,EN000994,VIS00131457,KPJ_01,JCORP Specialist Hospital,2025-05-28 18:55:00,Emergency Department,Google Review,False,Poor Communication,No one updated us about the service delay.,Negative,High,Not Applicable,31.03,1.89,Patient Experience System,True
CMP0000403,EN001001,VIS00132418,KPJ_01,JCORP Specialist Hospital,2025-05-30 15:12:00,Outpatient Department,Patient Portal,True,Staff Attitude,The interaction with staff could have been more professional.,Negative,Low,Resolved,34.28,0.0,Patient Experience System,True
CMP0000404,EN001004,,KPJ_01,JCORP Specialist Hospital,2025-05-31 15:13:00,Outpatient Department,Formal Complaint Form,True,Long Waiting Time,I waited far too long before being attended to.,Negative,High,Resolved,34.37,0.0,Patient Experience System,True
CMP0000405,EN001015,,KPJ_01,JCORP Specialist Hospital,2025-06-04 14:37:00,Emergency Department,Formal Complaint Form,True,Long Waiting Time,I waited far too long before being attended to.,Negative,Medium,Resolved,31.16,2.26,Patient Experience System,True
CMP0000406,EN001018,VIS00134535,KPJ_01,JCORP Specialist Hospital,2025-06-05 12:10:00,Emergency Department,Facebook,False,Insufficient Staff,The department appeared short-staffed during a busy period.,Negative,High,Not Applicable,30.0,2.8,Patient Experience System,True
CMP0000407,EN001022,VIS00135193,KPJ_01,JCORP Specialist Hospital,2025-06-06 20:44:00,Outpatient Department,Call Centre,True,Long Waiting Time,My appointment was delayed and no clear update was given. The recorded wait was about 36 minutes.,Negative,Medium,Resolved,36.14,0.0,Patient Experience System,True
CMP0000408,EN001024,,KPJ_01,JCORP Specialist Hospital,2025-06-07 18:39:00,Emergency Department,Formal Complaint Form,True,Long Waiting Time,My appointment was delayed and no clear update was given.,Negative,Medium,In Progress,30.15,0.7,Patient Experience System,True
CMP0000409,EN001025,VIS00135533,KPJ_01,JCORP Specialist Hospital,2025-06-07 19:13:00,Outpatient Department,Facebook,False,Long Waiting Time,I arrived on time but still waited for a long period. The recorded wait was about 51 minutes.,Negative,Medium,Not Applicable,34.48,0.0,Patient Experience System,True
CMP0000410,EN001027,VIS00135737,KPJ_01,JCORP Specialist Hospital,2025-06-08 10:16:00,Emergency Department,Formal Complaint Form,True,Long Waiting Time,My appointment was delayed and no clear update was given. The recorded wait was about 33 minutes.,Negative,Medium,Open,30.71,1.3,Patient Experience System,True
CMP0000411,EN001027,,KPJ_01,JCORP Specialist Hospital,2025-06-08 12:30:00,Emergency Department,Formal Complaint Form,True,Long Waiting Time,The queue moved very slowly and the wait was frustrating.,Negative,Medium,In Progress,30.71,1.3,Patient Experience System,True
CMP0000412,EN001036,,KPJ_01,JCORP Specialist Hospital,2025-06-11 16:45:00,Emergency Department,Call Centre,True,Facility Condition,The environment did not feel well maintained.,Negative,Medium,Resolved,32.08,2.9,Patient Experience System,True
CMP0000413,EN001039,VIS00137359,KPJ_01,JCORP Specialist Hospital,2025-06-12 20:29:00,Emergency Department,Patient Portal,True,Billing,I had difficulty understanding the charges.,Negative,Low,Resolved,27.9,4.62,Patient Experience System,True
CMP0000414,EN001042,VIS00137795,KPJ_01,JCORP Specialist Hospital,2025-06-13 17:06:00,Emergency Department,Formal Complaint Form,True,Insufficient Staff,The department appeared short-staffed during a busy period.,Negative,Medium,In Progress,31.69,0.0,Patient Experience System,True
CMP0000415,EN001043,,KPJ_01,JCORP Specialist Hospital,2025-06-13 10:01:00,Outpatient Department,Facebook,False,Poor Communication,I did not receive enough information about what was happening.,Negative,Medium,Not Applicable,33.95,0.0,Patient Experience System,True
CMP0000416,EN001045,VIS00138234,KPJ_01,JCORP Specialist Hospital,2025-06-14 14:27:00,Emergency Department,Patient Portal,True,Poor Communication,I did not receive enough information about what was happening.,Negative,Medium,In Progress,31.13,1.92,Patient Experience System,True
CMP0000417,EN001058,,KPJ_01,JCORP Specialist Hospital,2025-06-18 11:19:00,Outpatient Department,Formal Complaint Form,True,Long Waiting Time,The waiting time was much longer than expected.,Negative,Medium,Resolved,33.94,0.0,Patient Experience System,True
CMP0000418,EN001061,VIS00140206,KPJ_01,JCORP Specialist Hospital,2025-06-19 20:28:00,Outpatient Department,Facebook,False,Long Waiting Time,My appointment was delayed and no clear update was given. The recorded wait was about 48 minutes.,Negative,Medium,Not Applicable,34.67,0.0,Patient Experience System,True
CMP0000419,EN001064,VIS00140802,KPJ_01,JCORP Specialist Hospital,2025-06-20 21:19:00,Outpatient Department,Formal Complaint Form,True,Facility Condition,The waiting area was not comfortable.,Negative,Low,Resolved,36.06,0.0,Patient Experience System,True
CMP0000420,EN001069,VIS00141155,KPJ_01,JCORP Specialist Hospital,2025-06-22 14:40:00,Emergency Department,Patient Portal,True,Poor Communication,The delay was not explained clearly.,Negative,Medium,Resolved,30.25,5.71,Patient Experience System,True
CMP0000421,EN001072,,KPJ_01,JCORP Specialist Hospital,2025-06-23 15:08:00,Emergency Department,Facebook,False,Long Waiting Time,The queue moved very slowly and the wait was frustrating.,Negative,Medium,Not Applicable,26.36,2.4,Patient Experience System,True
CMP0000422,EN001076,,KPJ_01,JCORP Specialist Hospital,2025-06-24 16:59:00,Outpatient Department,Patient Portal,True,Poor Communication,The instructions provided were confusing.,Negative,High,Resolved,35.32,0.0,Patient Experience System,True
CMP0000423,EN001081,,KPJ_01,JCORP Specialist Hospital,2025-06-26 20:01:00,Emergency Department,Patient Portal,True,Poor Communication,I did not receive enough information about what was happening.,Negative,Medium,Resolved,28.92,2.42,Patient Experience System,True
CMP0000424,EN001082,,KPJ_01,JCORP Specialist Hospital,2025-06-26 08:46:00,Outpatient Department,Facebook,False,Long Waiting Time,I waited far too long before being attended to.,Negative,Medium,Not Applicable,35.61,0.0,Patient Experience System,True
CMP0000425,EN001082,,KPJ_01,JCORP Specialist Hospital,2025-06-26 10:35:00,Outpatient Department,Formal Complaint Form,True,Long Waiting Time,The queue moved very slowly and the wait was frustrating.,Negative,High,Open,35.61,0.0,Patient Experience System,True
CMP0000426,EN001084,VIS00143162,KPJ_01,JCORP Specialist Hospital,2025-06-27 16:59:00,Emergency Department,Facebook,False,Long Waiting Time,I arrived on time but still waited for a long period. The recorded wait was about 2 minutes.,Negative,Medium,Not Applicable,28.47,3.52,Patient Experience System,True
CMP0000427,EN001096,VIS00144561,KPJ_01,JCORP Specialist Hospital,2025-07-01 08:31:00,Emergency Department,Google Review,False,Staff Attitude,The interaction with staff could have been more professional.,Negative,Medium,Not Applicable,31.77,2.16,Patient Experience System,True
CMP0000428,EN001097,VIS00144656,KPJ_01,JCORP Specialist Hospital,2025-07-01 18:09:00,Outpatient Department,Formal Complaint Form,True,Poor Communication,The delay was not explained clearly.,Negative,Medium,In Progress,34.88,0.0,Patient Experience System,True
CMP0000429,EN001108,VIS00146319,KPJ_01,JCORP Specialist Hospital,2025-07-05 21:02:00,Emergency Department,Google Review,False,Long Waiting Time,I waited far too long before being attended to. The recorded wait was about 16 minutes.,Negative,Medium,Not Applicable,30.61,2.87,Patient Experience System,True
CMP0000430,EN001109,,KPJ_01,JCORP Specialist Hospital,2025-07-05 09:30:00,Outpatient Department,Patient Portal,True,Staff Attitude,The staff member was not very helpful.,Negative,Medium,Resolved,33.72,0.0,Patient Experience System,True
CMP0000431,EN001114,VIS00146812,KPJ_01,JCORP Specialist Hospital,2025-07-07 08:37:00,Emergency Department,Formal Complaint Form,True,Overcrowding,The waiting space was very crowded.,Negative,Medium,Open,30.2,4.76,Patient Experience System,True
CMP0000432,EN001116,,KPJ_01,JCORP Specialist Hospital,2025-07-07 13:10:00,Inpatient Wards,Patient Portal,True,Long Waiting Time,I arrived on time but still waited for a long period.,Negative,Medium,Resolved,0.0,0.0,Patient Experience System,True
CMP0000433,EN001118,VIS00147384,KPJ_01,JCORP Specialist Hospital,2025-07-08 12:33:00,Outpatient Department,Formal Complaint Form,True,Overcrowding,The department felt congested and uncomfortable.,Negative,Medium,Resolved,36.38,0.0,Patient Experience System,True
CMP0000434,EN001118,,KPJ_01,JCORP Specialist Hospital,2025-07-08 11:51:00,Outpatient Department,Patient Portal,True,Billing,I had difficulty understanding the charges.,Negative,Low,In Progress,36.38,0.0,Patient Experience System,True
CMP0000435,EN001123,VIS00148126,KPJ_01,JCORP Specialist Hospital,2025-07-10 16:44:00,Emergency Department,Patient Portal,True,Insufficient Staff,The department appeared short-staffed during a busy period.,Negative,Medium,Resolved,28.96,2.78,Patient Experience System,True
CMP0000436,EN001126,,KPJ_01,JCORP Specialist Hospital,2025-07-11 10:23:00,Emergency Department,Google Review,False,Poor Communication,I did not receive enough information about what was happening.,Negative,Low,Not Applicable,29.6,0.74,Patient Experience System,True
CMP0000437,EN001128,,KPJ_01,JCORP Specialist Hospital,2025-07-11 16:30:00,Inpatient Wards,Google Review,False,Staff Attitude,The staff member was not very helpful.,Negative,Low,Not Applicable,0.0,0.0,Patient Experience System,True
CMP0000438,EN001127,VIS00148688,KPJ_01,JCORP Specialist Hospital,2025-07-11 20:31:00,Outpatient Department,Formal Complaint Form,True,Long Waiting Time,The waiting time was much longer than expected. The recorded wait was about 12 minutes.,Negative,Medium,Resolved,33.68,0.0,Patient Experience System,True
CMP0000439,EN001127,VIS00148915,KPJ_01,JCORP Specialist Hospital,2025-07-11 14:02:00,Outpatient Department,Facebook,False,Poor Communication,The instructions provided were confusing.,Negative,Medium,Not Applicable,33.68,0.0,Patient Experience System,True
CMP0000440,EN001134,,KPJ_01,JCORP Specialist Hospital,2025-07-13 11:39:00,Inpatient Wards,Facebook,False,Facility Condition,The facility condition could be improved.,Negative,Low,Not Applicable,0.0,0.0,Patient Experience System,True
CMP0000441,EN001133,VIS00149443,KPJ_01,JCORP Specialist Hospital,2025-07-13 13:35:00,Outpatient Department,Google Review,False,Overcrowding,There were too many patients in the service area.,Negative,High,Not Applicable,34.32,0.0,Patient Experience System,True
CMP0000442,EN001133,VIS00149496,KPJ_01,JCORP Specialist Hospital,2025-07-13 08:02:00,Outpatient Department,Call Centre,True,Poor Communication,The delay was not explained clearly.,Negative,Low,Resolved,34.32,0.0,Patient Experience System,True
CMP0000443,EN001136,,KPJ_01,JCORP Specialist Hospital,2025-07-14 12:46:00,Outpatient Department,Patient Portal,True,Overcrowding,The waiting area was overcrowded.,Negative,High,Resolved,35.54,0.0,Patient Experience System,True
CMP0000444,EN001139,VIS00150389,KPJ_01,JCORP Specialist Hospital,2025-07-15 09:34:00,Outpatient Department,Formal Complaint Form,True,Overcrowding,Patient flow appeared poorly managed.,Negative,Medium,Resolved,35.45,0.0,Patient Experience System,True
CMP0000445,EN001142,VIS00150877,KPJ_01,JCORP Specialist Hospital,2025-07-16 09:52:00,Outpatient Department,Formal Complaint Form,True,Insufficient Staff,More staff were needed to manage the patient flow.,Negative,High,In Progress,34.45,0.0,Patient Experience System,True
CMP0000446,EN001144,,KPJ_01,JCORP Specialist Hospital,2025-07-17 13:24:00,Emergency Department,Formal Complaint Form,True,Long Waiting Time,My appointment was delayed and no clear update was given.,Negative,High,Resolved,29.19,3.33,Patient Experience System,True
CMP0000447,EN001150,,KPJ_01,JCORP Specialist Hospital,2025-07-19 19:46:00,Emergency Department,Facebook,False,Billing,The payment process took too long.,Negative,Medium,Not Applicable,28.01,2.6,Patient Experience System,True
CMP0000448,EN001155,,KPJ_01,JCORP Specialist Hospital,2025-07-20 19:43:00,Inpatient Wards,Facebook,False,Poor Communication,The delay was not explained clearly.,Negative,High,Not Applicable,0.0,0.0,Patient Experience System,True
CMP0000449,EN001155,,KPJ_01,JCORP Specialist Hospital,2025-07-20 12:54:00,Inpatient Wards,Facebook,False,Facility Condition,The facility condition could be improved.,Negative,Low,Not Applicable,0.0,0.0,Patient Experience System,True
CMP0000450,EN001158,,KPJ_01,JCORP Specialist Hospital,2025-07-21 15:51:00,Inpatient Wards,Formal Complaint Form,True,Facility Condition,The waiting area was not comfortable.,Negative,Medium,Resolved,0.0,0.0,Patient Experience System,True
CMP0000451,EN001160,VIS00153163,KPJ_01,JCORP Specialist Hospital,2025-07-22 08:58:00,Outpatient Department,Formal Complaint Form,True,Long Waiting Time,I arrived on time but still waited for a long period. The recorded wait was about 20 minutes.,Negative,High,Resolved,34.18,0.0,Patient Experience System,True
CMP0000452,EN001166,VIS00154046,KPJ_01,JCORP Specialist Hospital,2025-07-24 14:29:00,Outpatient Department,Formal Complaint Form,True,Long Waiting Time,I waited far too long before being attended to. The recorded wait was about 44 minutes.,Negative,Medium,Resolved,34.94,0.0,Patient Experience System,True
CMP0000453,EN001169,VIS00154387,KPJ_01,JCORP Specialist Hospital,2025-07-25 17:33:00,Outpatient Department,Patient Portal,True,Long Waiting Time,My appointment was delayed and no clear update was given. The recorded wait was about 29 minutes.,Negative,High,Resolved,34.22,0.0,Patient Experience System,True
CMP0000454,EN001174,VIS00155015,KPJ_01,JCORP Specialist Hospital,2025-07-27 20:33:00,Emergency Department,Formal Complaint Form,True,Overcrowding,There were too many patients in the service area.,Negative,Medium,Resolved,28.38,2.94,Patient Experience System,True
CMP0000455,EN001179,,KPJ_01,JCORP Specialist Hospital,2025-07-28 10:12:00,Inpatient Wards,Facebook,False,Facility Condition,The waiting area was not comfortable.,Negative,Low,Not Applicable,0.0,0.0,Patient Experience System,True
CMP0000456,EN001178,,KPJ_01,JCORP Specialist Hospital,2025-07-28 15:32:00,Outpatient Department,Formal Complaint Form,True,Poor Communication,The instructions provided were confusing.,Negative,Medium,Resolved,35.44,0.0,Patient Experience System,True
CMP0000457,EN001182,,KPJ_01,JCORP Specialist Hospital,2025-07-29 19:17:00,Inpatient Wards,Call Centre,True,Overcrowding,The department felt congested and uncomfortable.,Negative,Medium,Open,0.0,0.0,Patient Experience System,True
CMP0000458,EN001183,,KPJ_01,JCORP Specialist Hospital,2025-07-30 08:08:00,Emergency Department,Patient Portal,True,Poor Communication,The instructions provided were confusing.,Negative,Medium,Resolved,29.66,0.67,Patient Experience System,True
CMP0000459,EN001184,,KPJ_01,JCORP Specialist Hospital,2025-07-30 21:58:00,Outpatient Department,Facebook,False,Poor Communication,I did not receive enough information about what was happening.,Negative,Medium,Not Applicable,35.38,0.0,Patient Experience System,True
CMP0000460,EN001186,VIS00156520,KPJ_01,JCORP Specialist Hospital,2025-07-31 17:23:00,Emergency Department,Formal Complaint Form,True,Long Waiting Time,The waiting time was much longer than expected. The recorded wait was about 15 minutes.,Negative,High,Resolved,29.04,4.9,Patient Experience System,True
CMP0000461,EN001187,VIS00156799,KPJ_01,JCORP Specialist Hospital,2025-07-31 08:38:00,Outpatient Department,Patient Portal,True,Poor Communication,The delay was not explained clearly.,Negative,Medium,Resolved,35.64,0.0,Patient Experience System,True
CMP0000462,EN001189,VIS00156962,KPJ_01,JCORP Specialist Hospital,2025-08-01 16:44:00,Emergency Department,Call Centre,True,Insufficient Staff,More staff were needed to manage the patient flow.,Negative,High,Resolved,30.65,2.9,Patient Experience System,True
CMP0000463,EN001190,VIS00157078,KPJ_01,JCORP Specialist Hospital,2025-08-01 10:08:00,Outpatient Department,Call Centre,True,Staff Attitude,I expected more courtesy during the visit.,Negative,Medium,In Progress,34.87,0.0,Patient Experience System,True
CMP0000464,EN001192,,KPJ_01,JCORP Specialist Hospital,2025-08-02 15:16:00,Emergency Department,Formal Complaint Form,True,Long Waiting Time,I waited far too long before being attended to.,Negative,Medium,Resolved,28.23,1.84,Patient Experience System,True
CMP0000465,EN001194,,KPJ_01,JCORP Specialist Hospital,2025-08-02 21:59:00,Inpatient Wards,Google Review,False,Insufficient Staff,More staff were needed to manage the patient flow.,Negative,Medium,Not Applicable,0.0,0.0,Patient Experience System,True
CMP0000466,EN001199,VIS00158432,KPJ_01,JCORP Specialist Hospital,2025-08-04 19:35:00,Outpatient Department,Call Centre,True,Long Waiting Time,I waited far too long before being attended to. The recorded wait was about 35 minutes.,Negative,High,Open,34.15,0.0,Patient Experience System,True
CMP0000467,EN001202,VIS00158932,KPJ_01,JCORP Specialist Hospital,2025-08-05 11:25:00,Outpatient Department,Google Review,False,Long Waiting Time,The queue moved very slowly and the wait was frustrating. The recorded wait was about 40 minutes.,Negative,High,Not Applicable,35.12,0.0,Patient Experience System,True
CMP0000468,EN001202,VIS00158635,KPJ_01,JCORP Specialist Hospital,2025-08-05 08:45:00,Outpatient Department,Facebook,False,Poor Communication,The instructions provided were confusing.,Negative,High,Not Applicable,35.12,0.0,Patient Experience System,True
CMP0000469,EN001204,VIS00159000,KPJ_01,JCORP Specialist Hospital,2025-08-06 10:10:00,Emergency Department,Patient Portal,True,Long Waiting Time,The queue moved very slowly and the wait was frustrating. The recorded wait was about 6 minutes.,Negative,Medium,Resolved,29.06,3.42,Patient Experience System,True
CMP0000470,EN001206,,KPJ_01,JCORP Specialist Hospital,2025-08-06 11:06:00,Inpatient Wards,Patient Portal,True,Overcrowding,Patient flow appeared poorly managed.,Negative,High,Open,0.0,0.0,Patient Experience System,True
CMP0000471,EN001207,,KPJ_01,JCORP Specialist Hospital,2025-08-07 17:27:00,Emergency Department,Formal Complaint Form,True,Billing,There was confusion about the bill.,Negative,Low,In Progress,30.23,3.33,Patient Experience System,True
CMP0000472,EN001208,VIS00159725,KPJ_01,JCORP Specialist Hospital,2025-08-07 14:36:00,Outpatient Department,Call Centre,True,Insufficient Staff,More staff were needed to manage the patient flow.,Negative,Medium,In Progress,34.82,0.0,Patient Experience System,True
CMP0000473,EN001210,VIS00159838,KPJ_01,JCORP Specialist Hospital,2025-08-08 08:20:00,Emergency Department,Patient Portal,True,Insufficient Staff,There did not seem to be enough staff available.,Negative,Medium,Resolved,27.48,1.37,Patient Experience System,True
CMP0000474,EN001213,,KPJ_01,JCORP Specialist Hospital,2025-08-09 16:55:00,Emergency Department,Patient Portal,True,Long Waiting Time,The waiting time was much longer than expected.,Negative,Medium,In Progress,28.12,1.67,Patient Experience System,True
CMP0000475,EN001217,VIS00160726,KPJ_01,JCORP Specialist Hospital,2025-08-10 09:25:00,Outpatient Department,Formal Complaint Form,True,Billing,The payment process took too long.,Negative,Medium,Open,34.87,0.0,Patient Experience System,True
CMP0000476,EN001219,,KPJ_01,JCORP Specialist Hospital,2025-08-11 21:28:00,Emergency Department,Formal Complaint Form,True,Staff Attitude,The service attitude did not meet expectations.,Negative,Medium,Resolved,28.0,2.9,Patient Experience System,True
CMP0000477,EN001222,VIS00161354,KPJ_01,JCORP Specialist Hospital,2025-08-12 18:42:00,Emergency Department,Facebook,False,Overcrowding,Patient flow appeared poorly managed.,Negative,High,Not Applicable,29.42,0.0,Patient Experience System,True
CMP0000478,EN001224,,KPJ_01,JCORP Specialist Hospital,2025-08-12 17:02:00,Inpatient Wards,Google Review,False,Facility Condition,The cleanliness of the area needs attention.,Negative,Low,Not Applicable,0.0,0.0,Patient Experience System,True
CMP0000479,EN001231,VIS00162772,KPJ_01,JCORP Specialist Hospital,2025-08-15 16:19:00,Emergency Department,Facebook,False,Long Waiting Time,The waiting time was much longer than expected. The recorded wait was about 34 minutes.,Negative,High,Not Applicable,29.67,2.78,Patient Experience System,True
CMP0000480,EN001235,VIS00163435,KPJ_01,JCORP Specialist Hospital,2025-08-16 13:07:00,Outpatient Department,Google Review,False,Overcrowding,The department felt congested and uncomfortable.,Negative,High,Not Applicable,34.67,0.0,Patient Experience System,True
CMP0000481,EN001237,VIS00163568,KPJ_01,JCORP Specialist Hospital,2025-08-17 09:31:00,Emergency Department,Facebook,False,Insufficient Staff,More staff were needed to manage the patient flow.,Negative,Medium,Not Applicable,28.27,2.82,Patient Experience System,True
CMP0000482,EN001238,VIS00163730,KPJ_01,JCORP Specialist Hospital,2025-08-17 17:43:00,Outpatient Department,Patient Portal,True,Long Waiting Time,The waiting time was much longer than expected. The recorded wait was about 58 minutes.,Negative,Medium,Resolved,34.68,0.0,Patient Experience System,True
CMP0000483,EN001241,,KPJ_01,JCORP Specialist Hospital,2025-08-18 10:25:00,Outpatient Department,Patient Portal,True,Long Waiting Time,I waited far too long before being attended to.,Negative,Medium,In Progress,34.6,0.0,Patient Experience System,True
CMP0000484,EN001244,,KPJ_01,JCORP Specialist Hospital,2025-08-19 19:26:00,Outpatient Department,Formal Complaint Form,True,Facility Condition,Some facilities were not functioning properly.,Negative,Medium,Resolved,34.93,0.0,Patient Experience System,True
CMP0000485,EN001246,VIS00164839,KPJ_01,JCORP Specialist Hospital,2025-08-20 12:29:00,Emergency Department,Formal Complaint Form,True,Poor Communication,The instructions provided were confusing.,Negative,Medium,Resolved,29.43,3.55,Patient Experience System,True
CMP0000486,EN001248,,KPJ_01,JCORP Specialist Hospital,2025-08-20 21:18:00,Inpatient Wards,Formal Complaint Form,True,Overcrowding,Patient flow appeared poorly managed.,Negative,Medium,Resolved,0.0,0.0,Patient Experience System,True
CMP0000487,EN001250,VIS00165499,KPJ_01,JCORP Specialist Hospital,2025-08-21 21:48:00,Outpatient Department,Patient Portal,True,Poor Communication,Staff communication about the waiting process was unclear.,Negative,Low,Open,35.58,0.0,Patient Experience System,True
CMP0000488,EN001253,VIS00165860,KPJ_01,JCORP Specialist Hospital,2025-08-22 10:05:00,Outpatient Department,Google Review,False,Poor Communication,No one updated us about the service delay.,Negative,High,Not Applicable,35.41,0.0,Patient Experience System,True
CMP0000489,EN001262,VIS00166884,KPJ_01,JCORP Specialist Hospital,2025-08-25 08:01:00,Outpatient Department,Call Centre,True,Insufficient Staff,More staff were needed to manage the patient flow.,Negative,High,Resolved,35.71,0.0,Patient Experience System,True
CMP0000490,EN001271,VIS00168447,KPJ_01,JCORP Specialist Hospital,2025-08-28 17:03:00,Outpatient Department,Patient Portal,True,Overcrowding,Patient flow appeared poorly managed.,Negative,Medium,In Progress,35.1,0.0,Patient Experience System,True
CMP0000491,EN001277,VIS00169253,KPJ_01,JCORP Specialist Hospital,2025-08-30 19:31:00,Outpatient Department,Call Centre,True,Long Waiting Time,The waiting time was much longer than expected. The recorded wait was about 39 minutes.,Negative,High,Resolved,34.95,0.0,Patient Experience System,True
CMP0000492,EN001285,VIS00170146,KPJ_01,JCORP Specialist Hospital,2025-09-02 17:47:00,Emergency Department,Call Centre,True,Overcrowding,Patient flow appeared poorly managed.,Negative,Medium,Resolved,29.32,2.21,Patient Experience System,True
CMP0000493,EN001287,,KPJ_01,JCORP Specialist Hospital,2025-09-02 20:14:00,Inpatient Wards,Call Centre,True,Overcrowding,Patient flow appeared poorly managed.,Negative,Medium,Open,0.0,0.0,Patient Experience System,True
CMP0000494,EN001291,VIS00171084,KPJ_01,JCORP Specialist Hospital,2025-09-04 13:43:00,Emergency Department,Formal Complaint Form,True,Billing,There was confusion about the bill.,Negative,Medium,Resolved,30.47,2.84,Patient Experience System,True
CMP0000495,EN001292,VIS00171265,KPJ_01,JCORP Specialist Hospital,2025-09-04 16:50:00,Outpatient Department,Call Centre,True,Poor Communication,I did not receive enough information about what was happening.,Negative,Low,Resolved,35.19,0.0,Patient Experience System,True
CMP0000496,EN001295,VIS00171817,KPJ_01,JCORP Specialist Hospital,2025-09-05 15:36:00,Outpatient Department,Formal Complaint Form,True,Poor Communication,The delay was not explained clearly.,Negative,Medium,Resolved,35.05,0.0,Patient Experience System,True
CMP0000497,EN001300,VIS00172314,KPJ_01,JCORP Specialist Hospital,2025-09-07 20:33:00,Emergency Department,Call Centre,True,Overcrowding,There were too many patients in the service area.,Negative,Medium,Open,30.62,1.78,Patient Experience System,True
CMP0000498,EN001302,,KPJ_01,JCORP Specialist Hospital,2025-09-07 19:20:00,Inpatient Wards,Patient Portal,True,Poor Communication,Staff communication about the waiting process was unclear.,Negative,Medium,Resolved,0.0,0.0,Patient Experience System,True
CMP0000499,EN001301,VIS00172396,KPJ_01,JCORP Specialist Hospital,2025-09-07 21:57:00,Outpatient Department,Patient Portal,True,Long Waiting Time,My appointment was delayed and no clear update was given. The recorded wait was about 35 minutes.,Negative,Medium,Resolved,35.49,0.0,Patient Experience System,True
CMP0000500,EN001303,VIS00172566,KPJ_01,JCORP Specialist Hospital,2025-09-08 15:01:00,Emergency Department,Formal Complaint Form,True,Insufficient Staff,The counter was understaffed and service was slow.,Negative,Medium,In Progress,30.28,2.7,Patient Experience System,True
CMP0000501,EN001303,,KPJ_01,JCORP Specialist Hospital,2025-09-08 20:16:00,Emergency Department,Formal Complaint Form,True,Long Waiting Time,The queue moved very slowly and the wait was frustrating.,Negative,Medium,In Progress,30.28,2.7,Patient Experience System,True
CMP0000502,EN001306,VIS00173002,KPJ_01,JCORP Specialist Hospital,2025-09-09 19:10:00,Emergency Department,Facebook,False,Billing,There was confusion about the bill.,Neutral,Low,Not Applicable,29.08,3.55,Patient Experience System,True
CMP0000503,EN001308,,KPJ_01,JCORP Specialist Hospital,2025-09-09 11:51:00,Inpatient Wards,Facebook,False,Long Waiting Time,My appointment was delayed and no clear update was given.,Negative,Medium,Not Applicable,0.0,0.0,Patient Experience System,True
CMP0000504,EN001314,,KPJ_01,JCORP Specialist Hospital,2025-09-11 18:29:00,Inpatient Wards,Patient Portal,True,Insufficient Staff,The department appeared short-staffed during a busy period.,Negative,High,Resolved,0.0,0.0,Patient Experience System,True
CMP0000505,EN001317,,KPJ_01,JCORP Specialist Hospital,2025-09-12 11:11:00,Inpatient Wards,Facebook,False,Overcrowding,The department felt congested and uncomfortable.,Negative,Medium,Not Applicable,0.0,0.0,Patient Experience System,True
CMP0000506,EN001316,VIS00174753,KPJ_01,JCORP Specialist Hospital,2025-09-12 20:13:00,Outpatient Department,Google Review,False,Poor Communication,Staff communication about the waiting process was unclear.,Negative,Medium,Not Applicable,35.41,0.0,Patient Experience System,True
CMP0000507,EN001318,VIS00174851,KPJ_01,JCORP Specialist Hospital,2025-09-13 17:37:00,Emergency Department,Patient Portal,True,Long Waiting Time,I waited far too long before being attended to. The recorded wait was about 3 minutes.,Negative,Medium,In Progress,27.84,4.14,Patient Experience System,True
CMP0000508,EN001321,,KPJ_01,JCORP Specialist Hospital,2025-09-14 11:11:00,Emergency Department,Google Review,False,Long Waiting Time,The waiting time was much longer than expected.,Negative,Medium,Not Applicable,30.74,1.89,Patient Experience System,True
CMP0000509,EN001324,VIS00175472,KPJ_01,JCORP Specialist Hospital,2025-09-15 09:02:00,Emergency Department,Formal Complaint Form,True,Insufficient Staff,The counter was understaffed and service was slow.,Negative,High,In Progress,29.49,3.55,Patient Experience System,True
CMP0000510,EN001327,VIS00175855,KPJ_01,JCORP Specialist Hospital,2025-09-16 10:17:00,Emergency Department,Facebook,False,Overcrowding,Patient flow appeared poorly managed.,Negative,Medium,Not Applicable,28.34,2.84,Patient Experience System,True
CMP0000511,EN001330,VIS00176373,KPJ_01,JCORP Specialist Hospital,2025-09-17 10:16:00,Emergency Department,Formal Complaint Form,True,Insufficient Staff,More staff were needed to manage the patient flow.,Negative,Medium,Resolved,30.27,0.68,Patient Experience System,True
CMP0000512,EN001336,VIS00177388,KPJ_01,JCORP Specialist Hospital,2025-09-19 20:15:00,Emergency Department,Patient Portal,True,Staff Attitude,The interaction with staff could have been more professional.,Negative,High,Resolved,30.13,3.27,Patient Experience System,True
CMP0000513,EN001337,VIS00177690,KPJ_01,JCORP Specialist Hospital,2025-09-19 18:06:00,Outpatient Department,Google Review,False,Facility Condition,The environment did not feel well maintained.,Negative,Low,Not Applicable,34.87,0.0,Patient Experience System,True
CMP0000514,EN001337,VIS00177519,KPJ_01,JCORP Specialist Hospital,2025-09-19 20:52:00,Outpatient Department,Call Centre,True,Long Waiting Time,I arrived on time but still waited for a long period. The recorded wait was about 24 minutes.,Negative,Medium,In Progress,34.87,0.0,Patient Experience System,True
CMP0000515,EN001348,VIS00178863,KPJ_01,JCORP Specialist Hospital,2025-09-23 15:36:00,Emergency Department,Facebook,False,Poor Communication,No one updated us about the service delay.,Negative,Low,Not Applicable,29.3,4.22,Patient Experience System,True
CMP0000516,EN001352,VIS00179590,KPJ_01,JCORP Specialist Hospital,2025-09-24 18:11:00,Outpatient Department,Formal Complaint Form,True,Billing,The billing explanation was not satisfactory.,Negative,Low,In Progress,34.59,0.0,Patient Experience System,True
CMP0000517,EN001367,VIS00181448,KPJ_01,JCORP Specialist Hospital,2025-09-29 14:58:00,Outpatient Department,Formal Complaint Form,True,Long Waiting Time,The waiting time was much longer than expected. The recorded wait was about 44 minutes.,Negative,Medium,In Progress,35.07,0.0,Patient Experience System,True
CMP0000518,EN001375,,KPJ_01,JCORP Specialist Hospital,2025-10-02 15:35:00,Emergency Department,Patient Portal,True,Long Waiting Time,My appointment was delayed and no clear update was given.,Negative,Medium,Resolved,33.31,8.03,Patient Experience System,True
CMP0000519,EN001379,VIS00183296,KPJ_01,JCORP Specialist Hospital,2025-10-03 15:09:00,Outpatient Department,Formal Complaint Form,True,Long Waiting Time,I waited far too long before being attended to. The recorded wait was about 27 minutes.,Negative,High,Resolved,40.12,0.0,Patient Experience System,True
CMP0000520,EN001379,VIS00183313,KPJ_01,JCORP Specialist Hospital,2025-10-03 12:22:00,Outpatient Department,Google Review,False,Billing,I had difficulty understanding the charges.,Negative,Medium,Not Applicable,40.12,0.0,Patient Experience System,True
CMP0000521,EN001379,VIS00183436,KPJ_01,JCORP Specialist Hospital,2025-10-03 09:09:00,Outpatient Department,Google Review,False,Poor Communication,The delay was not explained clearly.,Negative,Medium,Not Applicable,40.12,0.0,Patient Experience System,True
CMP0000522,EN001381,VIS00183769,KPJ_01,JCORP Specialist Hospital,2025-10-04 20:33:00,Emergency Department,Patient Portal,True,Insufficient Staff,More staff were needed to manage the patient flow.,Negative,Medium,Resolved,34.3,7.82,Patient Experience System,True
CMP0000523,EN001381,,KPJ_01,JCORP Specialist Hospital,2025-10-04 09:34:00,Emergency Department,Formal Complaint Form,True,Overcrowding,There were too many patients in the service area.,Negative,Medium,Open,34.3,7.82,Patient Experience System,True
CMP0000524,EN001381,VIS00183765,KPJ_01,JCORP Specialist Hospital,2025-10-04 11:56:00,Emergency Department,Formal Complaint Form,True,Long Waiting Time,I waited far too long before being attended to. The recorded wait was about 50 minutes.,Negative,Medium,Open,34.3,7.82,Patient Experience System,True
CMP0000525,EN001386,,KPJ_01,JCORP Specialist Hospital,2025-10-05 15:52:00,Inpatient Wards,Patient Portal,True,Facility Condition,Some facilities were not functioning properly.,Negative,Low,Resolved,0.0,0.0,Patient Experience System,True
CMP0000526,EN001385,,KPJ_01,JCORP Specialist Hospital,2025-10-05 10:29:00,Outpatient Department,Google Review,False,Insufficient Staff,Only a few staff members were handling many patients.,Negative,High,Not Applicable,39.94,0.0,Patient Experience System,True
CMP0000527,EN001390,VIS00184756,KPJ_01,JCORP Specialist Hospital,2025-10-07 08:13:00,Emergency Department,Patient Portal,True,Poor Communication,No one updated us about the service delay.,Negative,High,In Progress,34.66,3.27,Patient Experience System,True
CMP0000528,EN001390,VIS00184773,KPJ_01,JCORP Specialist Hospital,2025-10-07 20:39:00,Emergency Department,Facebook,False,Billing,The billing explanation was not satisfactory.,Negative,Medium,Not Applicable,34.66,3.27,Patient Experience System,True
CMP0000529,EN001393,VIS00185239,KPJ_01,JCORP Specialist Hospital,2025-10-08 09:02:00,Emergency Department,Call Centre,True,Billing,I had difficulty understanding the charges.,Negative,Low,Resolved,33.97,4.52,Patient Experience System,True
CMP0000530,EN001394,VIS00185345,KPJ_01,JCORP Specialist Hospital,2025-10-08 12:51:00,Outpatient Department,Facebook,False,Long Waiting Time,The queue moved very slowly and the wait was frustrating. The recorded wait was about 39 minutes.,Negative,Medium,Not Applicable,39.58,0.0,Patient Experience System,True
CMP0000531,EN001394,VIS00185480,KPJ_01,JCORP Specialist Hospital,2025-10-08 10:06:00,Outpatient Department,Google Review,False,Long Waiting Time,The queue moved very slowly and the wait was frustrating. The recorded wait was about 26 minutes.,Negative,High,Not Applicable,39.58,0.0,Patient Experience System,True
CMP0000532,EN001394,VIS00185507,KPJ_01,JCORP Specialist Hospital,2025-10-08 20:08:00,Outpatient Department,Facebook,False,Billing,The billing explanation was not satisfactory.,Negative,Low,Not Applicable,39.58,0.0,Patient Experience System,True
CMP0000533,EN001396,,KPJ_01,JCORP Specialist Hospital,2025-10-09 16:46:00,Emergency Department,Formal Complaint Form,True,Long Waiting Time,I waited far too long before being attended to.,Negative,High,Resolved,35.85,3.6,Patient Experience System,True
CMP0000534,EN001400,,KPJ_01,JCORP Specialist Hospital,2025-10-10 16:45:00,Outpatient Department,Formal Complaint Form,True,Long Waiting Time,I waited far too long before being attended to.,Negative,Medium,Resolved,40.02,0.0,Patient Experience System,True
CMP0000535,EN001400,,KPJ_01,JCORP Specialist Hospital,2025-10-10 14:50:00,Outpatient Department,Google Review,False,Insufficient Staff,Only a few staff members were handling many patients.,Negative,Medium,Not Applicable,40.02,0.0,Patient Experience System,True
CMP0000536,EN001402,VIS00186692,KPJ_01,JCORP Specialist Hospital,2025-10-11 15:27:00,Emergency Department,Call Centre,True,Poor Communication,I did not receive enough information about what was happening.,Negative,Medium,In Progress,35.38,5.45,Patient Experience System,True
CMP0000537,EN001402,VIS00186671,KPJ_01,JCORP Specialist Hospital,2025-10-11 17:00:00,Emergency Department,Facebook,False,Insufficient Staff,The department appeared short-staffed during a busy period.,Negative,High,Not Applicable,35.38,5.45,Patient Experience System,True
CMP0000538,EN001405,VIS00186984,KPJ_01,JCORP Specialist Hospital,2025-10-12 13:01:00,Emergency Department,Facebook,False,Overcrowding,There were too many patients in the service area.,Negative,High,Not Applicable,33.33,7.61,Patient Experience System,True
CMP0000539,EN001405,VIS00186914,KPJ_01,JCORP Specialist Hospital,2025-10-12 18:58:00,Emergency Department,Formal Complaint Form,True,Long Waiting Time,I arrived on time but still waited for a long period. The recorded wait was about 18 minutes.,Negative,High,Open,33.33,7.61,Patient Experience System,True
CMP0000540,EN001406,VIS00187199,KPJ_01,JCORP Specialist Hospital,2025-10-12 19:22:00,Outpatient Department,Facebook,False,Insufficient Staff,The department appeared short-staffed during a busy period.,Negative,Medium,Not Applicable,39.56,0.0,Patient Experience System,True
CMP0000541,EN001408,VIS00187242,KPJ_01,JCORP Specialist Hospital,2025-10-13 12:25:00,Emergency Department,Facebook,False,Insufficient Staff,More staff were needed to manage the patient flow.,Negative,High,Not Applicable,35.09,7.69,Patient Experience System,True
CMP0000542,EN001410,,KPJ_01,JCORP Specialist Hospital,2025-10-13 14:45:00,Inpatient Wards,Formal Complaint Form,True,Long Waiting Time,My appointment was delayed and no clear update was given.,Negative,High,Open,0.0,0.0,Patient Experience System,True
CMP0000543,EN001414,,KPJ_01,JCORP Specialist Hospital,2025-10-15 18:15:00,Emergency Department,Facebook,False,Long Waiting Time,The waiting time was much longer than expected.,Negative,Medium,Not Applicable,34.0,11.76,Patient Experience System,True
CMP0000544,EN001415,VIS00188444,KPJ_01,JCORP Specialist Hospital,2025-10-15 13:09:00,Outpatient Department,Facebook,False,Insufficient Staff,There did not seem to be enough staff available.,Negative,High,Not Applicable,39.91,0.0,Patient Experience System,True
CMP0000545,EN001421,VIS00189548,KPJ_01,JCORP Specialist Hospital,2025-10-17 11:58:00,Outpatient Department,Patient Portal,True,Insufficient Staff,The department appeared short-staffed during a busy period.,Negative,Medium,Resolved,40.41,0.0,Patient Experience System,True
CMP0000546,EN001430,VIS00190479,KPJ_01,JCORP Specialist Hospital,2025-10-20 21:09:00,Outpatient Department,Call Centre,True,Billing,The billing explanation was not satisfactory.,Negative,Low,Resolved,40.05,0.0,Patient Experience System,True
CMP0000547,EN001430,VIS00190487,KPJ_01,JCORP Specialist Hospital,2025-10-20 14:17:00,Outpatient Department,Google Review,False,Insufficient Staff,There did not seem to be enough staff available.,Negative,Medium,Not Applicable,40.05,0.0,Patient Experience System,True
CMP0000548,EN001432,,KPJ_01,JCORP Specialist Hospital,2025-10-21 08:22:00,Emergency Department,Facebook,False,Staff Attitude,The staff member was not very helpful.,Negative,Medium,Not Applicable,32.84,7.24,Patient Experience System,True
CMP0000549,EN001438,VIS00191705,KPJ_01,JCORP Specialist Hospital,2025-10-23 13:46:00,Emergency Department,Google Review,False,Billing,There was confusion about the bill.,Negative,Medium,Not Applicable,34.09,6.83,Patient Experience System,True
CMP0000550,EN001438,VIS00191748,KPJ_01,JCORP Specialist Hospital,2025-10-23 20:14:00,Emergency Department,Patient Portal,True,Long Waiting Time,I arrived on time but still waited for a long period. The recorded wait was about 36 minutes.,Negative,Medium,Open,34.09,6.83,Patient Experience System,True
CMP0000551,EN001439,,KPJ_01,JCORP Specialist Hospital,2025-10-23 18:04:00,Outpatient Department,Facebook,False,Billing,I had difficulty understanding the charges.,Negative,Medium,Not Applicable,41.03,0.0,Patient Experience System,True
CMP0000552,EN001441,VIS00192281,KPJ_01,JCORP Specialist Hospital,2025-10-24 15:36:00,Emergency Department,Google Review,False,Poor Communication,I did not receive enough information about what was happening.,Negative,Medium,Not Applicable,34.0,5.81,Patient Experience System,True
CMP0000553,EN001444,,KPJ_01,JCORP Specialist Hospital,2025-10-25 19:36:00,Emergency Department,Patient Portal,True,Poor Communication,I did not receive enough information about what was happening.,Negative,High,Resolved,34.2,4.65,Patient Experience System,True
CMP0000554,EN001452,,KPJ_01,JCORP Specialist Hospital,2025-10-27 09:07:00,Inpatient Wards,Patient Portal,True,Overcrowding,The waiting area was overcrowded.,Negative,High,Resolved,0.0,0.0,Patient Experience System,True
CMP0000555,EN001451,VIS00193724,KPJ_01,JCORP Specialist Hospital,2025-10-27 17:09:00,Outpatient Department,Facebook,False,Long Waiting Time,The queue moved very slowly and the wait was frustrating. The recorded wait was about 41 minutes.,Negative,Medium,Not Applicable,40.22,0.0,Patient Experience System,True
CMP0000556,EN001453,VIS00193804,KPJ_01,JCORP Specialist Hospital,2025-10-28 13:06:00,Emergency Department,Facebook,False,Poor Communication,I did not receive enough information about what was happening.,Negative,Medium,Not Applicable,32.37,8.33,Patient Experience System,True
CMP0000557,EN001457,VIS00194449,KPJ_01,JCORP Specialist Hospital,2025-10-29 13:11:00,Outpatient Department,Google Review,False,Billing,I had difficulty understanding the charges.,Negative,Medium,Not Applicable,39.66,0.0,Patient Experience System,True
CMP0000558,EN001461,,KPJ_01,JCORP Specialist Hospital,2025-10-30 10:08:00,Inpatient Wards,Patient Portal,True,Insufficient Staff,There did not seem to be enough staff available.,Negative,Medium,Resolved,0.0,0.0,Patient Experience System,True
CMP0000559,EN001465,VIS00195805,KPJ_01,JCORP Specialist Hospital,2025-11-01 19:42:00,Emergency Department,Patient Portal,True,Long Waiting Time,I arrived on time but still waited for a long period. The recorded wait was about 36 minutes.,Negative,Medium,In Progress,33.8,6.82,Patient Experience System,True
CMP0000560,EN001467,,KPJ_01,JCORP Specialist Hospital,2025-11-01 09:58:00,Inpatient Wards,Patient Portal,True,Poor Communication,I did not receive enough information about what was happening.,Negative,Medium,Resolved,0.0,0.0,Patient Experience System,True
CMP0000561,EN001468,VIS00196033,KPJ_01,JCORP Specialist Hospital,2025-11-02 14:52:00,Emergency Department,Formal Complaint Form,True,Staff Attitude,The staff member was not very helpful.,Negative,High,Resolved,33.86,8.38,Patient Experience System,True
CMP0000562,EN001471,VIS00196300,KPJ_01,JCORP Specialist Hospital,2025-11-03 08:35:00,Emergency Department,Google Review,False,Long Waiting Time,I waited far too long before being attended to. The recorded wait was about 44 minutes.,Negative,High,Not Applicable,35.99,5.04,Patient Experience System,True
CMP0000563,EN001477,VIS00197375,KPJ_01,JCORP Specialist Hospital,2025-11-05 18:52:00,Emergency Department,Patient Portal,True,Staff Attitude,I expected more courtesy during the visit.,Negative,Medium,Resolved,34.5,5.92,Patient Experience System,True
CMP0000564,EN001478,,KPJ_01,JCORP Specialist Hospital,2025-11-05 13:17:00,Outpatient Department,Facebook,False,Facility Condition,The cleanliness of the area needs attention.,Neutral,Medium,Not Applicable,40.44,0.0,Patient Experience System,True
CMP0000565,EN001478,VIS00197597,KPJ_01,JCORP Specialist Hospital,2025-11-05 13:16:00,Outpatient Department,Formal Complaint Form,True,Insufficient Staff,The counter was understaffed and service was slow.,Negative,Medium,Resolved,40.44,0.0,Patient Experience System,True
CMP0000566,EN001480,VIS00197926,KPJ_01,JCORP Specialist Hospital,2025-11-06 17:50:00,Emergency Department,Google Review,False,Overcrowding,The department felt congested and uncomfortable.,Negative,High,Not Applicable,35.94,5.76,Patient Experience System,True
CMP0000567,EN001485,,KPJ_01,JCORP Specialist Hospital,2025-11-07 16:51:00,Inpatient Wards,Call Centre,True,Staff Attitude,The service attitude did not meet expectations.,Negative,Medium,In Progress,0.0,0.0,Patient Experience System,True
CMP0000568,EN001484,VIS00198405,KPJ_01,JCORP Specialist Hospital,2025-11-07 12:34:00,Outpatient Department,Formal Complaint Form,True,Poor Communication,No one updated us about the service delay.,Negative,High,In Progress,39.5,0.0,Patient Experience System,True
CMP0000569,EN001489,,KPJ_01,JCORP Specialist Hospital,2025-11-09 11:47:00,Emergency Department,Formal Complaint Form,True,Staff Attitude,The interaction with staff could have been more professional.,Negative,Medium,In Progress,37.33,3.57,Patient Experience System,True
CMP0000570,EN001494,,KPJ_01,JCORP Specialist Hospital,2025-11-10 21:33:00,Inpatient Wards,Facebook,False,Staff Attitude,The service attitude did not meet expectations.,Negative,Medium,Not Applicable,0.0,0.0,Patient Experience System,True
CMP0000571,EN001493,,KPJ_01,JCORP Specialist Hospital,2025-11-10 09:25:00,Outpatient Department,Patient Portal,True,Insufficient Staff,Only a few staff members were handling many patients.,Negative,Medium,Resolved,40.24,0.0,Patient Experience System,True
CMP0000572,EN001493,,KPJ_01,JCORP Specialist Hospital,2025-11-10 09:43:00,Outpatient Department,Patient Portal,True,Long Waiting Time,I waited far too long before being attended to.,Negative,High,Open,40.24,0.0,Patient Experience System,True
CMP0000573,EN001495,VIS00199967,KPJ_01,JCORP Specialist Hospital,2025-11-11 13:39:00,Emergency Department,Google Review,False,Billing,The billing process was unclear.,Negative,Medium,Not Applicable,35.48,6.41,Patient Experience System,True
CMP0000574,EN001495,,KPJ_01,JCORP Specialist Hospital,2025-11-11 08:41:00,Emergency Department,Facebook,False,Long Waiting Time,I waited far too long before being attended to.,Negative,High,Not Applicable,35.48,6.41,Patient Experience System,True
CMP0000575,EN001496,VIS00200182,KPJ_01,JCORP Specialist Hospital,2025-11-11 19:37:00,Outpatient Department,Facebook,False,Poor Communication,I did not receive enough information about what was happening.,Negative,Medium,Not Applicable,38.96,0.0,Patient Experience System,True
CMP0000576,EN001503,,KPJ_01,JCORP Specialist Hospital,2025-11-13 18:57:00,Inpatient Wards,Facebook,False,Staff Attitude,The response from staff felt unfriendly.,Negative,Low,Not Applicable,0.0,0.0,Patient Experience System,True
CMP0000577,EN001502,,KPJ_01,JCORP Specialist Hospital,2025-11-13 08:17:00,Outpatient Department,Facebook,False,Staff Attitude,The staff member was not very helpful.,Negative,Medium,Not Applicable,40.68,0.0,Patient Experience System,True
CMP0000578,EN001516,,KPJ_01,JCORP Specialist Hospital,2025-11-18 12:48:00,Emergency Department,Facebook,False,Insufficient Staff,More staff were needed to manage the patient flow.,Negative,Medium,Not Applicable,33.98,7.09,Patient Experience System,True
CMP0000579,EN001522,VIS00203769,KPJ_01,JCORP Specialist Hospital,2025-11-20 20:21:00,Emergency Department,Patient Portal,True,Long Waiting Time,I arrived on time but still waited for a long period. The recorded wait was about 47 minutes.,Negative,Medium,Resolved,34.1,7.74,Patient Experience System,True
CMP0000580,EN001523,,KPJ_01,JCORP Specialist Hospital,2025-11-20 20:43:00,Outpatient Department,Patient Portal,True,Long Waiting Time,The waiting time was much longer than expected.,Negative,Medium,Open,40.51,0.0,Patient Experience System,True
CMP0000581,EN001523,VIS00203980,KPJ_01,JCORP Specialist Hospital,2025-11-20 14:56:00,Outpatient Department,Formal Complaint Form,True,Long Waiting Time,I waited far too long before being attended to. The recorded wait was about 43 minutes.,Negative,Medium,Resolved,40.51,0.0,Patient Experience System,True
CMP0000582,EN001523,VIS00203852,KPJ_01,JCORP Specialist Hospital,2025-11-20 21:54:00,Outpatient Department,Facebook,False,Overcrowding,The waiting area was overcrowded.,Negative,High,Not Applicable,40.51,0.0,Patient Experience System,True
CMP0000583,EN001525,,KPJ_01,JCORP Specialist Hospital,2025-11-21 16:47:00,Emergency Department,Formal Complaint Form,True,Insufficient Staff,Only a few staff members were handling many patients.,Negative,Medium,Resolved,35.22,6.59,Patient Experience System,True
CMP0000584,EN001525,VIS00204235,KPJ_01,JCORP Specialist Hospital,2025-11-21 13:46:00,Emergency Department,Formal Complaint Form,True,Billing,The payment process took too long.,Negative,Medium,Open,35.22,6.59,Patient Experience System,True
CMP0000585,EN001525,VIS00204249,KPJ_01,JCORP Specialist Hospital,2025-11-21 16:13:00,Emergency Department,Formal Complaint Form,True,Insufficient Staff,The department appeared short-staffed during a busy period.,Negative,High,In Progress,35.22,6.59,Patient Experience System,True
CMP0000586,EN001526,,KPJ_01,JCORP Specialist Hospital,2025-11-21 12:30:00,Outpatient Department,Formal Complaint Form,True,Poor Communication,Staff communication about the waiting process was unclear.,Negative,Medium,In Progress,39.52,0.0,Patient Experience System,True
CMP0000587,EN001526,VIS00204474,KPJ_01,JCORP Specialist Hospital,2025-11-21 16:42:00,Outpatient Department,Formal Complaint Form,True,Long Waiting Time,The waiting time was much longer than expected. The recorded wait was about 19 minutes.,Negative,Medium,Resolved,39.52,0.0,Patient Experience System,True
CMP0000588,EN001534,VIS00205188,KPJ_01,JCORP Specialist Hospital,2025-11-24 18:54:00,Emergency Department,Google Review,False,Long Waiting Time,The waiting time was much longer than expected. The recorded wait was about 25 minutes.,Negative,Medium,Not Applicable,32.59,11.76,Patient Experience System,True
CMP0000589,EN001536,,KPJ_01,JCORP Specialist Hospital,2025-11-24 09:13:00,Inpatient Wards,Facebook,False,Poor Communication,The instructions provided were confusing.,Negative,Medium,Not Applicable,0.0,0.0,Patient Experience System,True
CMP0000590,EN001535,,KPJ_01,JCORP Specialist Hospital,2025-11-24 14:18:00,Outpatient Department,Call Centre,True,Insufficient Staff,The counter was understaffed and service was slow.,Negative,Medium,In Progress,40.37,0.0,Patient Experience System,True
CMP0000591,EN001535,VIS00205452,KPJ_01,JCORP Specialist Hospital,2025-11-24 18:13:00,Outpatient Department,Call Centre,True,Long Waiting Time,I arrived on time but still waited for a long period. The recorded wait was about 56 minutes.,Negative,Medium,Resolved,40.37,0.0,Patient Experience System,True
CMP0000592,EN001537,VIS00205683,KPJ_01,JCORP Specialist Hospital,2025-11-25 11:02:00,Emergency Department,Google Review,False,Long Waiting Time,The waiting time was much longer than expected. The recorded wait was about 18 minutes.,Negative,High,Not Applicable,36.27,10.37,Patient Experience System,True
CMP0000593,EN001537,VIS00205635,KPJ_01,JCORP Specialist Hospital,2025-11-25 16:09:00,Emergency Department,Google Review,False,Poor Communication,I did not receive enough information about what was happening.,Negative,Medium,Not Applicable,36.27,10.37,Patient Experience System,True
CMP0000594,EN001537,VIS00205666,KPJ_01,JCORP Specialist Hospital,2025-11-25 17:07:00,Emergency Department,Formal Complaint Form,True,Facility Condition,Some facilities were not functioning properly.,Negative,Medium,Resolved,36.27,10.37,Patient Experience System,True
CMP0000595,EN001541,,KPJ_01,JCORP Specialist Hospital,2025-11-26 13:21:00,Outpatient Department,Google Review,False,Overcrowding,The waiting area was overcrowded.,Negative,Medium,Not Applicable,39.36,0.0,Patient Experience System,True
CMP0000596,EN001541,VIS00206378,KPJ_01,JCORP Specialist Hospital,2025-11-26 16:45:00,Outpatient Department,Google Review,False,Insufficient Staff,The counter was understaffed and service was slow.,Negative,High,Not Applicable,39.36,0.0,Patient Experience System,True
CMP0000597,EN001543,VIS00206606,KPJ_01,JCORP Specialist Hospital,2025-11-27 13:31:00,Emergency Department,Facebook,False,Poor Communication,The instructions provided were confusing.,Negative,High,Not Applicable,34.26,5.33,Patient Experience System,True
CMP0000598,EN001544,VIS00207110,KPJ_01,JCORP Specialist Hospital,2025-11-27 14:56:00,Outpatient Department,Google Review,False,Poor Communication,I did not receive enough information about what was happening.,Negative,Medium,Not Applicable,38.82,0.0,Patient Experience System,True
CMP0000599,EN001546,,KPJ_01,JCORP Specialist Hospital,2025-11-28 18:52:00,Emergency Department,Formal Complaint Form,True,Long Waiting Time,My appointment was delayed and no clear update was given.,Negative,Medium,Resolved,33.63,5.8,Patient Experience System,True
CMP0000600,EN001552,,KPJ_01,JCORP Specialist Hospital,2025-11-30 09:09:00,Emergency Department,Patient Portal,True,Poor Communication,I did not receive enough information about what was happening.,Negative,High,Resolved,35.59,6.38,Patient Experience System,True
CMP0000601,EN001553,,KPJ_01,JCORP Specialist Hospital,2025-11-30 10:58:00,Outpatient Department,Patient Portal,True,Poor Communication,Staff communication about the waiting process was unclear.,Negative,Low,Open,40.95,0.0,Patient Experience System,True
CMP0000602,EN001556,VIS00208385,KPJ_01,JCORP Specialist Hospital,2025-12-01 09:15:00,Outpatient Department,Formal Complaint Form,True,Long Waiting Time,I waited far too long before being attended to. The recorded wait was about 38 minutes.,Negative,Medium,Resolved,40.26,0.0,Patient Experience System,True
CMP0000603,EN001562,,KPJ_01,JCORP Specialist Hospital,2025-12-03 18:47:00,Outpatient Department,Google Review,False,Long Waiting Time,I arrived on time but still waited for a long period.,Negative,Medium,Not Applicable,39.98,0.0,Patient Experience System,True
CMP0000604,EN001566,,KPJ_01,JCORP Specialist Hospital,2025-12-04 12:29:00,Inpatient Wards,Google Review,False,Billing,The billing explanation was not satisfactory.,Negative,Medium,Not Applicable,0.0,0.0,Patient Experience System,True
CMP0000605,EN001565,VIS00209856,KPJ_01,JCORP Specialist Hospital,2025-12-04 20:19:00,Outpatient Department,Patient Portal,True,Billing,The billing process was unclear.,Negative,Medium,Resolved,40.98,0.0,Patient Experience System,True
CMP0000606,EN001568,VIS00210285,KPJ_01,JCORP Specialist Hospital,2025-12-05 21:58:00,Outpatient Department,Patient Portal,True,Staff Attitude,The service attitude did not meet expectations.,Negative,Medium,Resolved,40.34,0.0,Patient Experience System,True
CMP0000607,EN001570,,KPJ_01,JCORP Specialist Hospital,2025-12-06 10:50:00,Emergency Department,Call Centre,True,Long Waiting Time,I waited far too long before being attended to.,Negative,Medium,Resolved,34.58,5.49,Patient Experience System,True
CMP0000608,EN001570,VIS00210669,KPJ_01,JCORP Specialist Hospital,2025-12-06 08:51:00,Emergency Department,Formal Complaint Form,True,Long Waiting Time,The queue moved very slowly and the wait was frustrating. The recorded wait was about 31 minutes.,Negative,Medium,Resolved,34.58,5.49,Patient Experience System,True
CMP0000609,EN001571,VIS00210858,KPJ_01,JCORP Specialist Hospital,2025-12-06 10:21:00,Outpatient Department,Patient Portal,True,Long Waiting Time,I arrived on time but still waited for a long period. The recorded wait was about 40 minutes.,Negative,High,Resolved,41.28,0.0,Patient Experience System,True
CMP0000610,EN001576,,KPJ_01,JCORP Specialist Hospital,2025-12-08 17:01:00,Emergency Department,Patient Portal,True,Overcrowding,There were too many patients in the service area.,Negative,Medium,In Progress,33.84,5.07,Patient Experience System,True
CMP0000611,EN001577,VIS00211612,KPJ_01,JCORP Specialist Hospital,2025-12-08 12:40:00,Outpatient Department,Facebook,False,Facility Condition,Some facilities were not functioning properly.,Negative,Medium,Not Applicable,39.57,0.0,Patient Experience System,True
CMP0000612,EN001581,,KPJ_01,JCORP Specialist Hospital,2025-12-09 15:54:00,Inpatient Wards,Google Review,False,Staff Attitude,The response from staff felt unfriendly.,Negative,High,Not Applicable,0.0,0.0,Patient Experience System,True
CMP0000613,EN001580,,KPJ_01,JCORP Specialist Hospital,2025-12-09 15:40:00,Outpatient Department,Google Review,False,Poor Communication,I did not receive enough information about what was happening.,Negative,Medium,Not Applicable,41.45,0.0,Patient Experience System,True
CMP0000614,EN001583,VIS00212429,KPJ_01,JCORP Specialist Hospital,2025-12-10 12:33:00,Outpatient Department,Google Review,False,Long Waiting Time,I waited far too long before being attended to. The recorded wait was about 43 minutes.,Negative,High,Not Applicable,40.93,0.0,Patient Experience System,True
CMP0000615,EN001585,,KPJ_01,JCORP Specialist Hospital,2025-12-11 10:04:00,Emergency Department,Facebook,False,Poor Communication,No one updated us about the service delay.,Negative,High,Not Applicable,35.53,3.82,Patient Experience System,True
CMP0000616,EN001587,,KPJ_01,JCORP Specialist Hospital,2025-12-11 15:21:00,Inpatient Wards,Formal Complaint Form,True,Overcrowding,The waiting space was very crowded.,Negative,Medium,Resolved,0.0,0.0,Patient Experience System,True
CMP0000617,EN001591,VIS00213593,KPJ_01,JCORP Specialist Hospital,2025-12-13 10:31:00,Emergency Department,Facebook,False,Facility Condition,The waiting area was not comfortable.,Negative,Medium,Not Applicable,33.74,7.95,Patient Experience System,True
CMP0000618,EN001596,,KPJ_01,JCORP Specialist Hospital,2025-12-14 12:12:00,Inpatient Wards,Formal Complaint Form,True,Facility Condition,The environment did not feel well maintained.,Negative,Medium,In Progress,0.0,0.0,Patient Experience System,True
CMP0000619,EN001595,,KPJ_01,JCORP Specialist Hospital,2025-12-14 21:31:00,Outpatient Department,Google Review,False,Overcrowding,Patient flow appeared poorly managed.,Negative,Medium,Not Applicable,39.47,0.0,Patient Experience System,True
CMP0000620,EN001598,,KPJ_01,JCORP Specialist Hospital,2025-12-15 13:20:00,Outpatient Department,Facebook,False,Insufficient Staff,There did not seem to be enough staff available.,Negative,Medium,Not Applicable,39.75,0.0,Patient Experience System,True
CMP0000621,EN001598,VIS00214329,KPJ_01,JCORP Specialist Hospital,2025-12-15 16:01:00,Outpatient Department,Patient Portal,True,Poor Communication,The instructions provided were confusing.,Negative,Medium,Resolved,39.75,0.0,Patient Experience System,True
CMP0000622,EN001603,VIS00215247,KPJ_01,JCORP Specialist Hospital,2025-12-17 19:15:00,Emergency Department,Patient Portal,True,Staff Attitude,The staff member was not very helpful.,Negative,Medium,Resolved,31.79,9.43,Patient Experience System,True
CMP0000623,EN001606,VIS00215674,KPJ_01,JCORP Specialist Hospital,2025-12-18 19:28:00,Emergency Department,Formal Complaint Form,True,Long Waiting Time,My appointment was delayed and no clear update was given. The recorded wait was about 18 minutes.,Negative,Medium,Resolved,33.2,5.41,Patient Experience System,True
CMP0000624,EN001606,,KPJ_01,JCORP Specialist Hospital,2025-12-18 12:00:00,Emergency Department,Facebook,False,Poor Communication,Staff communication about the waiting process was unclear.,Negative,Medium,Not Applicable,33.2,5.41,Patient Experience System,True
CMP0000625,EN001607,VIS00215820,KPJ_01,JCORP Specialist Hospital,2025-12-18 20:04:00,Outpatient Department,Formal Complaint Form,True,Poor Communication,The instructions provided were confusing.,Negative,High,In Progress,39.71,0.0,Patient Experience System,True
CMP0000626,EN001610,,KPJ_01,JCORP Specialist Hospital,2025-12-19 12:20:00,Outpatient Department,Call Centre,True,Overcrowding,The department felt congested and uncomfortable.,Negative,Medium,In Progress,39.71,0.0,Patient Experience System,True
CMP0000627,EN001612,,KPJ_01,JCORP Specialist Hospital,2025-12-20 11:44:00,Emergency Department,Call Centre,True,Long Waiting Time,My appointment was delayed and no clear update was given.,Negative,Medium,Resolved,33.29,7.6,Patient Experience System,True
CMP0000628,EN001613,VIS00216697,KPJ_01,JCORP Specialist Hospital,2025-12-20 20:29:00,Outpatient Department,Formal Complaint Form,True,Long Waiting Time,The queue moved very slowly and the wait was frustrating. The recorded wait was about 39 minutes.,Negative,High,Resolved,38.93,0.0,Patient Experience System,True
CMP0000629,EN001615,VIS00216918,KPJ_01,JCORP Specialist Hospital,2025-12-21 13:20:00,Emergency Department,Facebook,False,Insufficient Staff,Only a few staff members were handling many patients.,Negative,High,Not Applicable,34.1,6.59,Patient Experience System,True
CMP0000630,EN001615,VIS00216942,KPJ_01,JCORP Specialist Hospital,2025-12-21 19:35:00,Emergency Department,Google Review,False,Insufficient Staff,Only a few staff members were handling many patients.,Negative,Medium,Not Applicable,34.1,6.59,Patient Experience System,True
CMP0000631,EN001617,,KPJ_01,JCORP Specialist Hospital,2025-12-21 14:32:00,Inpatient Wards,Facebook,False,Staff Attitude,The interaction with staff could have been more professional.,Negative,Low,Not Applicable,0.0,0.0,Patient Experience System,True
CMP0000632,EN001619,,KPJ_01,JCORP Specialist Hospital,2025-12-22 12:02:00,Outpatient Department,Patient Portal,True,Long Waiting Time,The waiting time was much longer than expected.,Negative,Medium,In Progress,39.87,0.0,Patient Experience System,True
CMP0000633,EN001619,VIS00217313,KPJ_01,JCORP Specialist Hospital,2025-12-22 15:46:00,Outpatient Department,Formal Complaint Form,True,Billing,The billing explanation was not satisfactory.,Negative,Medium,Resolved,39.87,0.0,Patient Experience System,True
CMP0000634,EN001619,VIS00217372,KPJ_01,JCORP Specialist Hospital,2025-12-22 11:13:00,Outpatient Department,Call Centre,True,Overcrowding,The waiting area was overcrowded.,Negative,High,Resolved,39.87,0.0,Patient Experience System,True
CMP0000635,EN001622,,KPJ_01,JCORP Specialist Hospital,2025-12-23 13:39:00,Outpatient Department,Call Centre,True,Poor Communication,The instructions provided were confusing.,Negative,Low,Open,39.77,0.0,Patient Experience System,True
CMP0000636,EN001625,,KPJ_01,JCORP Specialist Hospital,2025-12-24 18:08:00,Outpatient Department,Google Review,False,Insufficient Staff,The counter was understaffed and service was slow.,Negative,Medium,Not Applicable,40.62,0.0,Patient Experience System,True
CMP0000637,EN001627,VIS00218545,KPJ_01,JCORP Specialist Hospital,2025-12-25 13:17:00,Emergency Department,Call Centre,True,Poor Communication,I did not receive enough information about what was happening.,Negative,Medium,Resolved,34.26,6.71,Patient Experience System,True
CMP0000638,EN001627,VIS00218646,KPJ_01,JCORP Specialist Hospital,2025-12-25 15:58:00,Emergency Department,Formal Complaint Form,True,Long Waiting Time,The queue moved very slowly and the wait was frustrating. The recorded wait was about 30 minutes.,Negative,High,Resolved,34.26,6.71,Patient Experience System,True
CMP0000639,EN001628,VIS00218863,KPJ_01,JCORP Specialist Hospital,2025-12-25 12:44:00,Outpatient Department,Formal Complaint Form,True,Long Waiting Time,My appointment was delayed and no clear update was given. The recorded wait was about 40 minutes.,Negative,Medium,In Progress,39.74,0.0,Patient Experience System,True
CMP0000640,EN001631,VIS00219341,KPJ_01,JCORP Specialist Hospital,2025-12-26 15:32:00,Outpatient Department,Google Review,False,Long Waiting Time,I waited far too long before being attended to. The recorded wait was about 48 minutes.,Negative,Medium,Not Applicable,40.22,0.0,Patient Experience System,True
CMP0000641,EN001631,VIS00219261,KPJ_01,JCORP Specialist Hospital,2025-12-26 19:28:00,Outpatient Department,Formal Complaint Form,True,Billing,The billing explanation was not satisfactory.,Negative,Medium,Resolved,40.22,0.0,Patient Experience System,True
CMP0000642,EN001643,VIS00220695,KPJ_01,JCORP Specialist Hospital,2025-12-30 19:59:00,Outpatient Department,Facebook,False,Long Waiting Time,I waited far too long before being attended to. The recorded wait was about 45 minutes.,Negative,High,Not Applicable,39.48,0.0,Patient Experience System,True
CMP0000643,EN001646,,KPJ_01,JCORP Specialist Hospital,2025-12-31 18:20:00,Outpatient Department,Call Centre,True,Poor Communication,No one updated us about the service delay.,Negative,Medium,Open,40.1,0.0,Patient Experience System,True
CMP0000644,EN001648,VIS00221577,KPJ_01,JCORP Specialist Hospital,2026-01-01 11:02:00,Emergency Department,Google Review,False,Billing,The billing process was unclear.,Negative,Low,Not Applicable,38.28,15.54,Patient Experience System,True
CMP0000645,EN001649,VIS00221814,KPJ_01,JCORP Specialist Hospital,2026-01-01 13:31:00,Outpatient Department,Patient Portal,True,Poor Communication,The instructions provided were confusing.,Negative,Medium,In Progress,43.97,0.0,Patient Experience System,True
CMP0000646,EN001651,VIS00221950,KPJ_01,JCORP Specialist Hospital,2026-01-02 10:32:00,Emergency Department,Google Review,False,Long Waiting Time,My appointment was delayed and no clear update was given. The recorded wait was about 47 minutes.,Negative,Medium,Not Applicable,40.66,17.36,Patient Experience System,True
CMP0000647,EN001652,VIS00222062,KPJ_01,JCORP Specialist Hospital,2026-01-02 17:07:00,Outpatient Department,Formal Complaint Form,True,Insufficient Staff,The counter was understaffed and service was slow.,Negative,Medium,Resolved,43.95,0.0,Patient Experience System,True
CMP0000648,EN001654,VIS00222352,KPJ_01,JCORP Specialist Hospital,2026-01-03 10:24:00,Emergency Department,Facebook,False,Poor Communication,The instructions provided were confusing.,Negative,Medium,Not Applicable,40.2,9.76,Patient Experience System,True
CMP0000649,EN001654,VIS00222426,KPJ_01,JCORP Specialist Hospital,2026-01-03 12:43:00,Emergency Department,Patient Portal,True,Poor Communication,The delay was not explained clearly.,Negative,High,Resolved,40.2,9.76,Patient Experience System,True
CMP0000650,EN001661,VIS00223195,KPJ_01,JCORP Specialist Hospital,2026-01-05 11:39:00,Outpatient Department,Google Review,False,Long Waiting Time,The waiting time was much longer than expected. The recorded wait was about 41 minutes.,Negative,Medium,Not Applicable,43.6,0.0,Patient Experience System,True
CMP0000651,EN001664,VIS00223654,KPJ_01,JCORP Specialist Hospital,2026-01-06 11:44:00,Outpatient Department,Google Review,False,Insufficient Staff,Only a few staff members were handling many patients.,Negative,High,Not Applicable,45.46,0.0,Patient Experience System,True
CMP0000652,EN001666,,KPJ_01,JCORP Specialist Hospital,2026-01-07 11:44:00,Emergency Department,Formal Complaint Form,True,Insufficient Staff,More staff were needed to manage the patient flow.,Negative,Medium,Resolved,37.87,5.99,Patient Experience System,True
CMP0000653,EN001670,VIS00224612,KPJ_01,JCORP Specialist Hospital,2026-01-08 17:55:00,Outpatient Department,Facebook,False,Poor Communication,I did not receive enough information about what was happening.,Negative,Medium,Not Applicable,44.39,0.0,Patient Experience System,True
CMP0000654,EN001670,VIS00224512,KPJ_01,JCORP Specialist Hospital,2026-01-08 14:33:00,Outpatient Department,Google Review,False,Long Waiting Time,The waiting time was much longer than expected. The recorded wait was about 71 minutes.,Negative,Medium,Not Applicable,44.39,0.0,Patient Experience System,True
CMP0000655,EN001673,VIS00225226,KPJ_01,JCORP Specialist Hospital,2026-01-09 19:21:00,Outpatient Department,Google Review,False,Long Waiting Time,The queue moved very slowly and the wait was frustrating. The recorded wait was about 41 minutes.,Negative,Medium,Not Applicable,43.99,0.3,Patient Experience System,True
CMP0000656,EN001676,VIS00225571,KPJ_01,JCORP Specialist Hospital,2026-01-10 16:51:00,Outpatient Department,Patient Portal,True,Long Waiting Time,The waiting time was much longer than expected. The recorded wait was about 56 minutes.,Negative,Medium,In Progress,44.09,0.83,Patient Experience System,True
CMP0000657,EN001681,VIS00225911,KPJ_01,JCORP Specialist Hospital,2026-01-12 09:00:00,Emergency Department,Formal Complaint Form,True,Long Waiting Time,The queue moved very slowly and the wait was frustrating. The recorded wait was about 35 minutes.,Negative,Medium,Open,36.51,19.11,Patient Experience System,True
CMP0000658,EN001682,VIS00226395,KPJ_01,JCORP Specialist Hospital,2026-01-12 15:06:00,Outpatient Department,Google Review,False,Long Waiting Time,The waiting time was much longer than expected. The recorded wait was about 53 minutes.,Negative,Medium,Not Applicable,44.11,0.0,Patient Experience System,True
CMP0000659,EN001689,,KPJ_01,JCORP Specialist Hospital,2026-01-14 19:47:00,Inpatient Wards,Call Centre,True,Facility Condition,The facility condition could be improved.,Negative,Low,Open,0.0,0.0,Patient Experience System,True
CMP0000660,EN001688,VIS00227051,KPJ_01,JCORP Specialist Hospital,2026-01-14 10:51:00,Outpatient Department,Formal Complaint Form,True,Long Waiting Time,I waited far too long before being attended to. The recorded wait was about 45 minutes.,Negative,Medium,Resolved,44.7,0.0,Patient Experience System,True
CMP0000661,EN001690,VIS00227429,KPJ_01,JCORP Specialist Hospital,2026-01-15 16:06:00,Emergency Department,Facebook,False,Overcrowding,The department felt congested and uncomfortable.,Negative,High,Not Applicable,39.21,12.0,Patient Experience System,True
CMP0000662,EN001696,,KPJ_01,JCORP Specialist Hospital,2026-01-17 21:27:00,Emergency Department,Google Review,False,Overcrowding,There were too many patients in the service area.,Negative,High,Not Applicable,40.85,11.83,Patient Experience System,True
CMP0000663,EN001697,VIS00228440,KPJ_01,JCORP Specialist Hospital,2026-01-17 18:35:00,Outpatient Department,Patient Portal,True,Billing,The billing explanation was not satisfactory.,Negative,Medium,In Progress,43.45,0.0,Patient Experience System,True
CMP0000664,EN001704,,KPJ_01,JCORP Specialist Hospital,2026-01-19 10:00:00,Inpatient Wards,Google Review,False,Long Waiting Time,I waited far too long before being attended to.,Negative,Medium,Not Applicable,0.0,0.0,Patient Experience System,True
CMP0000665,EN001705,VIS00229358,KPJ_01,JCORP Specialist Hospital,2026-01-20 13:58:00,Emergency Department,Call Centre,True,Poor Communication,No one updated us about the service delay.,Negative,High,In Progress,36.95,16.0,Patient Experience System,True
CMP0000666,EN001707,,KPJ_01,JCORP Specialist Hospital,2026-01-20 08:25:00,Inpatient Wards,Patient Portal,True,Long Waiting Time,The queue moved very slowly and the wait was frustrating.,Negative,Medium,In Progress,0.0,0.0,Patient Experience System,True
CMP0000667,EN001706,,KPJ_01,JCORP Specialist Hospital,2026-01-20 18:49:00,Outpatient Department,Patient Portal,True,Long Waiting Time,I waited far too long before being attended to.,Negative,Medium,Resolved,43.6,0.0,Patient Experience System,True
CMP0000668,EN001708,,KPJ_01,JCORP Specialist Hospital,2026-01-21 21:44:00,Emergency Department,Google Review,False,Billing,There was confusion about the bill.,Negative,Low,Not Applicable,37.46,12.58,Patient Experience System,True
CMP0000669,EN001711,,KPJ_01,JCORP Specialist Hospital,2026-01-22 10:05:00,Emergency Department,Patient Portal,True,Long Waiting Time,I arrived on time but still waited for a long period.,Negative,Medium,In Progress,38.63,9.94,Patient Experience System,True
CMP0000670,EN001713,,KPJ_01,JCORP Specialist Hospital,2026-01-22 16:31:00,Inpatient Wards,Formal Complaint Form,True,Staff Attitude,I expected more courtesy during the visit.,Negative,Medium,In Progress,0.0,0.0,Patient Experience System,True
CMP0000671,EN001712,,KPJ_01,JCORP Specialist Hospital,2026-01-22 21:30:00,Outpatient Department,Facebook,False,Billing,The billing process was unclear.,Negative,Medium,Not Applicable,44.13,0.0,Patient Experience System,True
CMP0000672,EN001714,VIS00230713,KPJ_01,JCORP Specialist Hospital,2026-01-23 10:46:00,Emergency Department,Formal Complaint Form,True,Poor Communication,The instructions provided were confusing.,Negative,Medium,Open,39.49,22.15,Patient Experience System,True
CMP0000673,EN001715,,KPJ_01,JCORP Specialist Hospital,2026-01-23 17:23:00,Outpatient Department,Formal Complaint Form,True,Insufficient Staff,The counter was understaffed and service was slow.,Negative,Medium,Open,43.42,0.0,Patient Experience System,True
CMP0000674,EN001717,VIS00231172,KPJ_01,JCORP Specialist Hospital,2026-01-24 20:17:00,Emergency Department,Call Centre,True,Long Waiting Time,I waited far too long before being attended to. The recorded wait was about 19 minutes.,Negative,Medium,In Progress,36.9,14.46,Patient Experience System,True
CMP0000675,EN001719,,KPJ_01,JCORP Specialist Hospital,2026-01-24 13:41:00,Inpatient Wards,Facebook,False,Facility Condition,The cleanliness of the area needs attention.,Negative,Medium,Not Applicable,0.0,0.0,Patient Experience System,True
CMP0000676,EN001723,VIS00231732,KPJ_01,JCORP Specialist Hospital,2026-01-26 17:29:00,Emergency Department,Formal Complaint Form,True,Poor Communication,The delay was not explained clearly.,Negative,Medium,Resolved,38.99,12.5,Patient Experience System,True
CMP0000677,EN001729,VIS00232746,KPJ_01,JCORP Specialist Hospital,2026-01-28 09:02:00,Emergency Department,Patient Portal,True,Long Waiting Time,The waiting time was much longer than expected. The recorded wait was about 48 minutes.,Negative,High,Resolved,38.36,13.66,Patient Experience System,True
CMP0000678,EN001734,,KPJ_01,JCORP Specialist Hospital,2026-01-29 15:32:00,Inpatient Wards,Formal Complaint Form,True,Billing,The payment process took too long.,Negative,Medium,Resolved,0.0,0.0,Patient Experience System,True
CMP0000679,EN001733,VIS00233429,KPJ_01,JCORP Specialist Hospital,2026-01-29 19:53:00,Outpatient Department,Facebook,False,Poor Communication,I did not receive enough information about what was happening.,Negative,Low,Not Applicable,43.16,0.0,Patient Experience System,True
CMP0000680,EN001742,,KPJ_01,JCORP Specialist Hospital,2026-02-01 14:10:00,Outpatient Department,Formal Complaint Form,True,Billing,The billing explanation was not satisfactory.,Negative,Low,Resolved,47.8,0.0,Patient Experience System,True
CMP0000681,EN001744,VIS00234655,KPJ_01,JCORP Specialist Hospital,2026-02-02 13:31:00,Emergency Department,Formal Complaint Form,True,Long Waiting Time,My appointment was delayed and no clear update was given. The recorded wait was about 57 minutes.,Negative,Medium,In Progress,39.24,22.13,Patient Experience System,True
CMP0000682,EN001745,,KPJ_01,JCORP Specialist Hospital,2026-02-02 09:25:00,Outpatient Department,Google Review,False,Poor Communication,No one updated us about the service delay.,Negative,Medium,Not Applicable,46.76,0.0,Patient Experience System,True
CMP0000683,EN001748,,KPJ_01,JCORP Specialist Hospital,2026-02-03 16:25:00,Outpatient Department,Patient Portal,True,Poor Communication,The instructions provided were confusing.,Negative,Low,Resolved,47.89,0.3,Patient Experience System,True
CMP0000684,EN001748,VIS00235444,KPJ_01,JCORP Specialist Hospital,2026-02-03 10:58:00,Outpatient Department,Call Centre,True,Poor Communication,No one updated us about the service delay.,Negative,Medium,Resolved,47.89,0.3,Patient Experience System,True
CMP0000685,EN001748,,KPJ_01,JCORP Specialist Hospital,2026-02-03 11:57:00,Outpatient Department,Facebook,False,Poor Communication,The instructions provided were confusing.,Negative,Medium,Not Applicable,47.89,0.3,Patient Experience System,True
CMP0000686,EN001751,VIS00235917,KPJ_01,JCORP Specialist Hospital,2026-02-04 09:36:00,Outpatient Department,Google Review,False,Long Waiting Time,I arrived on time but still waited for a long period. The recorded wait was about 56 minutes.,Negative,Medium,Not Applicable,47.54,0.61,Patient Experience System,True
CMP0000687,EN001751,VIS00235806,KPJ_01,JCORP Specialist Hospital,2026-02-04 21:55:00,Outpatient Department,Formal Complaint Form,True,Long Waiting Time,My appointment was delayed and no clear update was given. The recorded wait was about 56 minutes.,Negative,Medium,Resolved,47.54,0.61,Patient Experience System,True
CMP0000688,EN001751,VIS00235803,KPJ_01,JCORP Specialist Hospital,2026-02-04 19:45:00,Outpatient Department,Formal Complaint Form,True,Overcrowding,Patient flow appeared poorly managed.,Negative,Medium,In Progress,47.54,0.61,Patient Experience System,True
CMP0000689,EN001753,VIS00236095,KPJ_01,JCORP Specialist Hospital,2026-02-05 20:09:00,Emergency Department,Formal Complaint Form,True,Overcrowding,The waiting space was very crowded.,Negative,Medium,Resolved,41.07,23.08,Patient Experience System,True
CMP0000690,EN001754,VIS00236178,KPJ_01,JCORP Specialist Hospital,2026-02-05 09:13:00,Outpatient Department,Formal Complaint Form,True,Long Waiting Time,I waited far too long before being attended to. The recorded wait was about 51 minutes.,Negative,Medium,Resolved,47.43,0.0,Patient Experience System,True
CMP0000691,EN001758,,KPJ_01,JCORP Specialist Hospital,2026-02-06 11:19:00,Inpatient Wards,Google Review,False,Insufficient Staff,More staff were needed to manage the patient flow.,Negative,Medium,Not Applicable,0.0,0.0,Patient Experience System,True
CMP0000692,EN001757,VIS00236834,KPJ_01,JCORP Specialist Hospital,2026-02-06 09:44:00,Outpatient Department,Patient Portal,True,Facility Condition,The facility condition could be improved.,Negative,Low,Resolved,46.33,0.33,Patient Experience System,True
CMP0000693,EN001757,VIS00236704,KPJ_01,JCORP Specialist Hospital,2026-02-06 09:00:00,Outpatient Department,Patient Portal,True,Insufficient Staff,The department appeared short-staffed during a busy period.,Negative,Medium,In Progress,46.33,0.33,Patient Experience System,True
CMP0000694,EN001759,VIS00236939,KPJ_01,JCORP Specialist Hospital,2026-02-07 09:12:00,Emergency Department,Google Review,False,Overcrowding,There were too many patients in the service area.,Negative,Medium,Not Applicable,42.91,22.22,Patient Experience System,True
CMP0000695,EN001759,VIS00237000,KPJ_01,JCORP Specialist Hospital,2026-02-07 09:09:00,Emergency Department,Patient Portal,True,Long Waiting Time,I waited far too long before being attended to. The recorded wait was about 39 minutes.,Negative,Medium,Open,42.91,22.22,Patient Experience System,True
CMP0000696,EN001765,VIS00237529,KPJ_01,JCORP Specialist Hospital,2026-02-09 13:30:00,Emergency Department,Patient Portal,True,Long Waiting Time,My appointment was delayed and no clear update was given. The recorded wait was about 47 minutes.,Negative,Medium,In Progress,44.56,29.17,Patient Experience System,True
CMP0000697,EN001765,VIS00237536,KPJ_01,JCORP Specialist Hospital,2026-02-09 17:52:00,Emergency Department,Patient Portal,True,Staff Attitude,The service attitude did not meet expectations.,Negative,Medium,Resolved,44.56,29.17,Patient Experience System,True
CMP0000698,EN001768,VIS00237909,KPJ_01,JCORP Specialist Hospital,2026-02-10 08:39:00,Emergency Department,Call Centre,True,Overcrowding,There were too many patients in the service area.,Negative,Medium,Resolved,43.53,20.55,Patient Experience System,True
CMP0000699,EN001770,,KPJ_01,JCORP Specialist Hospital,2026-02-10 11:45:00,Inpatient Wards,Formal Complaint Form,True,Poor Communication,The delay was not explained clearly.,Negative,High,Resolved,0.0,0.0,Patient Experience System,True
CMP0000700,EN001769,,KPJ_01,JCORP Specialist Hospital,2026-02-10 19:25:00,Outpatient Department,Facebook,False,Staff Attitude,The interaction with staff could have been more professional.,Negative,High,Not Applicable,47.53,0.0,Patient Experience System,True
CMP0000701,EN001771,VIS00238347,KPJ_01,JCORP Specialist Hospital,2026-02-11 14:48:00,Emergency Department,Google Review,False,Overcrowding,The department felt congested and uncomfortable.,Negative,Medium,Not Applicable,41.83,25.17,Patient Experience System,True
CMP0000702,EN001771,VIS00238381,KPJ_01,JCORP Specialist Hospital,2026-02-11 16:25:00,Emergency Department,Patient Portal,True,Insufficient Staff,The department appeared short-staffed during a busy period.,Negative,Medium,Resolved,41.83,25.17,Patient Experience System,True
CMP0000703,EN001771,VIS00238400,KPJ_01,JCORP Specialist Hospital,2026-02-11 10:48:00,Emergency Department,Formal Complaint Form,True,Insufficient Staff,Only a few staff members were handling many patients.,Negative,High,Resolved,41.83,25.17,Patient Experience System,True
CMP0000704,EN001773,,KPJ_01,JCORP Specialist Hospital,2026-02-11 13:34:00,Inpatient Wards,Patient Portal,True,Staff Attitude,The interaction with staff could have been more professional.,Negative,Medium,Resolved,0.0,0.0,Patient Experience System,True
CMP0000705,EN001773,,KPJ_01,JCORP Specialist Hospital,2026-02-11 18:26:00,Inpatient Wards,Google Review,False,Billing,The billing process was unclear.,Negative,Low,Not Applicable,0.0,0.0,Patient Experience System,True
CMP0000706,EN001774,VIS00238846,KPJ_01,JCORP Specialist Hospital,2026-02-12 12:50:00,Emergency Department,Formal Complaint Form,True,Insufficient Staff,The department appeared short-staffed during a busy period.,Negative,Medium,Open,42.09,21.21,Patient Experience System,True
CMP0000707,EN001776,,KPJ_01,JCORP Specialist Hospital,2026-02-12 12:38:00,Inpatient Wards,Patient Portal,True,Insufficient Staff,There did not seem to be enough staff available.,Negative,High,Resolved,0.0,0.0,Patient Experience System,True
CMP0000708,EN001775,VIS00238939,KPJ_01,JCORP Specialist Hospital,2026-02-12 09:53:00,Outpatient Department,Google Review,False,Billing,The payment process took too long.,Negative,Low,Not Applicable,47.85,0.32,Patient Experience System,True
CMP0000709,EN001775,,KPJ_01,JCORP Specialist Hospital,2026-02-12 09:07:00,Outpatient Department,Formal Complaint Form,True,Long Waiting Time,My appointment was delayed and no clear update was given.,Negative,High,Open,47.85,0.32,Patient Experience System,True
CMP0000710,EN001775,VIS00239211,KPJ_01,JCORP Specialist Hospital,2026-02-12 10:21:00,Outpatient Department,Patient Portal,True,Insufficient Staff,There did not seem to be enough staff available.,Negative,Medium,Resolved,47.85,0.32,Patient Experience System,True
CMP0000711,EN001777,VIS00239352,KPJ_01,JCORP Specialist Hospital,2026-02-13 08:06:00,Emergency Department,Patient Portal,True,Long Waiting Time,My appointment was delayed and no clear update was given. The recorded wait was about 73 minutes.,Negative,High,Resolved,44.3,16.0,Patient Experience System,True
CMP0000712,EN001778,VIS00239610,KPJ_01,JCORP Specialist Hospital,2026-02-13 18:37:00,Outpatient Department,Formal Complaint Form,True,Long Waiting Time,I arrived on time but still waited for a long period. The recorded wait was about 41 minutes.,Negative,High,Resolved,47.1,0.0,Patient Experience System,True
CMP0000713,EN001780,,KPJ_01,JCORP Specialist Hospital,2026-02-14 16:57:00,Emergency Department,Call Centre,True,Long Waiting Time,The waiting time was much longer than expected.,Negative,Medium,Resolved,42.71,20.86,Patient Experience System,True
CMP0000714,EN001780,VIS00239863,KPJ_01,JCORP Specialist Hospital,2026-02-14 08:50:00,Emergency Department,Facebook,False,Insufficient Staff,The department appeared short-staffed during a busy period.,Negative,High,Not Applicable,42.71,20.86,Patient Experience System,True
CMP0000715,EN001780,,KPJ_01,JCORP Specialist Hospital,2026-02-14 08:49:00,Emergency Department,Formal Complaint Form,True,Long Waiting Time,I arrived on time but still waited for a long period.,Negative,Medium,In Progress,42.71,20.86,Patient Experience System,True
CMP0000716,EN001783,VIS00240124,KPJ_01,JCORP Specialist Hospital,2026-02-15 09:18:00,Emergency Department,Google Review,False,Facility Condition,The environment did not feel well maintained.,Negative,Medium,Not Applicable,42.93,14.21,Patient Experience System,True
CMP0000717,EN001784,,KPJ_01,JCORP Specialist Hospital,2026-02-15 10:16:00,Outpatient Department,Patient Portal,True,Billing,The billing process was unclear.,Neutral,Medium,Resolved,47.27,0.84,Patient Experience System,True
CMP0000718,EN001787,,KPJ_01,JCORP Specialist Hospital,2026-02-16 19:37:00,Outpatient Department,Facebook,False,Poor Communication,Staff communication about the waiting process was unclear.,Negative,Low,Not Applicable,46.22,0.35,Patient Experience System,True
CMP0000719,EN001791,,KPJ_01,JCORP Specialist Hospital,2026-02-17 19:41:00,Inpatient Wards,Patient Portal,True,Overcrowding,The department felt congested and uncomfortable.,Negative,Medium,In Progress,0.0,0.0,Patient Experience System,True
CMP0000720,EN001790,VIS00240950,KPJ_01,JCORP Specialist Hospital,2026-02-17 12:59:00,Outpatient Department,Facebook,False,Long Waiting Time,The waiting time was much longer than expected. The recorded wait was about 65 minutes.,Negative,High,Not Applicable,47.24,0.35,Patient Experience System,True
CMP0000721,EN001793,VIS00241609,KPJ_01,JCORP Specialist Hospital,2026-02-18 08:32:00,Outpatient Department,Patient Portal,True,Billing,The billing process was unclear.,Neutral,Low,Open,47.42,0.0,Patient Experience System,True
CMP0000722,EN001795,VIS00241713,KPJ_01,JCORP Specialist Hospital,2026-02-19 08:33:00,Emergency Department,Call Centre,True,Insufficient Staff,Only a few staff members were handling many patients.,Negative,High,Resolved,42.77,24.68,Patient Experience System,True
CMP0000723,EN001796,VIS00241874,KPJ_01,JCORP Specialist Hospital,2026-02-19 08:38:00,Outpatient Department,Patient Portal,True,Long Waiting Time,The waiting time was much longer than expected. The recorded wait was about 53 minutes.,Negative,High,Resolved,47.09,0.0,Patient Experience System,True
CMP0000724,EN001796,,KPJ_01,JCORP Specialist Hospital,2026-02-19 10:29:00,Outpatient Department,Formal Complaint Form,True,Facility Condition,Some facilities were not functioning properly.,Negative,Medium,Resolved,47.09,0.0,Patient Experience System,True
CMP0000725,EN001803,,KPJ_01,JCORP Specialist Hospital,2026-02-21 12:27:00,Inpatient Wards,Google Review,False,Billing,The billing explanation was not satisfactory.,Negative,Low,Not Applicable,0.0,0.0,Patient Experience System,True
CMP0000726,EN001804,VIS00243037,KPJ_01,JCORP Specialist Hospital,2026-02-22 20:47:00,Emergency Department,Patient Portal,True,Staff Attitude,The response from staff felt unfriendly.,Negative,Medium,Resolved,42.15,22.44,Patient Experience System,True
CMP0000727,EN001809,,KPJ_01,JCORP Specialist Hospital,2026-02-23 10:28:00,Inpatient Wards,Facebook,False,Overcrowding,The department felt congested and uncomfortable.,Negative,Medium,Not Applicable,0.0,0.0,Patient Experience System,True
CMP0000728,EN001808,VIS00243579,KPJ_01,JCORP Specialist Hospital,2026-02-23 20:28:00,Outpatient Department,Call Centre,True,Long Waiting Time,The queue moved very slowly and the wait was frustrating. The recorded wait was about 52 minutes.,Negative,High,Resolved,46.45,0.0,Patient Experience System,True
CMP0000729,EN001812,,KPJ_01,JCORP Specialist Hospital,2026-02-24 19:39:00,Inpatient Wards,Google Review,False,Facility Condition,The environment did not feel well maintained.,Negative,Low,Not Applicable,0.0,0.0,Patient Experience System,True
CMP0000730,EN001811,VIS00243799,KPJ_01,JCORP Specialist Hospital,2026-02-24 11:32:00,Outpatient Department,Patient Portal,True,Poor Communication,The delay was not explained clearly.,Negative,Low,In Progress,47.25,0.0,Patient Experience System,True
CMP0000731,EN001813,VIS00244217,KPJ_01,JCORP Specialist Hospital,2026-02-25 08:07:00,Emergency Department,Call Centre,True,Overcrowding,The department felt congested and uncomfortable.,Negative,Medium,Resolved,42.5,19.31,Patient Experience System,True
CMP0000732,EN001813,,KPJ_01,JCORP Specialist Hospital,2026-02-25 17:28:00,Emergency Department,Formal Complaint Form,True,Poor Communication,The instructions provided were confusing.,Negative,Low,Resolved,42.5,19.31,Patient Experience System,True
CMP0000733,EN001814,VIS00244279,KPJ_01,JCORP Specialist Hospital,2026-02-25 15:28:00,Outpatient Department,Formal Complaint Form,True,Long Waiting Time,I arrived on time but still waited for a long period. The recorded wait was about 48 minutes.,Negative,Medium,Resolved,46.91,0.0,Patient Experience System,True
CMP0000734,EN001814,VIS00244454,KPJ_01,JCORP Specialist Hospital,2026-02-25 16:41:00,Outpatient Department,Facebook,False,Long Waiting Time,The queue moved very slowly and the wait was frustrating. The recorded wait was about 57 minutes.,Negative,High,Not Applicable,46.91,0.0,Patient Experience System,True
CMP0000735,EN001816,,KPJ_01,JCORP Specialist Hospital,2026-02-26 09:09:00,Emergency Department,Formal Complaint Form,True,Staff Attitude,The service attitude did not meet expectations.,Negative,Low,Open,42.03,19.87,Patient Experience System,True
CMP0000736,EN001818,,KPJ_01,JCORP Specialist Hospital,2026-02-26 21:43:00,Inpatient Wards,Call Centre,True,Poor Communication,No one updated us about the service delay.,Negative,Medium,Resolved,0.0,0.0,Patient Experience System,True
CMP0000737,EN001822,,KPJ_01,JCORP Specialist Hospital,2026-02-28 12:40:00,Emergency Department,Facebook,False,Long Waiting Time,I arrived on time but still waited for a long period.,Negative,Medium,Not Applicable,42.86,19.9,Patient Experience System,True
CMP0000738,EN001823,VIS00245819,KPJ_01,JCORP Specialist Hospital,2026-02-28 08:23:00,Outpatient Department,Formal Complaint Form,True,Billing,The billing process was unclear.,Negative,Medium,Resolved,48.76,0.0,Patient Experience System,True
CMP0000739,EN001825,,KPJ_01,JCORP Specialist Hospital,2026-03-01 15:39:00,Emergency Department,Call Centre,True,Insufficient Staff,The department appeared short-staffed during a busy period.,Negative,Medium,Resolved,44.81,42.71,Patient Experience System,True
CMP0000740,EN001825,VIS00245935,KPJ_01,JCORP Specialist Hospital,2026-03-01 15:01:00,Emergency Department,Patient Portal,True,Long Waiting Time,My appointment was delayed and no clear update was given. The recorded wait was about 26 minutes.,Negative,Medium,Resolved,44.81,42.71,Patient Experience System,True
CMP0000741,EN001825,VIS00245984,KPJ_01,JCORP Specialist Hospital,2026-03-01 20:49:00,Emergency Department,Patient Portal,True,Staff Attitude,The service attitude did not meet expectations.,Negative,Low,Resolved,44.81,42.71,Patient Experience System,True
CMP0000742,EN001831,VIS00246671,KPJ_01,JCORP Specialist Hospital,2026-03-03 21:53:00,Emergency Department,Formal Complaint Form,True,Overcrowding,The waiting area was overcrowded.,Negative,Medium,Resolved,45.65,32.92,Patient Experience System,True
CMP0000743,EN001832,VIS00247026,KPJ_01,JCORP Specialist Hospital,2026-03-03 17:56:00,Outpatient Department,Facebook,False,Long Waiting Time,My appointment was delayed and no clear update was given. The recorded wait was about 56 minutes.,Negative,Medium,Not Applicable,50.25,0.0,Patient Experience System,True
CMP0000744,EN001834,,KPJ_01,JCORP Specialist Hospital,2026-03-04 16:32:00,Emergency Department,Call Centre,True,Insufficient Staff,More staff were needed to manage the patient flow.,Negative,High,Resolved,45.21,24.12,Patient Experience System,True
CMP0000745,EN001834,VIS00247194,KPJ_01,JCORP Specialist Hospital,2026-03-04 09:38:00,Emergency Department,Call Centre,True,Long Waiting Time,I waited far too long before being attended to. The recorded wait was about 63 minutes.,Negative,High,Resolved,45.21,24.12,Patient Experience System,True
CMP0000746,EN001835,,KPJ_01,JCORP Specialist Hospital,2026-03-04 18:27:00,Outpatient Department,Google Review,False,Long Waiting Time,My appointment was delayed and no clear update was given.,Negative,High,Not Applicable,50.79,1.28,Patient Experience System,True
CMP0000747,EN001837,,KPJ_01,JCORP Specialist Hospital,2026-03-05 14:25:00,Emergency Department,Formal Complaint Form,True,Overcrowding,The department felt congested and uncomfortable.,Negative,Medium,Resolved,45.47,40.0,Patient Experience System,True
CMP0000748,EN001839,,KPJ_01,JCORP Specialist Hospital,2026-03-05 13:20:00,Inpatient Wards,Call Centre,True,Facility Condition,The waiting area was not comfortable.,Negative,Low,Open,0.0,0.0,Patient Experience System,True
CMP0000749,EN001838,VIS00247870,KPJ_01,JCORP Specialist Hospital,2026-03-05 09:27:00,Outpatient Department,Call Centre,True,Long Waiting Time,I waited far too long before being attended to. The recorded wait was about 51 minutes.,Negative,Medium,Resolved,50.23,0.95,Patient Experience System,True
CMP0000750,EN001841,VIS00248381,KPJ_01,JCORP Specialist Hospital,2026-03-06 20:34:00,Outpatient Department,Google Review,False,Long Waiting Time,The queue moved very slowly and the wait was frustrating. The recorded wait was about 50 minutes.,Negative,Medium,Not Applicable,50.24,0.58,Patient Experience System,True
CMP0000751,EN001846,VIS00248898,KPJ_01,JCORP Specialist Hospital,2026-03-08 08:31:00,Emergency Department,Facebook,False,Long Waiting Time,The queue moved very slowly and the wait was frustrating. The recorded wait was about 63 minutes.,Negative,Medium,Not Applicable,44.46,38.27,Patient Experience System,True
CMP0000752,EN001850,VIS00249412,KPJ_01,JCORP Specialist Hospital,2026-03-09 12:49:00,Outpatient Department,Patient Portal,True,Long Waiting Time,My appointment was delayed and no clear update was given. The recorded wait was about 50 minutes.,Negative,Medium,Open,50.71,0.68,Patient Experience System,True
CMP0000753,EN001852,VIS00249663,KPJ_01,JCORP Specialist Hospital,2026-03-10 18:33:00,Emergency Department,Facebook,False,Insufficient Staff,More staff were needed to manage the patient flow.,Negative,Medium,Not Applicable,51.95,57.83,Patient Experience System,True
CMP0000754,EN001854,,KPJ_01,JCORP Specialist Hospital,2026-03-10 21:03:00,Inpatient Wards,Formal Complaint Form,True,Poor Communication,No one updated us about the service delay.,Negative,High,Resolved,0.0,0.0,Patient Experience System,True
CMP0000755,EN001853,,KPJ_01,JCORP Specialist Hospital,2026-03-10 21:55:00,Outpatient Department,Google Review,False,Poor Communication,The delay was not explained clearly.,Negative,Low,Not Applicable,58.39,10.11,Patient Experience System,True
CMP0000756,EN001853,VIS00249873,KPJ_01,JCORP Specialist Hospital,2026-03-10 16:08:00,Outpatient Department,Patient Portal,True,Poor Communication,The instructions provided were confusing.,Negative,Medium,Resolved,58.39,10.11,Patient Experience System,True
CMP0000757,EN001856,,KPJ_01,JCORP Specialist Hospital,2026-03-11 17:44:00,Outpatient Department,Call Centre,True,Overcrowding,Patient flow appeared poorly managed.,Negative,High,Resolved,59.16,9.19,Patient Experience System,True
CMP0000758,EN001858,VIS00250793,KPJ_01,JCORP Specialist Hospital,2026-03-12 14:44:00,Emergency Department,Google Review,False,Insufficient Staff,There did not seem to be enough staff available.,Negative,Medium,Not Applicable,53.91,62.11,Patient Experience System,True
CMP0000759,EN001858,VIS00250785,KPJ_01,JCORP Specialist Hospital,2026-03-12 18:05:00,Emergency Department,Patient Portal,True,Poor Communication,I did not receive enough information about what was happening.,Negative,Medium,In Progress,53.91,62.11,Patient Experience System,True
CMP0000760,EN001858,VIS00250742,KPJ_01,JCORP Specialist Hospital,2026-03-12 18:47:00,Emergency Department,Patient Portal,True,Insufficient Staff,The counter was understaffed and service was slow.,Negative,Medium,Resolved,53.91,62.11,Patient Experience System,True
CMP0000761,EN001859,,KPJ_01,JCORP Specialist Hospital,2026-03-12 08:44:00,Outpatient Department,Patient Portal,True,Poor Communication,I did not receive enough information about what was happening.,Negative,Medium,Resolved,59.63,9.35,Patient Experience System,True
CMP0000762,EN001859,VIS00250890,KPJ_01,JCORP Specialist Hospital,2026-03-12 11:48:00,Outpatient Department,Google Review,False,Billing,The payment process took too long.,Neutral,Medium,Not Applicable,59.63,9.35,Patient Experience System,True
CMP0000763,EN001861,VIS00251183,KPJ_01,JCORP Specialist Hospital,2026-03-13 10:02:00,Emergency Department,Call Centre,True,Long Waiting Time,The waiting time was much longer than expected. The recorded wait was about 51 minutes.,Negative,Medium,Resolved,53.03,52.81,Patient Experience System,True
CMP0000764,EN001862,VIS00251433,KPJ_01,JCORP Specialist Hospital,2026-03-13 15:16:00,Outpatient Department,Call Centre,True,Long Waiting Time,The queue moved very slowly and the wait was frustrating. The recorded wait was about 62 minutes.,Negative,Medium,Resolved,59.29,11.54,Patient Experience System,True
CMP0000765,EN001862,,KPJ_01,JCORP Specialist Hospital,2026-03-13 10:13:00,Outpatient Department,Formal Complaint Form,True,Insufficient Staff,There did not seem to be enough staff available.,Negative,High,Resolved,59.29,11.54,Patient Experience System,True
CMP0000766,EN001865,VIS00251987,KPJ_01,JCORP Specialist Hospital,2026-03-14 20:49:00,Outpatient Department,Facebook,False,Overcrowding,There were too many patients in the service area.,Negative,Medium,Not Applicable,58.73,5.83,Patient Experience System,True
CMP0000767,EN001867,,KPJ_01,JCORP Specialist Hospital,2026-03-15 16:26:00,Emergency Department,Facebook,False,Facility Condition,The facility condition could be improved.,Negative,Low,Not Applicable,55.04,54.4,Patient Experience System,True
CMP0000768,EN001867,VIS00252179,KPJ_01,JCORP Specialist Hospital,2026-03-15 20:18:00,Emergency Department,Facebook,False,Insufficient Staff,The counter was understaffed and service was slow.,Negative,Medium,Not Applicable,55.04,54.4,Patient Experience System,True
CMP0000769,EN001867,VIS00252128,KPJ_01,JCORP Specialist Hospital,2026-03-15 14:45:00,Emergency Department,Formal Complaint Form,True,Overcrowding,The waiting space was very crowded.,Negative,High,In Progress,55.04,54.4,Patient Experience System,True
CMP0000770,EN001868,VIS00252307,KPJ_01,JCORP Specialist Hospital,2026-03-15 13:52:00,Outpatient Department,Formal Complaint Form,True,Poor Communication,I did not receive enough information about what was happening.,Negative,Low,Resolved,59.2,6.5,Patient Experience System,True
CMP0000771,EN001870,VIS00252398,KPJ_01,JCORP Specialist Hospital,2026-03-16 14:58:00,Emergency Department,Google Review,False,Facility Condition,The environment did not feel well maintained.,Negative,Low,Not Applicable,54.9,56.32,Patient Experience System,True
CMP0000772,EN001872,,KPJ_01,JCORP Specialist Hospital,2026-03-16 16:16:00,Inpatient Wards,Google Review,False,Insufficient Staff,Only a few staff members were handling many patients.,Negative,Medium,Not Applicable,0.0,0.0,Patient Experience System,True
CMP0000773,EN001871,VIS00252703,KPJ_01,JCORP Specialist Hospital,2026-03-16 08:38:00,Outpatient Department,Formal Complaint Form,True,Insufficient Staff,The counter was understaffed and service was slow.,Negative,Medium,Resolved,59.5,10.49,Patient Experience System,True
CMP0000774,EN001871,,KPJ_01,JCORP Specialist Hospital,2026-03-16 20:50:00,Outpatient Department,Formal Complaint Form,True,Billing,There was confusion about the bill.,Negative,Low,Resolved,59.5,10.49,Patient Experience System,True
CMP0000775,EN001871,VIS00252684,KPJ_01,JCORP Specialist Hospital,2026-03-16 14:19:00,Outpatient Department,Facebook,False,Long Waiting Time,I arrived on time but still waited for a long period. The recorded wait was about 53 minutes.,Negative,High,Not Applicable,59.5,10.49,Patient Experience System,True
CMP0000776,EN001875,,KPJ_01,JCORP Specialist Hospital,2026-03-17 14:31:00,Inpatient Wards,Facebook,False,Long Waiting Time,I waited far too long before being attended to.,Negative,Medium,Not Applicable,0.0,0.0,Patient Experience System,True
CMP0000777,EN001874,VIS00253385,KPJ_01,JCORP Specialist Hospital,2026-03-17 16:22:00,Outpatient Department,Formal Complaint Form,True,Poor Communication,I did not receive enough information about what was happening.,Negative,High,In Progress,59.69,5.56,Patient Experience System,True
CMP0000778,EN001876,VIS00253466,KPJ_01,JCORP Specialist Hospital,2026-03-18 15:49:00,Emergency Department,Formal Complaint Form,True,Facility Condition,The waiting area was not comfortable.,Neutral,Low,Open,53.01,55.17,Patient Experience System,True
CMP0000779,EN001878,,KPJ_01,JCORP Specialist Hospital,2026-03-18 11:27:00,Inpatient Wards,Formal Complaint Form,True,Staff Attitude,The staff member was not very helpful.,Negative,Medium,Resolved,0.0,0.0,Patient Experience System,True
CMP0000780,EN001882,VIS00254637,KPJ_01,JCORP Specialist Hospital,2026-03-20 16:00:00,Emergency Department,Patient Portal,True,Poor Communication,No one updated us about the service delay.,Negative,Medium,Resolved,55.68,56.63,Patient Experience System,True
CMP0000781,EN001883,VIS00254896,KPJ_01,JCORP Specialist Hospital,2026-03-20 11:45:00,Outpatient Department,Google Review,False,Insufficient Staff,The department appeared short-staffed during a busy period.,Negative,Medium,Not Applicable,58.17,8.83,Patient Experience System,True
CMP0000782,EN001883,VIS00254784,KPJ_01,JCORP Specialist Hospital,2026-03-20 09:28:00,Outpatient Department,Google Review,False,Insufficient Staff,Only a few staff members were handling many patients.,Negative,High,Not Applicable,58.17,8.83,Patient Experience System,True
CMP0000783,EN001883,VIS00254809,KPJ_01,JCORP Specialist Hospital,2026-03-20 14:41:00,Outpatient Department,Formal Complaint Form,True,Insufficient Staff,There did not seem to be enough staff available.,Negative,Medium,Open,58.17,8.83,Patient Experience System,True
CMP0000784,EN001885,,KPJ_01,JCORP Specialist Hospital,2026-03-21 20:25:00,Emergency Department,Facebook,False,Long Waiting Time,The waiting time was much longer than expected.,Negative,Medium,Not Applicable,55.03,53.23,Patient Experience System,True
CMP0000785,EN001885,,KPJ_01,JCORP Specialist Hospital,2026-03-21 21:31:00,Emergency Department,Patient Portal,True,Insufficient Staff,The counter was understaffed and service was slow.,Negative,Medium,In Progress,55.03,53.23,Patient Experience System,True
CMP0000786,EN001885,,KPJ_01,JCORP Specialist Hospital,2026-03-21 18:17:00,Emergency Department,Formal Complaint Form,True,Staff Attitude,The response from staff felt unfriendly.,Negative,Medium,Resolved,55.03,53.23,Patient Experience System,True
CMP0000787,EN001888,VIS00255313,KPJ_01,JCORP Specialist Hospital,2026-03-22 17:18:00,Emergency Department,Formal Complaint Form,True,Poor Communication,Staff communication about the waiting process was unclear.,Negative,Medium,Open,56.99,60.64,Patient Experience System,True
CMP0000788,EN001890,,KPJ_01,JCORP Specialist Hospital,2026-03-22 11:15:00,Inpatient Wards,Formal Complaint Form,True,Insufficient Staff,The counter was understaffed and service was slow.,Negative,Medium,Resolved,0.0,0.0,Patient Experience System,True
CMP0000789,EN001889,VIS00255505,KPJ_01,JCORP Specialist Hospital,2026-03-22 13:48:00,Outpatient Department,Google Review,False,Long Waiting Time,The waiting time was much longer than expected. The recorded wait was about 66 minutes.,Negative,Medium,Not Applicable,60.47,12.39,Patient Experience System,True
CMP0000790,EN001889,VIS00255558,KPJ_01,JCORP Specialist Hospital,2026-03-22 19:02:00,Outpatient Department,Formal Complaint Form,True,Long Waiting Time,The waiting time was much longer than expected. The recorded wait was about 59 minutes.,Negative,Medium,Resolved,60.47,12.39,Patient Experience System,True
CMP0000791,EN001892,VIS00256040,KPJ_01,JCORP Specialist Hospital,2026-03-23 15:04:00,Outpatient Department,Patient Portal,True,Long Waiting Time,I arrived on time but still waited for a long period. The recorded wait was about 55 minutes.,Negative,Medium,Resolved,59.09,8.46,Patient Experience System,True
CMP0000792,EN001896,,KPJ_01,JCORP Specialist Hospital,2026-03-24 12:33:00,Inpatient Wards,Google Review,False,Overcrowding,Patient flow appeared poorly managed.,Negative,Medium,Not Applicable,0.0,0.0,Patient Experience System,True
CMP0000793,EN001895,VIS00256361,KPJ_01,JCORP Specialist Hospital,2026-03-24 09:13:00,Outpatient Department,Facebook,False,Long Waiting Time,The waiting time was much longer than expected. The recorded wait was about 58 minutes.,Negative,High,Not Applicable,58.61,9.06,Patient Experience System,True
CMP0000794,EN001899,,KPJ_01,JCORP Specialist Hospital,2026-03-25 14:39:00,Inpatient Wards,Facebook,False,Staff Attitude,I expected more courtesy during the visit.,Negative,Medium,Not Applicable,0.0,0.0,Patient Experience System,True
CMP0000795,EN001898,,KPJ_01,JCORP Specialist Hospital,2026-03-25 13:16:00,Outpatient Department,Facebook,False,Staff Attitude,The interaction with staff could have been more professional.,Negative,Medium,Not Applicable,58.91,8.36,Patient Experience System,True
CMP0000796,EN001898,VIS00256728,KPJ_01,JCORP Specialist Hospital,2026-03-25 18:51:00,Outpatient Department,Formal Complaint Form,True,Insufficient Staff,More staff were needed to manage the patient flow.,Negative,Medium,In Progress,58.91,8.36,Patient Experience System,True
CMP0000797,EN001900,,KPJ_01,JCORP Specialist Hospital,2026-03-26 15:59:00,Emergency Department,Google Review,False,Billing,The billing process was unclear.,Negative,Low,Not Applicable,55.29,55.62,Patient Experience System,True
CMP0000798,EN001902,,KPJ_01,JCORP Specialist Hospital,2026-03-26 08:19:00,Inpatient Wards,Facebook,False,Billing,There was confusion about the bill.,Negative,Medium,Not Applicable,0.0,0.0,Patient Experience System,True
CMP0000799,EN001906,VIS00258069,KPJ_01,JCORP Specialist Hospital,2026-03-28 20:08:00,Emergency Department,Call Centre,True,Long Waiting Time,I arrived on time but still waited for a long period. The recorded wait was about 64 minutes.,Negative,Medium,In Progress,55.02,52.91,Patient Experience System,True
CMP0000800,EN001906,VIS00258025,KPJ_01,JCORP Specialist Hospital,2026-03-28 08:03:00,Emergency Department,Facebook,False,Long Waiting Time,I arrived on time but still waited for a long period. The recorded wait was about 34 minutes.,Negative,High,Not Applicable,55.02,52.91,Patient Experience System,True
CMP0000801,EN001906,VIS00258008,KPJ_01,JCORP Specialist Hospital,2026-03-28 15:54:00,Emergency Department,Formal Complaint Form,True,Insufficient Staff,There did not seem to be enough staff available.,Negative,High,Resolved,55.02,52.91,Patient Experience System,True
CMP0000802,EN001912,,KPJ_01,JCORP Specialist Hospital,2026-03-30 12:28:00,Emergency Department,Facebook,False,Billing,There was confusion about the bill.,Negative,Low,Not Applicable,56.74,63.74,Patient Experience System,True
CMP0000803,EN001914,,KPJ_01,JCORP Specialist Hospital,2026-03-30 20:46:00,Inpatient Wards,Facebook,False,Overcrowding,The waiting area was overcrowded.,Negative,Medium,Not Applicable,0.0,0.0,Patient Experience System,True
CMP0000804,EN001913,VIS00258839,KPJ_01,JCORP Specialist Hospital,2026-03-30 21:15:00,Outpatient Department,Call Centre,True,Insufficient Staff,The department appeared short-staffed during a busy period.,Negative,Medium,In Progress,59.4,9.75,Patient Experience System,True
CMP0000805,EN001913,,KPJ_01,JCORP Specialist Hospital,2026-03-30 21:28:00,Outpatient Department,Formal Complaint Form,True,Staff Attitude,The service attitude did not meet expectations.,Negative,Low,Resolved,59.4,9.75,Patient Experience System,True
CMP0000806,EN001915,VIS00259257,KPJ_01,JCORP Specialist Hospital,2026-03-31 16:48:00,Emergency Department,Patient Portal,True,Long Waiting Time,The queue moved very slowly and the wait was frustrating. The recorded wait was about 34 minutes.,Negative,Medium,Resolved,55.14,56.8,Patient Experience System,True
CMP0000807,EN001915,VIS00259193,KPJ_01,JCORP Specialist Hospital,2026-03-31 13:45:00,Emergency Department,Formal Complaint Form,True,Poor Communication,I did not receive enough information about what was happening.,Negative,Medium,Open,55.14,56.8,Patient Experience System,True
CMP0000808,EN001918,VIS00259691,KPJ_01,JCORP Specialist Hospital,2026-04-01 15:22:00,Emergency Department,Patient Portal,True,Insufficient Staff,The department appeared short-staffed during a busy period.,Negative,Medium,Resolved,58.2,62.09,Patient Experience System,True
CMP0000809,EN001919,VIS00259953,KPJ_01,JCORP Specialist Hospital,2026-04-01 12:07:00,Outpatient Department,Formal Complaint Form,True,Long Waiting Time,I arrived on time but still waited for a long period. The recorded wait was about 47 minutes.,Negative,High,Resolved,62.88,15.22,Patient Experience System,True
CMP0000810,EN001919,VIS00259983,KPJ_01,JCORP Specialist Hospital,2026-04-01 13:46:00,Outpatient Department,Facebook,False,Overcrowding,The waiting space was very crowded.,Negative,Medium,Not Applicable,62.88,15.22,Patient Experience System,True
CMP0000811,EN001921,VIS00260251,KPJ_01,JCORP Specialist Hospital,2026-04-02 18:43:00,Emergency Department,Google Review,False,Staff Attitude,The service attitude did not meet expectations.,Negative,Medium,Not Applicable,57.69,60.71,Patient Experience System,True
CMP0000812,EN001921,VIS00260090,KPJ_01,JCORP Specialist Hospital,2026-04-02 19:42:00,Emergency Department,Call Centre,True,Long Waiting Time,I arrived on time but still waited for a long period. The recorded wait was about 48 minutes.,Negative,Medium,In Progress,57.69,60.71,Patient Experience System,True
CMP0000813,EN001922,VIS00260311,KPJ_01,JCORP Specialist Hospital,2026-04-02 20:38:00,Outpatient Department,Facebook,False,Long Waiting Time,The queue moved very slowly and the wait was frustrating. The recorded wait was about 60 minutes.,Negative,High,Not Applicable,62.08,21.49,Patient Experience System,True
CMP0000814,EN001924,VIS00260729,KPJ_01,JCORP Specialist Hospital,2026-04-03 09:31:00,Emergency Department,Facebook,False,Insufficient Staff,Only a few staff members were handling many patients.,Negative,Medium,Not Applicable,56.9,61.73,Patient Experience System,True
CMP0000815,EN001924,VIS00260672,KPJ_01,JCORP Specialist Hospital,2026-04-03 15:48:00,Emergency Department,Call Centre,True,Long Waiting Time,The queue moved very slowly and the wait was frustrating. The recorded wait was about 28 minutes.,Negative,Medium,Resolved,56.9,61.73,Patient Experience System,True
CMP0000816,EN001924,VIS00260657,KPJ_01,JCORP Specialist Hospital,2026-04-03 14:21:00,Emergency Department,Google Review,False,Long Waiting Time,I arrived on time but still waited for a long period. The recorded wait was about 84 minutes.,Negative,Medium,Not Applicable,56.9,61.73,Patient Experience System,True
CMP0000817,EN001925,VIS00260824,KPJ_01,JCORP Specialist Hospital,2026-04-03 19:55:00,Outpatient Department,Call Centre,True,Staff Attitude,I expected more courtesy during the visit.,Negative,Medium,Resolved,63.05,16.29,Patient Experience System,True
CMP0000818,EN001929,,KPJ_01,JCORP Specialist Hospital,2026-04-04 12:10:00,Inpatient Wards,Formal Complaint Form,True,Insufficient Staff,Only a few staff members were handling many patients.,Negative,High,Open,0.0,0.0,Patient Experience System,True
CMP0000819,EN001928,VIS00261314,KPJ_01,JCORP Specialist Hospital,2026-04-04 13:57:00,Outpatient Department,Patient Portal,True,Insufficient Staff,The department appeared short-staffed during a busy period.,Negative,Medium,In Progress,62.23,15.38,Patient Experience System,True
CMP0000820,EN001928,VIS00261370,KPJ_01,JCORP Specialist Hospital,2026-04-04 20:37:00,Outpatient Department,Patient Portal,True,Overcrowding,The department felt congested and uncomfortable.,Negative,Medium,Resolved,62.23,15.38,Patient Experience System,True
CMP0000821,EN001937,VIS00262571,KPJ_01,JCORP Specialist Hospital,2026-04-07 08:13:00,Outpatient Department,Facebook,False,Overcrowding,There were too many patients in the service area.,Negative,Medium,Not Applicable,62.72,15.36,Patient Experience System,True
CMP0000822,EN001937,VIS00262541,KPJ_01,JCORP Specialist Hospital,2026-04-07 10:45:00,Outpatient Department,Formal Complaint Form,True,Long Waiting Time,The queue moved very slowly and the wait was frustrating. The recorded wait was about 49 minutes.,Negative,Medium,Resolved,62.72,15.36,Patient Experience System,True
CMP0000823,EN001937,,KPJ_01,JCORP Specialist Hospital,2026-04-07 21:31:00,Outpatient Department,Formal Complaint Form,True,Overcrowding,The waiting area was overcrowded.,Negative,Medium,Resolved,62.72,15.36,Patient Experience System,True
CMP0000824,EN001939,VIS00262817,KPJ_01,JCORP Specialist Hospital,2026-04-08 16:03:00,Emergency Department,Formal Complaint Form,True,Poor Communication,The delay was not explained clearly.,Negative,Medium,Resolved,58.65,61.81,Patient Experience System,True
CMP0000825,EN001940,,KPJ_01,JCORP Specialist Hospital,2026-04-08 08:35:00,Outpatient Department,Facebook,False,Overcrowding,Patient flow appeared poorly managed.,Negative,High,Not Applicable,63.59,22.39,Patient Experience System,True
CMP0000826,EN001940,,KPJ_01,JCORP Specialist Hospital,2026-04-08 14:41:00,Outpatient Department,Formal Complaint Form,True,Long Waiting Time,I waited far too long before being attended to.,Negative,Medium,Resolved,63.59,22.39,Patient Experience System,True
CMP0000827,EN001943,VIS00263711,KPJ_01,JCORP Specialist Hospital,2026-04-09 16:51:00,Outpatient Department,Google Review,False,Poor Communication,I did not receive enough information about what was happening.,Negative,Medium,Not Applicable,62.16,20.0,Patient Experience System,True
CMP0000828,EN001945,VIS00263902,KPJ_01,JCORP Specialist Hospital,2026-04-10 12:59:00,Emergency Department,Formal Complaint Form,True,Insufficient Staff,The counter was understaffed and service was slow.,Negative,Medium,Resolved,60.46,60.14,Patient Experience System,True
CMP0000829,EN001948,VIS00264369,KPJ_01,JCORP Specialist Hospital,2026-04-11 15:45:00,Emergency Department,Call Centre,True,Overcrowding,The waiting area was overcrowded.,Negative,Medium,In Progress,48.04,44.51,Patient Experience System,True
CMP0000830,EN001951,VIS00264586,KPJ_01,JCORP Specialist Hospital,2026-04-12 16:24:00,Emergency Department,Formal Complaint Form,True,Long Waiting Time,I waited far too long before being attended to. The recorded wait was about 64 minutes.,Negative,Medium,Open,47.59,44.81,Patient Experience System,True
CMP0000831,EN001957,VIS00265383,KPJ_01,JCORP Specialist Hospital,2026-04-14 13:15:00,Emergency Department,Patient Portal,True,Long Waiting Time,I waited far too long before being attended to. The recorded wait was about 67 minutes.,Negative,Medium,Resolved,49.7,46.15,Patient Experience System,True
CMP0000832,EN001957,,KPJ_01,JCORP Specialist Hospital,2026-04-14 18:18:00,Emergency Department,Google Review,False,Insufficient Staff,More staff were needed to manage the patient flow.,Negative,Medium,Not Applicable,49.7,46.15,Patient Experience System,True
CMP0000833,EN001957,VIS00265275,KPJ_01,JCORP Specialist Hospital,2026-04-14 21:14:00,Emergency Department,Google Review,False,Staff Attitude,The staff member was not very helpful.,Negative,Medium,Not Applicable,49.7,46.15,Patient Experience System,True
CMP0000834,EN001958,VIS00265677,KPJ_01,JCORP Specialist Hospital,2026-04-14 21:35:00,Outpatient Department,Patient Portal,True,Staff Attitude,The service attitude did not meet expectations.,Negative,Medium,Resolved,53.38,3.12,Patient Experience System,True
CMP0000835,EN001960,VIS00265810,KPJ_01,JCORP Specialist Hospital,2026-04-15 20:10:00,Emergency Department,Facebook,False,Insufficient Staff,Only a few staff members were handling many patients.,Negative,High,Not Applicable,50.61,44.83,Patient Experience System,True
CMP0000836,EN001960,VIS00265819,KPJ_01,JCORP Specialist Hospital,2026-04-15 08:56:00,Emergency Department,Call Centre,True,Long Waiting Time,I arrived on time but still waited for a long period. The recorded wait was about 62 minutes.,Negative,High,Resolved,50.61,44.83,Patient Experience System,True
CMP0000837,EN001961,VIS00265990,KPJ_01,JCORP Specialist Hospital,2026-04-15 17:21:00,Outpatient Department,Google Review,False,Poor Communication,The instructions provided were confusing.,Negative,Medium,Not Applicable,53.89,3.26,Patient Experience System,True
CMP0000838,EN001964,VIS00266353,KPJ_01,JCORP Specialist Hospital,2026-04-16 19:25:00,Outpatient Department,Patient Portal,True,Long Waiting Time,My appointment was delayed and no clear update was given. The recorded wait was about 37 minutes.,Negative,High,Resolved,53.29,3.52,Patient Experience System,True
CMP0000839,EN001968,,KPJ_01,JCORP Specialist Hospital,2026-04-17 19:11:00,Inpatient Wards,Formal Complaint Form,True,Overcrowding,There were too many patients in the service area.,Negative,Medium,Resolved,0.0,0.0,Patient Experience System,True
CMP0000840,EN001969,VIS00267141,KPJ_01,JCORP Specialist Hospital,2026-04-18 14:18:00,Emergency Department,Google Review,False,Long Waiting Time,My appointment was delayed and no clear update was given. The recorded wait was about 49 minutes.,Negative,Medium,Not Applicable,48.44,44.94,Patient Experience System,True
CMP0000841,EN001972,,KPJ_01,JCORP Specialist Hospital,2026-04-19 19:58:00,Emergency Department,Patient Portal,True,Staff Attitude,The service attitude did not meet expectations.,Negative,Low,Resolved,49.58,35.43,Patient Experience System,True
CMP0000842,EN001972,VIS00267382,KPJ_01,JCORP Specialist Hospital,2026-04-19 10:42:00,Emergency Department,Facebook,False,Overcrowding,The waiting area was overcrowded.,Negative,Medium,Not Applicable,49.58,35.43,Patient Experience System,True
CMP0000843,EN001972,,KPJ_01,JCORP Specialist Hospital,2026-04-19 10:00:00,Emergency Department,Patient Portal,True,Overcrowding,The department felt congested and uncomfortable.,Negative,Medium,Resolved,49.58,35.43,Patient Experience System,True
CMP0000844,EN001972,VIS00267408,KPJ_01,JCORP Specialist Hospital,2026-04-19 11:23:00,Emergency Department,Facebook,False,Poor Communication,The instructions provided were confusing.,Negative,Medium,Not Applicable,49.58,35.43,Patient Experience System,True
CMP0000845,EN001973,VIS00267555,KPJ_01,JCORP Specialist Hospital,2026-04-19 13:47:00,Outpatient Department,Formal Complaint Form,True,Overcrowding,There were too many patients in the service area.,Negative,Medium,Resolved,53.98,1.79,Patient Experience System,True
CMP0000846,EN001977,,KPJ_01,JCORP Specialist Hospital,2026-04-20 10:04:00,Inpatient Wards,Patient Portal,True,Poor Communication,I did not receive enough information about what was happening.,Negative,Medium,Resolved,0.0,0.0,Patient Experience System,True
CMP0000847,EN001976,VIS00267768,KPJ_01,JCORP Specialist Hospital,2026-04-20 18:18:00,Outpatient Department,Google Review,False,Staff Attitude,I expected more courtesy during the visit.,Negative,High,Not Applicable,52.94,2.58,Patient Experience System,True
CMP0000848,EN001979,,KPJ_01,JCORP Specialist Hospital,2026-04-21 08:36:00,Outpatient Department,Patient Portal,True,Staff Attitude,The staff member was not very helpful.,Negative,High,Resolved,53.68,2.45,Patient Experience System,True
CMP0000849,EN001982,VIS00268869,KPJ_01,JCORP Specialist Hospital,2026-04-22 10:13:00,Outpatient Department,Formal Complaint Form,True,Insufficient Staff,The department appeared short-staffed during a busy period.,Negative,High,Resolved,53.6,2.61,Patient Experience System,True
CMP0000850,EN001987,VIS00269511,KPJ_01,JCORP Specialist Hospital,2026-04-24 12:57:00,Emergency Department,Facebook,False,Staff Attitude,The service attitude did not meet expectations.,Negative,Medium,Not Applicable,49.88,43.04,Patient Experience System,True
CMP0000851,EN001989,,KPJ_01,JCORP Specialist Hospital,2026-04-24 21:56:00,Inpatient Wards,Patient Portal,True,Poor Communication,Staff communication about the waiting process was unclear.,Negative,Medium,Open,0.0,0.0,Patient Experience System,True
CMP0000852,EN001990,VIS00270052,KPJ_01,JCORP Specialist Hospital,2026-04-25 15:51:00,Emergency Department,Facebook,False,Long Waiting Time,The queue moved very slowly and the wait was frustrating. The recorded wait was about 43 minutes.,Negative,Medium,Not Applicable,50.06,38.04,Patient Experience System,True
CMP0000853,EN001997,,KPJ_01,JCORP Specialist Hospital,2026-04-27 13:13:00,Outpatient Department,Facebook,False,Staff Attitude,The interaction with staff could have been more professional.,Negative,Medium,Not Applicable,53.63,1.81,Patient Experience System,True
CMP0000854,EN001997,VIS00270773,KPJ_01,JCORP Specialist Hospital,2026-04-27 14:55:00,Outpatient Department,Call Centre,True,Facility Condition,The environment did not feel well maintained.,Negative,Medium,In Progress,53.63,1.81,Patient Experience System,True
CMP0000855,EN002000,VIS00271314,KPJ_01,JCORP Specialist Hospital,2026-04-28 13:41:00,Outpatient Department,Patient Portal,True,Overcrowding,The waiting space was very crowded.,Negative,Medium,Resolved,54.07,0.86,Patient Experience System,True
CMP0000856,EN002002,,KPJ_01,JCORP Specialist Hospital,2026-04-29 19:53:00,Emergency Department,Google Review,False,Billing,The payment process took too long.,Negative,Low,Not Applicable,50.25,48.2,Patient Experience System,True
CMP0000857,EN002002,VIS00271514,KPJ_01,JCORP Specialist Hospital,2026-04-29 16:43:00,Emergency Department,Patient Portal,True,Poor Communication,The delay was not explained clearly.,Negative,Medium,In Progress,50.25,48.2,Patient Experience System,True
CMP0000858,EN002003,,KPJ_01,JCORP Specialist Hospital,2026-04-29 11:06:00,Outpatient Department,Formal Complaint Form,True,Poor Communication,I did not receive enough information about what was happening.,Negative,Medium,Resolved,53.7,1.86,Patient Experience System,True
CMP0000859,EN002005,VIS00272051,KPJ_01,JCORP Specialist Hospital,2026-04-30 12:17:00,Emergency Department,Formal Complaint Form,True,Poor Communication,No one updated us about the service delay.,Negative,Medium,Resolved,51.35,41.18,Patient Experience System,True
CMP0000860,EN002005,VIS00271964,KPJ_01,JCORP Specialist Hospital,2026-04-30 10:40:00,Emergency Department,Call Centre,True,Facility Condition,The facility condition could be improved.,Neutral,Low,Resolved,51.35,41.18,Patient Experience System,True
CMP0000861,EN002008,VIS00272431,KPJ_01,JCORP Specialist Hospital,2026-05-01 14:22:00,Emergency Department,Call Centre,True,Insufficient Staff,There did not seem to be enough staff available.,Negative,Medium,Resolved,53.14,51.85,Patient Experience System,True
CMP0000862,EN002009,,KPJ_01,JCORP Specialist Hospital,2026-05-01 17:51:00,Outpatient Department,Google Review,False,Poor Communication,The delay was not explained clearly.,Negative,Medium,Not Applicable,56.8,6.42,Patient Experience System,True
CMP0000863,EN002009,,KPJ_01,JCORP Specialist Hospital,2026-05-01 14:26:00,Outpatient Department,Formal Complaint Form,True,Long Waiting Time,I arrived on time but still waited for a long period.,Negative,High,Resolved,56.8,6.42,Patient Experience System,True
CMP0000864,EN002012,VIS00273085,KPJ_01,JCORP Specialist Hospital,2026-05-02 19:03:00,Outpatient Department,Patient Portal,True,Long Waiting Time,The waiting time was much longer than expected. The recorded wait was about 45 minutes.,Negative,Medium,In Progress,54.9,4.17,Patient Experience System,True
CMP0000865,EN002014,VIS00273317,KPJ_01,JCORP Specialist Hospital,2026-05-03 10:49:00,Emergency Department,Facebook,False,Staff Attitude,The response from staff felt unfriendly.,Negative,High,Not Applicable,53.41,40.72,Patient Experience System,True
CMP0000866,EN002015,VIS00273375,KPJ_01,JCORP Specialist Hospital,2026-05-03 11:15:00,Outpatient Department,Patient Portal,True,Long Waiting Time,I waited far too long before being attended to. The recorded wait was about 54 minutes.,Negative,Medium,Resolved,57.79,4.24,Patient Experience System,True
CMP0000867,EN002017,,KPJ_01,JCORP Specialist Hospital,2026-05-04 13:09:00,Emergency Department,Patient Portal,True,Poor Communication,I did not receive enough information about what was happening.,Negative,Medium,Resolved,53.36,53.28,Patient Experience System,True
CMP0000868,EN002018,,KPJ_01,JCORP Specialist Hospital,2026-05-04 11:52:00,Outpatient Department,Facebook,False,Poor Communication,I did not receive enough information about what was happening.,Negative,Medium,Not Applicable,57.2,5.3,Patient Experience System,True
CMP0000869,EN002020,VIS00274060,KPJ_01,JCORP Specialist Hospital,2026-05-05 21:35:00,Emergency Department,Formal Complaint Form,True,Poor Communication,Staff communication about the waiting process was unclear.,Negative,Medium,Resolved,52.4,52.29,Patient Experience System,True
CMP0000870,EN002021,VIS00274246,KPJ_01,JCORP Specialist Hospital,2026-05-05 18:33:00,Outpatient Department,Facebook,False,Insufficient Staff,There did not seem to be enough staff available.,Negative,Medium,Not Applicable,57.39,5.65,Patient Experience System,True
CMP0000871,EN002023,,KPJ_01,JCORP Specialist Hospital,2026-05-06 12:47:00,Emergency Department,Call Centre,True,Long Waiting Time,I waited far too long before being attended to.,Negative,Medium,Resolved,54.97,60.67,Patient Experience System,True
CMP0000872,EN002024,VIS00274747,KPJ_01,JCORP Specialist Hospital,2026-05-06 09:36:00,Outpatient Department,Google Review,False,Insufficient Staff,The counter was understaffed and service was slow.,Negative,Medium,Not Applicable,57.19,5.1,Patient Experience System,True
CMP0000873,EN002026,VIS00274942,KPJ_01,JCORP Specialist Hospital,2026-05-07 14:42:00,Emergency Department,Facebook,False,Poor Communication,The instructions provided were confusing.,Negative,Low,Not Applicable,55.62,54.14,Patient Experience System,True
CMP0000874,EN002029,VIS00275387,KPJ_01,JCORP Specialist Hospital,2026-05-08 14:32:00,Emergency Department,Formal Complaint Form,True,Poor Communication,The delay was not explained clearly.,Negative,Medium,In Progress,54.69,46.71,Patient Experience System,True
CMP0000875,EN002030,VIS00275696,KPJ_01,JCORP Specialist Hospital,2026-05-08 17:33:00,Outpatient Department,Google Review,False,Insufficient Staff,More staff were needed to manage the patient flow.,Negative,High,Not Applicable,57.77,4.4,Patient Experience System,True
CMP0000876,EN002030,VIS00275619,KPJ_01,JCORP Specialist Hospital,2026-05-08 13:42:00,Outpatient Department,Patient Portal,True,Long Waiting Time,The waiting time was much longer than expected. The recorded wait was about 76 minutes.,Negative,High,Resolved,57.77,4.4,Patient Experience System,True
CMP0000877,EN002036,VIS00276413,KPJ_01,JCORP Specialist Hospital,2026-05-10 09:16:00,Outpatient Department,Facebook,False,Insufficient Staff,Only a few staff members were handling many patients.,Negative,Medium,Not Applicable,56.99,3.48,Patient Experience System,True
CMP0000878,EN002038,,KPJ_01,JCORP Specialist Hospital,2026-05-11 16:43:00,Emergency Department,Formal Complaint Form,True,Long Waiting Time,The waiting time was much longer than expected.,Negative,High,Resolved,55.56,51.49,Patient Experience System,True
CMP0000879,EN002039,VIS00276682,KPJ_01,JCORP Specialist Hospital,2026-05-11 15:31:00,Outpatient Department,Patient Portal,True,Billing,The payment process took too long.,Negative,Low,Resolved,56.68,3.95,Patient Experience System,True
CMP0000880,EN002044,,KPJ_01,JCORP Specialist Hospital,2026-05-13 11:30:00,Emergency Department,Patient Portal,True,Overcrowding,Patient flow appeared poorly managed.,Negative,Medium,Open,54.04,60.62,Patient Experience System,True
CMP0000881,EN002045,,KPJ_01,JCORP Specialist Hospital,2026-05-13 17:58:00,Outpatient Department,Call Centre,True,Facility Condition,The facility condition could be improved.,Negative,Medium,In Progress,56.54,4.52,Patient Experience System,True
CMP0000882,EN002048,VIS00278167,KPJ_01,JCORP Specialist Hospital,2026-05-14 08:07:00,Outpatient Department,Facebook,False,Insufficient Staff,The department appeared short-staffed during a busy period.,Negative,High,Not Applicable,56.78,2.79,Patient Experience System,True
CMP0000883,EN002050,,KPJ_01,JCORP Specialist Hospital,2026-05-15 16:04:00,Emergency Department,Facebook,False,Insufficient Staff,Only a few staff members were handling many patients.,Negative,Medium,Not Applicable,55.63,57.58,Patient Experience System,True
CMP0000884,EN002050,,KPJ_01,JCORP Specialist Hospital,2026-05-15 18:35:00,Emergency Department,Patient Portal,True,Insufficient Staff,Only a few staff members were handling many patients.,Negative,Medium,In Progress,55.63,57.58,Patient Experience System,True
CMP0000885,EN002052,,KPJ_01,JCORP Specialist Hospital,2026-05-15 17:17:00,Inpatient Wards,Google Review,False,Staff Attitude,I expected more courtesy during the visit.,Negative,Medium,Not Applicable,0.0,0.0,Patient Experience System,True
CMP0000886,EN002051,VIS00278615,KPJ_01,JCORP Specialist Hospital,2026-05-15 20:12:00,Outpatient Department,Call Centre,True,Insufficient Staff,There did not seem to be enough staff available.,Negative,Medium,In Progress,56.32,5.95,Patient Experience System,True
CMP0000887,EN002053,,KPJ_01,JCORP Specialist Hospital,2026-05-16 21:55:00,Emergency Department,Call Centre,True,Long Waiting Time,I arrived on time but still waited for a long period.,Negative,Medium,Resolved,54.28,56.41,Patient Experience System,True
CMP0000888,EN002057,,KPJ_01,JCORP Specialist Hospital,2026-05-17 16:15:00,Outpatient Department,Patient Portal,True,Long Waiting Time,I arrived on time but still waited for a long period.,Negative,Medium,Resolved,56.94,4.04,Patient Experience System,True
CMP0000889,EN002059,VIS00279365,KPJ_01,JCORP Specialist Hospital,2026-05-18 09:31:00,Emergency Department,Call Centre,True,Billing,There was confusion about the bill.,Negative,Medium,Resolved,54.38,48.17,Patient Experience System,True
CMP0000890,EN002060,VIS00279670,KPJ_01,JCORP Specialist Hospital,2026-05-18 21:17:00,Outpatient Department,Facebook,False,Long Waiting Time,The waiting time was much longer than expected. The recorded wait was about 55 minutes.,Negative,Medium,Not Applicable,56.95,5.35,Patient Experience System,True
CMP0000891,EN002062,VIS00279901,KPJ_01,JCORP Specialist Hospital,2026-05-19 19:29:00,Emergency Department,Formal Complaint Form,True,Insufficient Staff,The department appeared short-staffed during a busy period.,Negative,Medium,Resolved,50.43,54.81,Patient Experience System,True
CMP0000892,EN002064,,KPJ_01,JCORP Specialist Hospital,2026-05-19 15:43:00,Inpatient Wards,Formal Complaint Form,True,Overcrowding,Patient flow appeared poorly managed.,Negative,Medium,Resolved,0.0,0.0,Patient Experience System,True
CMP0000893,EN002063,,KPJ_01,JCORP Specialist Hospital,2026-05-19 19:04:00,Outpatient Department,Formal Complaint Form,True,Long Waiting Time,I waited far too long before being attended to.,Negative,Medium,Resolved,57.15,4.03,Patient Experience System,True
CMP0000894,EN002063,VIS00280370,KPJ_01,JCORP Specialist Hospital,2026-05-19 15:01:00,Outpatient Department,Formal Complaint Form,True,Long Waiting Time,I arrived on time but still waited for a long period. The recorded wait was about 55 minutes.,Negative,Medium,In Progress,57.15,4.03,Patient Experience System,True
CMP0000895,EN002065,VIS00280376,KPJ_01,JCORP Specialist Hospital,2026-05-20 08:13:00,Emergency Department,Facebook,False,Insufficient Staff,The counter was understaffed and service was slow.,Negative,High,Not Applicable,53.57,53.59,Patient Experience System,True
CMP0000896,EN002069,VIS00281097,KPJ_01,JCORP Specialist Hospital,2026-05-21 19:44:00,Outpatient Department,Google Review,False,Insufficient Staff,The counter was understaffed and service was slow.,Negative,High,Not Applicable,56.91,4.71,Patient Experience System,True
CMP0000897,EN002071,,KPJ_01,JCORP Specialist Hospital,2026-05-22 14:37:00,Emergency Department,Patient Portal,True,Poor Communication,No one updated us about the service delay.,Negative,High,Resolved,53.69,57.75,Patient Experience System,True
CMP0000898,EN002072,,KPJ_01,JCORP Specialist Hospital,2026-05-22 11:08:00,Outpatient Department,Call Centre,True,Long Waiting Time,The waiting time was much longer than expected.,Negative,Medium,In Progress,56.56,4.79,Patient Experience System,True
CMP0000899,EN002075,,KPJ_01,JCORP Specialist Hospital,2026-05-23 17:09:00,Outpatient Department,Call Centre,True,Long Waiting Time,I waited far too long before being attended to.,Negative,Medium,Resolved,55.35,3.28,Patient Experience System,True
CMP0000900,EN002075,,KPJ_01,JCORP Specialist Hospital,2026-05-23 11:47:00,Outpatient Department,Formal Complaint Form,True,Overcrowding,There were too many patients in the service area.,Negative,Medium,Resolved,55.35,3.28,Patient Experience System,True
CMP0000901,EN002078,VIS00282284,KPJ_01,JCORP Specialist Hospital,2026-05-24 19:37:00,Outpatient Department,Google Review,False,Insufficient Staff,There did not seem to be enough staff available.,Negative,Medium,Not Applicable,56.53,2.7,Patient Experience System,True
CMP0000902,EN002080,VIS00282446,KPJ_01,JCORP Specialist Hospital,2026-05-25 10:30:00,Emergency Department,Google Review,False,Facility Condition,The environment did not feel well maintained.,Negative,Low,Not Applicable,52.91,54.01,Patient Experience System,True
CMP0000903,EN002080,VIS00282461,KPJ_01,JCORP Specialist Hospital,2026-05-25 14:58:00,Emergency Department,Formal Complaint Form,True,Long Waiting Time,I arrived on time but still waited for a long period. The recorded wait was about 67 minutes.,Negative,Medium,Resolved,52.91,54.01,Patient Experience System,True
CMP0000904,EN002083,,KPJ_01,JCORP Specialist Hospital,2026-05-26 13:17:00,Emergency Department,Call Centre,True,Insufficient Staff,More staff were needed to manage the patient flow.,Negative,High,Resolved,56.37,50.67,Patient Experience System,True
CMP0000905,EN002086,VIS00283389,KPJ_01,JCORP Specialist Hospital,2026-05-27 18:17:00,Emergency Department,Facebook,False,Staff Attitude,The staff member was not very helpful.,Negative,Medium,Not Applicable,54.89,52.14,Patient Experience System,True
CMP0000906,EN002087,,KPJ_01,JCORP Specialist Hospital,2026-05-27 14:20:00,Outpatient Department,Formal Complaint Form,True,Long Waiting Time,My appointment was delayed and no clear update was given.,Negative,Medium,Resolved,56.87,4.69,Patient Experience System,True
CMP0000907,EN002089,VIS00283793,KPJ_01,JCORP Specialist Hospital,2026-05-28 20:26:00,Emergency Department,Facebook,False,Poor Communication,I did not receive enough information about what was happening.,Negative,Medium,Not Applicable,53.69,52.5,Patient Experience System,True
CMP0000908,EN002089,VIS00283817,KPJ_01,JCORP Specialist Hospital,2026-05-28 15:08:00,Emergency Department,Patient Portal,True,Poor Communication,Staff communication about the waiting process was unclear.,Negative,High,Resolved,53.69,52.5,Patient Experience System,True
CMP0000909,EN002091,,KPJ_01,JCORP Specialist Hospital,2026-05-28 08:58:00,Inpatient Wards,Formal Complaint Form,True,Overcrowding,Patient flow appeared poorly managed.,Negative,Medium,Resolved,0.0,0.0,Patient Experience System,True
CMP0000910,EN002090,,KPJ_01,JCORP Specialist Hospital,2026-05-28 18:24:00,Outpatient Department,Google Review,False,Insufficient Staff,The counter was understaffed and service was slow.,Negative,Medium,Not Applicable,56.65,5.96,Patient Experience System,True
CMP0000911,EN002092,,KPJ_01,JCORP Specialist Hospital,2026-05-29 12:34:00,Emergency Department,Google Review,False,Billing,There was confusion about the bill.,Negative,Medium,Not Applicable,53.39,57.52,Patient Experience System,True
CMP0000912,EN002092,,KPJ_01,JCORP Specialist Hospital,2026-05-29 17:06:00,Emergency Department,Google Review,False,Staff Attitude,The service attitude did not meet expectations.,Negative,Medium,Not Applicable,53.39,57.52,Patient Experience System,True
CMP0000913,EN002092,,KPJ_01,JCORP Specialist Hospital,2026-05-29 15:50:00,Emergency Department,Formal Complaint Form,True,Facility Condition,The environment did not feel well maintained.,Negative,Medium,Resolved,53.39,57.52,Patient Experience System,True
CMP0000914,EN002093,VIS00284359,KPJ_01,JCORP Specialist Hospital,2026-05-29 19:45:00,Outpatient Department,Call Centre,True,Insufficient Staff,More staff were needed to manage the patient flow.,Negative,High,In Progress,55.88,2.63,Patient Experience System,True
CMP0000915,EN002093,VIS00284610,KPJ_01,JCORP Specialist Hospital,2026-05-29 18:28:00,Outpatient Department,Formal Complaint Form,True,Overcrowding,Patient flow appeared poorly managed.,Negative,High,In Progress,55.88,2.63,Patient Experience System,True
CMP0000916,EN002093,VIS00284360,KPJ_01,JCORP Specialist Hospital,2026-05-29 13:18:00,Outpatient Department,Patient Portal,True,Overcrowding,The waiting space was very crowded.,Negative,Medium,Resolved,55.88,2.63,Patient Experience System,True
CMP0000917,EN002098,VIS00284901,KPJ_01,JCORP Specialist Hospital,2026-05-31 08:19:00,Emergency Department,Google Review,False,Long Waiting Time,I arrived on time but still waited for a long period. The recorded wait was about 36 minutes.,Negative,Medium,Not Applicable,52.75,56.33,Patient Experience System,True
CMP0000918,EN002098,VIS00285005,KPJ_01,JCORP Specialist Hospital,2026-05-31 21:07:00,Emergency Department,Patient Portal,True,Staff Attitude,The interaction with staff could have been more professional.,Negative,Medium,Resolved,52.75,56.33,Patient Experience System,True
CMP0000919,EN002104,VIS00285892,KPJ_01,JCORP Specialist Hospital,2026-06-02 08:43:00,Emergency Department,Formal Complaint Form,True,Insufficient Staff,There did not seem to be enough staff available.,Negative,Medium,Resolved,58.06,69.23,Patient Experience System,True
CMP0000920,EN002105,VIS00286019,KPJ_01,JCORP Specialist Hospital,2026-06-02 10:10:00,Outpatient Department,Formal Complaint Form,True,Insufficient Staff,There did not seem to be enough staff available.,Negative,High,In Progress,60.21,11.93,Patient Experience System,True
CMP0000921,EN002107,VIS00286327,KPJ_01,JCORP Specialist Hospital,2026-06-03 16:11:00,Emergency Department,Formal Complaint Form,True,Staff Attitude,I expected more courtesy during the visit.,Negative,High,Open,58.78,69.18,Patient Experience System,True
CMP0000922,EN002109,,KPJ_01,JCORP Specialist Hospital,2026-06-03 09:20:00,Inpatient Wards,Formal Complaint Form,True,Poor Communication,No one updated us about the service delay.,Negative,Medium,Resolved,0.0,0.0,Patient Experience System,True
CMP0000923,EN002108,VIS00286559,KPJ_01,JCORP Specialist Hospital,2026-06-03 12:28:00,Outpatient Department,Formal Complaint Form,True,Long Waiting Time,The queue moved very slowly and the wait was frustrating. The recorded wait was about 56 minutes.,Negative,High,Open,60.74,9.43,Patient Experience System,True
CMP0000924,EN002108,VIS00286434,KPJ_01,JCORP Specialist Hospital,2026-06-03 21:49:00,Outpatient Department,Google Review,False,Long Waiting Time,I waited far too long before being attended to. The recorded wait was about 67 minutes.,Negative,High,Not Applicable,60.74,9.43,Patient Experience System,True
CMP0000925,EN002108,VIS00286529,KPJ_01,JCORP Specialist Hospital,2026-06-03 21:00:00,Outpatient Department,Facebook,False,Long Waiting Time,I waited far too long before being attended to. The recorded wait was about 71 minutes.,Negative,Medium,Not Applicable,60.74,9.43,Patient Experience System,True
CMP0000926,EN002108,VIS00286623,KPJ_01,JCORP Specialist Hospital,2026-06-03 09:23:00,Outpatient Department,Patient Portal,True,Overcrowding,There were too many patients in the service area.,Negative,Medium,Resolved,60.74,9.43,Patient Experience System,True
CMP0000927,EN002110,VIS00286748,KPJ_01,JCORP Specialist Hospital,2026-06-04 18:31:00,Emergency Department,Facebook,False,Insufficient Staff,The counter was understaffed and service was slow.,Negative,High,Not Applicable,59.16,62.0,Patient Experience System,True
CMP0000928,EN002111,VIS00287053,KPJ_01,JCORP Specialist Hospital,2026-06-04 11:26:00,Outpatient Department,Facebook,False,Insufficient Staff,There did not seem to be enough staff available.,Negative,High,Not Applicable,60.11,14.33,Patient Experience System,True
CMP0000929,EN002111,VIS00287120,KPJ_01,JCORP Specialist Hospital,2026-06-04 19:34:00,Outpatient Department,Patient Portal,True,Long Waiting Time,I waited far too long before being attended to. The recorded wait was about 63 minutes.,Negative,High,Open,60.11,14.33,Patient Experience System,True
CMP0000930,EN002111,VIS00286949,KPJ_01,JCORP Specialist Hospital,2026-06-04 14:24:00,Outpatient Department,Google Review,False,Poor Communication,Staff communication about the waiting process was unclear.,Negative,Medium,Not Applicable,60.11,14.33,Patient Experience System,True
CMP0000931,EN002111,VIS00286819,KPJ_01,JCORP Specialist Hospital,2026-06-04 15:24:00,Outpatient Department,Facebook,False,Insufficient Staff,The counter was understaffed and service was slow.,Negative,Medium,Not Applicable,60.11,14.33,Patient Experience System,True
CMP0000932,EN002111,,KPJ_01,JCORP Specialist Hospital,2026-06-04 16:53:00,Outpatient Department,Patient Portal,True,Staff Attitude,The service attitude did not meet expectations.,Negative,Medium,Resolved,60.11,14.33,Patient Experience System,True
CMP0000933,EN002111,VIS00286938,KPJ_01,JCORP Specialist Hospital,2026-06-04 18:31:00,Outpatient Department,Patient Portal,True,Long Waiting Time,I waited far too long before being attended to. The recorded wait was about 62 minutes.,Negative,High,Resolved,60.11,14.33,Patient Experience System,True
CMP0000934,EN002122,VIS00288174,KPJ_01,JCORP Specialist Hospital,2026-06-08 12:50:00,Emergency Department,Facebook,False,Insufficient Staff,Only a few staff members were handling many patients.,Negative,High,Not Applicable,58.54,62.82,Patient Experience System,True
CMP0000935,EN002123,VIS00288408,KPJ_01,JCORP Specialist Hospital,2026-06-08 17:01:00,Outpatient Department,Formal Complaint Form,True,Poor Communication,The delay was not explained clearly.,Negative,Medium,Open,61.47,11.37,Patient Experience System,True
CMP0000936,EN002126,VIS00288988,KPJ_01,JCORP Specialist Hospital,2026-06-09 18:44:00,Outpatient Department,Google Review,False,Billing,There was confusion about the bill.,Negative,Medium,Not Applicable,58.72,8.86,Patient Experience System,True
CMP0000937,EN002128,VIS00289160,KPJ_01,JCORP Specialist Hospital,2026-06-10 14:35:00,Emergency Department,Formal Complaint Form,True,Facility Condition,The facility condition could be improved.,Negative,Medium,In Progress,59.39,58.17,Patient Experience System,True
CMP0000938,EN002129,VIS00289593,KPJ_01,JCORP Specialist Hospital,2026-06-10 18:28:00,Outpatient Department,Formal Complaint Form,True,Poor Communication,The delay was not explained clearly.,Negative,Low,Resolved,60.58,9.76,Patient Experience System,True
CMP0000939,EN002134,VIS00290223,KPJ_01,JCORP Specialist Hospital,2026-06-12 20:50:00,Emergency Department,Call Centre,True,Long Waiting Time,My appointment was delayed and no clear update was given. The recorded wait was about 59 minutes.,Negative,High,In Progress,55.12,60.47,Patient Experience System,True
CMP0000940,EN002135,,KPJ_01,JCORP Specialist Hospital,2026-06-12 10:53:00,Outpatient Department,Facebook,False,Long Waiting Time,The queue moved very slowly and the wait was frustrating.,Negative,High,Not Applicable,58.92,9.46,Patient Experience System,True
CMP0000941,EN002135,VIS00290253,KPJ_01,JCORP Specialist Hospital,2026-06-12 08:28:00,Outpatient Department,Patient Portal,True,Insufficient Staff,There did not seem to be enough staff available.,Negative,Medium,Resolved,58.92,9.46,Patient Experience System,True
CMP0000942,EN002137,VIS00290557,KPJ_01,JCORP Specialist Hospital,2026-06-13 18:16:00,Emergency Department,Formal Complaint Form,True,Long Waiting Time,My appointment was delayed and no clear update was given. The recorded wait was about 78 minutes.,Negative,High,In Progress,58.3,58.28,Patient Experience System,True
CMP0000943,EN002146,VIS00291654,KPJ_01,JCORP Specialist Hospital,2026-06-16 20:21:00,Emergency Department,Call Centre,True,Staff Attitude,The interaction with staff could have been more professional.,Negative,High,Resolved,52.48,57.59,Patient Experience System,True
CMP0000944,EN002147,VIS00291843,KPJ_01,JCORP Specialist Hospital,2026-06-16 11:17:00,Outpatient Department,Formal Complaint Form,True,Long Waiting Time,I arrived on time but still waited for a long period. The recorded wait was about 36 minutes.,Negative,Medium,Resolved,60.11,6.74,Patient Experience System,True
CMP0000945,EN002147,,KPJ_01,JCORP Specialist Hospital,2026-06-16 14:38:00,Outpatient Department,Google Review,False,Insufficient Staff,More staff were needed to manage the patient flow.,Negative,Medium,Not Applicable,60.11,6.74,Patient Experience System,True
CMP0000946,EN002150,VIS00292290,KPJ_01,JCORP Specialist Hospital,2026-06-17 12:20:00,Outpatient Department,Facebook,False,Long Waiting Time,The waiting time was much longer than expected. The recorded wait was about 64 minutes.,Negative,High,Not Applicable,59.6,9.23,Patient Experience System,True
CMP0000947,EN002150,VIS00292277,KPJ_01,JCORP Specialist Hospital,2026-06-17 11:16:00,Outpatient Department,Formal Complaint Form,True,Poor Communication,The delay was not explained clearly.,Negative,Medium,Resolved,59.6,9.23,Patient Experience System,True
CMP0000948,EN002152,,KPJ_01,JCORP Specialist Hospital,2026-06-18 10:59:00,Emergency Department,Google Review,False,Overcrowding,The waiting area was overcrowded.,Negative,Medium,Not Applicable,52.23,65.31,Patient Experience System,True
CMP0000949,EN002153,,KPJ_01,JCORP Specialist Hospital,2026-06-18 20:00:00,Outpatient Department,Facebook,False,Insufficient Staff,More staff were needed to manage the patient flow.,Negative,Medium,Not Applicable,60.77,9.54,Patient Experience System,True
CMP0000950,EN002153,VIS00292976,KPJ_01,JCORP Specialist Hospital,2026-06-18 20:01:00,Outpatient Department,Facebook,False,Poor Communication,The instructions provided were confusing.,Negative,High,Not Applicable,60.77,9.54,Patient Experience System,True
CMP0000951,EN002153,,KPJ_01,JCORP Specialist Hospital,2026-06-18 12:50:00,Outpatient Department,Google Review,False,Long Waiting Time,I arrived on time but still waited for a long period.,Negative,Medium,Not Applicable,60.77,9.54,Patient Experience System,True
CMP0000952,EN002158,VIS00293647,KPJ_01,JCORP Specialist Hospital,2026-06-20 10:59:00,Emergency Department,Patient Portal,True,Overcrowding,Patient flow appeared poorly managed.,Negative,High,In Progress,53.66,51.98,Patient Experience System,True
CMP0000953,EN002162,VIS00294063,KPJ_01,JCORP Specialist Hospital,2026-06-21 12:26:00,Outpatient Department,Patient Portal,True,Long Waiting Time,My appointment was delayed and no clear update was given. The recorded wait was about 53 minutes.,Negative,Medium,In Progress,61.02,9.23,Patient Experience System,True
CMP0000954,EN002164,,KPJ_01,JCORP Specialist Hospital,2026-06-22 14:14:00,Emergency Department,Formal Complaint Form,True,Long Waiting Time,The waiting time was much longer than expected.,Negative,High,Resolved,55.33,55.56,Patient Experience System,True
CMP0000955,EN002165,VIS00294528,KPJ_01,JCORP Specialist Hospital,2026-06-22 17:31:00,Outpatient Department,Google Review,False,Long Waiting Time,I arrived on time but still waited for a long period. The recorded wait was about 63 minutes.,Negative,Medium,Not Applicable,60.43,9.9,Patient Experience System,True
CMP0000956,EN002168,,KPJ_01,JCORP Specialist Hospital,2026-06-23 12:55:00,Outpatient Department,Call Centre,True,Staff Attitude,The service attitude did not meet expectations.,Negative,Medium,Resolved,59.55,7.55,Patient Experience System,True
CMP0000957,EN002168,,KPJ_01,JCORP Specialist Hospital,2026-06-23 14:48:00,Outpatient Department,Formal Complaint Form,True,Long Waiting Time,I waited far too long before being attended to.,Negative,High,In Progress,59.55,7.55,Patient Experience System,True
CMP0000958,EN002168,,KPJ_01,JCORP Specialist Hospital,2026-06-23 19:32:00,Outpatient Department,Call Centre,True,Insufficient Staff,The counter was understaffed and service was slow.,Negative,High,In Progress,59.55,7.55,Patient Experience System,True
CMP0000959,EN002170,VIS00295091,KPJ_01,JCORP Specialist Hospital,2026-06-24 16:46:00,Emergency Department,Google Review,False,Insufficient Staff,The counter was understaffed and service was slow.,Negative,Medium,Not Applicable,54.16,57.14,Patient Experience System,True
CMP0000960,EN002171,,KPJ_01,JCORP Specialist Hospital,2026-06-24 10:30:00,Outpatient Department,Call Centre,True,Insufficient Staff,Only a few staff members were handling many patients.,Negative,Medium,Resolved,60.46,10.77,Patient Experience System,True
CMP0000961,EN002171,VIS00295431,KPJ_01,JCORP Specialist Hospital,2026-06-24 19:28:00,Outpatient Department,Facebook,False,Long Waiting Time,The waiting time was much longer than expected. The recorded wait was about 62 minutes.,Negative,Medium,Not Applicable,60.46,10.77,Patient Experience System,True
CMP0000962,EN002175,,KPJ_01,JCORP Specialist Hospital,2026-06-25 17:44:00,Inpatient Wards,Formal Complaint Form,True,Long Waiting Time,I waited far too long before being attended to.,Negative,Medium,Resolved,0.0,0.0,Patient Experience System,True
CMP0000963,EN002174,VIS00295924,KPJ_01,JCORP Specialist Hospital,2026-06-25 21:27:00,Outpatient Department,Facebook,False,Poor Communication,The delay was not explained clearly.,Negative,Low,Not Applicable,59.4,11.47,Patient Experience System,True
CMP0000964,EN002176,VIS00296152,KPJ_01,JCORP Specialist Hospital,2026-06-26 18:29:00,Emergency Department,Formal Complaint Form,True,Long Waiting Time,The queue moved very slowly and the wait was frustrating. The recorded wait was about 65 minutes.,Negative,Medium,Resolved,52.76,58.9,Patient Experience System,True
CMP0000965,EN002176,,KPJ_01,JCORP Specialist Hospital,2026-06-26 16:41:00,Emergency Department,Formal Complaint Form,True,Billing,The billing explanation was not satisfactory.,Negative,Medium,Resolved,52.76,58.9,Patient Experience System,True
CMP0000966,EN002176,,KPJ_01,JCORP Specialist Hospital,2026-06-26 09:53:00,Emergency Department,Call Centre,True,Long Waiting Time,My appointment was delayed and no clear update was given.,Negative,High,Resolved,52.76,58.9,Patient Experience System,True
CMP0000967,EN002178,,KPJ_01,JCORP Specialist Hospital,2026-06-26 21:16:00,Inpatient Wards,Patient Portal,True,Long Waiting Time,My appointment was delayed and no clear update was given.,Negative,Medium,Resolved,0.0,0.0,Patient Experience System,True
CMP0000968,EN002177,VIS00296501,KPJ_01,JCORP Specialist Hospital,2026-06-26 21:23:00,Outpatient Department,Formal Complaint Form,True,Poor Communication,I did not receive enough information about what was happening.,Negative,High,Resolved,59.61,10.45,Patient Experience System,True
CMP0000969,EN002177,VIS00296246,KPJ_01,JCORP Specialist Hospital,2026-06-26 15:23:00,Outpatient Department,Formal Complaint Form,True,Long Waiting Time,I arrived on time but still waited for a long period. The recorded wait was about 58 minutes.,Negative,Medium,In Progress,59.61,10.45,Patient Experience System,True
CMP0000970,EN002179,,KPJ_01,JCORP Specialist Hospital,2026-06-27 17:43:00,Emergency Department,Facebook,False,Poor Communication,The instructions provided were confusing.,Negative,Medium,Not Applicable,55.6,58.54,Patient Experience System,True
CMP0000971,EN002179,VIS00296645,KPJ_01,JCORP Specialist Hospital,2026-06-27 19:03:00,Emergency Department,Google Review,False,Insufficient Staff,The department appeared short-staffed during a busy period.,Negative,Medium,Not Applicable,55.6,58.54,Patient Experience System,True
CMP0000972,EN002181,,KPJ_01,JCORP Specialist Hospital,2026-06-27 10:59:00,Inpatient Wards,Google Review,False,Facility Condition,The waiting area was not comfortable.,Negative,Medium,Not Applicable,0.0,0.0,Patient Experience System,True
CMP0000973,EN002180,VIS00296735,KPJ_01,JCORP Specialist Hospital,2026-06-27 21:18:00,Outpatient Department,Patient Portal,True,Long Waiting Time,I waited far too long before being attended to. The recorded wait was about 64 minutes.,Negative,High,Resolved,58.93,4.2,Patient Experience System,True
CMP0000974,EN002182,VIS00296868,KPJ_01,JCORP Specialist Hospital,2026-06-28 17:14:00,Emergency Department,Patient Portal,True,Overcrowding,There were too many patients in the service area.,Negative,High,Open,53.98,63.54,Patient Experience System,True
CMP0000975,EN002183,VIS00297097,KPJ_01,JCORP Specialist Hospital,2026-06-28 14:31:00,Outpatient Department,Google Review,False,Overcrowding,The department felt congested and uncomfortable.,Negative,High,Not Applicable,59.25,6.35,Patient Experience System,True
CMP0000976,EN002183,VIS00297015,KPJ_01,JCORP Specialist Hospital,2026-06-28 17:13:00,Outpatient Department,Formal Complaint Form,True,Staff Attitude,The staff member was not very helpful.,Negative,Medium,Open,59.25,6.35,Patient Experience System,True
CMP0000977,EN002185,VIS00297230,KPJ_01,JCORP Specialist Hospital,2026-06-29 21:25:00,Emergency Department,Google Review,False,Insufficient Staff,Only a few staff members were handling many patients.,Negative,Medium,Not Applicable,55.31,53.57,Patient Experience System,True
CMP0000978,EN002185,VIS00297132,KPJ_01,JCORP Specialist Hospital,2026-06-29 11:48:00,Emergency Department,Google Review,False,Poor Communication,Staff communication about the waiting process was unclear.,Negative,Medium,Not Applicable,55.31,53.57,Patient Experience System,True
CMP0000979,EN002185,VIS00297213,KPJ_01,JCORP Specialist Hospital,2026-06-29 12:12:00,Emergency Department,Patient Portal,True,Long Waiting Time,The waiting time was much longer than expected. The recorded wait was about 71 minutes.,Negative,Medium,Resolved,55.31,53.57,Patient Experience System,True
CMP0000980,EN002186,,KPJ_01,JCORP Specialist Hospital,2026-06-29 10:07:00,Outpatient Department,Facebook,False,Long Waiting Time,I arrived on time but still waited for a long period.,Negative,Medium,Not Applicable,60.72,9.52,Patient Experience System,True
CMP0000981,EN002186,VIS00297377,KPJ_01,JCORP Specialist Hospital,2026-06-29 21:29:00,Outpatient Department,Formal Complaint Form,True,Insufficient Staff,The counter was understaffed and service was slow.,Negative,Medium,Resolved,60.72,9.52,Patient Experience System,True
CMP0000982,EN002190,,KPJ_01,JCORP Specialist Hospital,2026-06-30 09:44:00,Inpatient Wards,Google Review,False,Overcrowding,There were too many patients in the service area.,Negative,Medium,Not Applicable,0.0,0.0,Patient Experience System,True
