reporting_month,kpi_code,kpi_name,domain,kpi_value,status,previous_month_value,month_on_month_change,trend_direction,warning_boundary,critical_boundary,threshold_gap,threshold_breach,consecutive_warning_months,consecutive_critical_months,deterioration_streak_months,anomaly_method,anomaly_score,anomaly_flag,alert_priority,alert_title,alert_explanation,recommended_management_attention,evidence_source,data_quality_status,analytical_limitation
2024-07-01,OP_BED_OCCUPANCY,Bed Occupancy Rate,Operations,73.13,Normal,,,Not Available,85.0,90.0,11.87,None,0,0,0,Rolling six-month z-score,,Not Available,None,Bed Occupancy Rate Within Normal Range,Bed Occupancy Rate is 73.13. Status is Normal.,Continue routine monitoring.,hospital_kpi_data_v2.csv; kpi_config_v2.csv,Pass,"Anomaly detection for Bed Occupancy Rate uses a rolling six-month z-score on synthetic monthly data. The baseline is short and may not capture seasonal patterns. Statistical association does not establish causation. Thresholds are illustrative prototype assumptions calibrated to the synthetic dataset, not universal hospital standards."
2024-07-01,OP_WAIT_TIME,Average Patient Waiting Time,Operations,33.13,Normal,,,Not Available,50.0,60.0,16.87,None,0,0,0,Rolling six-month z-score,,Not Available,None,Average Patient Waiting Time Within Normal Range,Average Patient Waiting Time is 33.13 Minutes. Status is Normal.,Continue routine monitoring.,hospital_kpi_data_v2.csv; kpi_config_v2.csv,Pass,"Anomaly detection for Average Patient Waiting Time uses a rolling six-month z-score on synthetic monthly data. The baseline is short and may not capture seasonal patterns. Statistical association does not establish causation. Thresholds are illustrative prototype assumptions calibrated to the synthetic dataset, not universal hospital standards."
2024-07-01,PX_COMPLAINT_RATE,Patient Complaint Rate,Patient Experience,1.78,Normal,,,Not Available,2.0,2.5,0.22,None,0,0,0,Rolling six-month z-score,,Not Available,None,Patient Complaint Rate Within Normal Range,Patient Complaint Rate is 1.78. Status is Normal.,Continue routine monitoring.,hospital_kpi_data_v2.csv; kpi_config_v2.csv,Pass,"Anomaly detection for Patient Complaint Rate uses a rolling six-month z-score on synthetic monthly data. The baseline is short and may not capture seasonal patterns. Statistical association does not establish causation. Thresholds are illustrative prototype assumptions calibrated to the synthetic dataset, not universal hospital standards."
2024-07-01,PX_SATISFACTION,Patient Satisfaction Score,Patient Experience,93.81,Normal,,,Not Available,75.0,70.0,18.81,None,0,0,0,Rolling six-month z-score,,Not Available,None,Patient Satisfaction Score Within Normal Range,Patient Satisfaction Score is 93.81. Status is Normal.,Continue routine monitoring.,hospital_kpi_data_v2.csv; kpi_config_v2.csv,Pass,"Anomaly detection for Patient Satisfaction Score uses a rolling six-month z-score on synthetic monthly data. The baseline is short and may not capture seasonal patterns. Statistical association does not establish causation. Thresholds are illustrative prototype assumptions calibrated to the synthetic dataset, not universal hospital standards."
2024-07-01,WF_ABSENCE_RATE,Staff Absenteeism Rate,Workforce,3.36,Normal,,,Not Available,7.5,9.5,4.14,None,0,0,0,Rolling six-month z-score,,Not Available,None,Staff Absenteeism Rate Within Normal Range,Staff Absenteeism Rate is 3.36. Status is Normal.,Continue routine monitoring.,hospital_kpi_data_v2.csv; kpi_config_v2.csv,Pass,"Anomaly detection for Staff Absenteeism Rate uses a rolling six-month z-score on synthetic monthly data. The baseline is short and may not capture seasonal patterns. Statistical association does not establish causation. Thresholds are illustrative prototype assumptions calibrated to the synthetic dataset, not universal hospital standards."
2024-07-01,WF_STAFF_LEVEL,Staffing Level,Workforce,96.64,Normal,,,Not Available,92.0,90.0,4.64,None,0,0,0,Rolling six-month z-score,,Not Available,None,Staffing Level Within Normal Range,Staffing Level is 96.64. Status is Normal.,Continue routine monitoring.,hospital_kpi_data_v2.csv; kpi_config_v2.csv,Pass,"Anomaly detection for Staffing Level uses a rolling six-month z-score on synthetic monthly data. The baseline is short and may not capture seasonal patterns. Statistical association does not establish causation. Thresholds are illustrative prototype assumptions calibrated to the synthetic dataset, not universal hospital standards."
2024-08-01,OP_BED_OCCUPANCY,Bed Occupancy Rate,Operations,71.69,Normal,73.13,-1.44,Improving,85.0,90.0,13.31,None,0,0,0,Rolling six-month z-score,,Not Available,None,Bed Occupancy Rate Within Normal Range,Bed Occupancy Rate is 71.69. Status is Normal. Month-on-month decreased by 1.44.,Continue routine monitoring.,hospital_kpi_data_v2.csv; kpi_config_v2.csv,Pass,"Anomaly detection for Bed Occupancy Rate uses a rolling six-month z-score on synthetic monthly data. The baseline is short and may not capture seasonal patterns. Statistical association does not establish causation. Thresholds are illustrative prototype assumptions calibrated to the synthetic dataset, not universal hospital standards."
2024-08-01,OP_WAIT_TIME,Average Patient Waiting Time,Operations,32.93,Normal,33.13,-0.2,Improving,50.0,60.0,17.07,None,0,0,0,Rolling six-month z-score,,Not Available,None,Average Patient Waiting Time Within Normal Range,Average Patient Waiting Time is 32.93 Minutes. Status is Normal. Month-on-month decreased by 0.20.,Continue routine monitoring.,hospital_kpi_data_v2.csv; kpi_config_v2.csv,Pass,"Anomaly detection for Average Patient Waiting Time uses a rolling six-month z-score on synthetic monthly data. The baseline is short and may not capture seasonal patterns. Statistical association does not establish causation. Thresholds are illustrative prototype assumptions calibrated to the synthetic dataset, not universal hospital standards."
2024-08-01,PX_COMPLAINT_RATE,Patient Complaint Rate,Patient Experience,1.51,Normal,1.78,-0.27,Improving,2.0,2.5,0.49,None,0,0,0,Rolling six-month z-score,,Not Available,None,Patient Complaint Rate Within Normal Range,Patient Complaint Rate is 1.51. Status is Normal. Month-on-month decreased by 0.27.,Continue routine monitoring.,hospital_kpi_data_v2.csv; kpi_config_v2.csv,Pass,"Anomaly detection for Patient Complaint Rate uses a rolling six-month z-score on synthetic monthly data. The baseline is short and may not capture seasonal patterns. Statistical association does not establish causation. Thresholds are illustrative prototype assumptions calibrated to the synthetic dataset, not universal hospital standards."
2024-08-01,PX_SATISFACTION,Patient Satisfaction Score,Patient Experience,93.96,Normal,93.81,0.15,Improving,75.0,70.0,18.96,None,0,0,0,Rolling six-month z-score,,Not Available,None,Patient Satisfaction Score Within Normal Range,Patient Satisfaction Score is 93.96. Status is Normal. Month-on-month increased by 0.15.,Continue routine monitoring.,hospital_kpi_data_v2.csv; kpi_config_v2.csv,Pass,"Anomaly detection for Patient Satisfaction Score uses a rolling six-month z-score on synthetic monthly data. The baseline is short and may not capture seasonal patterns. Statistical association does not establish causation. Thresholds are illustrative prototype assumptions calibrated to the synthetic dataset, not universal hospital standards."
2024-08-01,WF_ABSENCE_RATE,Staff Absenteeism Rate,Workforce,2.76,Normal,3.36,-0.6,Improving,7.5,9.5,4.74,None,0,0,0,Rolling six-month z-score,,Not Available,None,Staff Absenteeism Rate Within Normal Range,Staff Absenteeism Rate is 2.76. Status is Normal. Month-on-month decreased by 0.60.,Continue routine monitoring.,hospital_kpi_data_v2.csv; kpi_config_v2.csv,Pass,"Anomaly detection for Staff Absenteeism Rate uses a rolling six-month z-score on synthetic monthly data. The baseline is short and may not capture seasonal patterns. Statistical association does not establish causation. Thresholds are illustrative prototype assumptions calibrated to the synthetic dataset, not universal hospital standards."
2024-08-01,WF_STAFF_LEVEL,Staffing Level,Workforce,97.24,Normal,96.64,0.6,Improving,92.0,90.0,5.24,None,0,0,0,Rolling six-month z-score,,Not Available,None,Staffing Level Within Normal Range,Staffing Level is 97.24. Status is Normal. Month-on-month increased by 0.60.,Continue routine monitoring.,hospital_kpi_data_v2.csv; kpi_config_v2.csv,Pass,"Anomaly detection for Staffing Level uses a rolling six-month z-score on synthetic monthly data. The baseline is short and may not capture seasonal patterns. Statistical association does not establish causation. Thresholds are illustrative prototype assumptions calibrated to the synthetic dataset, not universal hospital standards."
2024-09-01,OP_BED_OCCUPANCY,Bed Occupancy Rate,Operations,69.2,Normal,71.69,-2.49,Improving,85.0,90.0,15.8,None,0,0,0,Rolling six-month z-score,,Not Available,None,Bed Occupancy Rate Within Normal Range,Bed Occupancy Rate is 69.2. Status is Normal. Month-on-month decreased by 2.49.,Continue routine monitoring.,hospital_kpi_data_v2.csv; kpi_config_v2.csv,Pass,"Anomaly detection for Bed Occupancy Rate uses a rolling six-month z-score on synthetic monthly data. The baseline is short and may not capture seasonal patterns. Statistical association does not establish causation. Thresholds are illustrative prototype assumptions calibrated to the synthetic dataset, not universal hospital standards."
2024-09-01,OP_WAIT_TIME,Average Patient Waiting Time,Operations,32.89,Normal,32.93,-0.04,Stable,50.0,60.0,17.11,None,0,0,0,Rolling six-month z-score,,Not Available,None,Average Patient Waiting Time Within Normal Range,Average Patient Waiting Time is 32.89 Minutes. Status is Normal. Month-on-month decreased by 0.04.,Continue routine monitoring.,hospital_kpi_data_v2.csv; kpi_config_v2.csv,Pass,"Anomaly detection for Average Patient Waiting Time uses a rolling six-month z-score on synthetic monthly data. The baseline is short and may not capture seasonal patterns. Statistical association does not establish causation. Thresholds are illustrative prototype assumptions calibrated to the synthetic dataset, not universal hospital standards."
2024-09-01,PX_COMPLAINT_RATE,Patient Complaint Rate,Patient Experience,1.28,Normal,1.51,-0.23,Improving,2.0,2.5,0.72,None,0,0,0,Rolling six-month z-score,,Not Available,None,Patient Complaint Rate Within Normal Range,Patient Complaint Rate is 1.28. Status is Normal. Month-on-month decreased by 0.23.,Continue routine monitoring.,hospital_kpi_data_v2.csv; kpi_config_v2.csv,Pass,"Anomaly detection for Patient Complaint Rate uses a rolling six-month z-score on synthetic monthly data. The baseline is short and may not capture seasonal patterns. Statistical association does not establish causation. Thresholds are illustrative prototype assumptions calibrated to the synthetic dataset, not universal hospital standards."
2024-09-01,PX_SATISFACTION,Patient Satisfaction Score,Patient Experience,94.13,Normal,93.96,0.17,Improving,75.0,70.0,19.13,None,0,0,0,Rolling six-month z-score,,Not Available,None,Patient Satisfaction Score Within Normal Range,Patient Satisfaction Score is 94.13. Status is Normal. Month-on-month increased by 0.17.,Continue routine monitoring.,hospital_kpi_data_v2.csv; kpi_config_v2.csv,Pass,"Anomaly detection for Patient Satisfaction Score uses a rolling six-month z-score on synthetic monthly data. The baseline is short and may not capture seasonal patterns. Statistical association does not establish causation. Thresholds are illustrative prototype assumptions calibrated to the synthetic dataset, not universal hospital standards."
2024-09-01,WF_ABSENCE_RATE,Staff Absenteeism Rate,Workforce,3.5,Normal,2.76,0.74,Worsening,7.5,9.5,4.0,None,0,0,1,Rolling six-month z-score,,Not Available,None,Staff Absenteeism Rate Within Normal Range,Staff Absenteeism Rate is 3.5. Status is Normal. Month-on-month increased by 0.74.,Continue routine monitoring.,hospital_kpi_data_v2.csv; kpi_config_v2.csv,Pass,"Anomaly detection for Staff Absenteeism Rate uses a rolling six-month z-score on synthetic monthly data. The baseline is short and may not capture seasonal patterns. Statistical association does not establish causation. Thresholds are illustrative prototype assumptions calibrated to the synthetic dataset, not universal hospital standards."
2024-09-01,WF_STAFF_LEVEL,Staffing Level,Workforce,96.5,Normal,97.24,-0.74,Worsening,92.0,90.0,4.5,None,0,0,1,Rolling six-month z-score,,Not Available,None,Staffing Level Within Normal Range,Staffing Level is 96.5. Status is Normal. Month-on-month decreased by 0.74.,Continue routine monitoring.,hospital_kpi_data_v2.csv; kpi_config_v2.csv,Pass,"Anomaly detection for Staffing Level uses a rolling six-month z-score on synthetic monthly data. The baseline is short and may not capture seasonal patterns. Statistical association does not establish causation. Thresholds are illustrative prototype assumptions calibrated to the synthetic dataset, not universal hospital standards."
2024-10-01,OP_BED_OCCUPANCY,Bed Occupancy Rate,Operations,70.95,Normal,69.2,1.75,Worsening,85.0,90.0,14.05,None,0,0,1,Rolling six-month z-score,,Not Available,None,Bed Occupancy Rate Within Normal Range,Bed Occupancy Rate is 70.95. Status is Normal. Month-on-month increased by 1.75.,Continue routine monitoring.,hospital_kpi_data_v2.csv; kpi_config_v2.csv,Pass,"Anomaly detection for Bed Occupancy Rate uses a rolling six-month z-score on synthetic monthly data. The baseline is short and may not capture seasonal patterns. Statistical association does not establish causation. Thresholds are illustrative prototype assumptions calibrated to the synthetic dataset, not universal hospital standards."
2024-10-01,OP_WAIT_TIME,Average Patient Waiting Time,Operations,33.11,Normal,32.89,0.22,Worsening,50.0,60.0,16.89,None,0,0,1,Rolling six-month z-score,,Not Available,None,Average Patient Waiting Time Within Normal Range,Average Patient Waiting Time is 33.11 Minutes. Status is Normal. Month-on-month increased by 0.22.,Continue routine monitoring.,hospital_kpi_data_v2.csv; kpi_config_v2.csv,Pass,"Anomaly detection for Average Patient Waiting Time uses a rolling six-month z-score on synthetic monthly data. The baseline is short and may not capture seasonal patterns. Statistical association does not establish causation. Thresholds are illustrative prototype assumptions calibrated to the synthetic dataset, not universal hospital standards."
2024-10-01,PX_COMPLAINT_RATE,Patient Complaint Rate,Patient Experience,1.13,Normal,1.28,-0.15,Improving,2.0,2.5,0.87,None,0,0,0,Rolling six-month z-score,,Not Available,None,Patient Complaint Rate Within Normal Range,Patient Complaint Rate is 1.13. Status is Normal. Month-on-month decreased by 0.15.,Continue routine monitoring.,hospital_kpi_data_v2.csv; kpi_config_v2.csv,Pass,"Anomaly detection for Patient Complaint Rate uses a rolling six-month z-score on synthetic monthly data. The baseline is short and may not capture seasonal patterns. Statistical association does not establish causation. Thresholds are illustrative prototype assumptions calibrated to the synthetic dataset, not universal hospital standards."
2024-10-01,PX_SATISFACTION,Patient Satisfaction Score,Patient Experience,93.88,Normal,94.13,-0.25,Worsening,75.0,70.0,18.88,None,0,0,1,Rolling six-month z-score,,Not Available,None,Patient Satisfaction Score Within Normal Range,Patient Satisfaction Score is 93.88. Status is Normal. Month-on-month decreased by 0.25.,Continue routine monitoring.,hospital_kpi_data_v2.csv; kpi_config_v2.csv,Pass,"Anomaly detection for Patient Satisfaction Score uses a rolling six-month z-score on synthetic monthly data. The baseline is short and may not capture seasonal patterns. Statistical association does not establish causation. Thresholds are illustrative prototype assumptions calibrated to the synthetic dataset, not universal hospital standards."
2024-10-01,WF_ABSENCE_RATE,Staff Absenteeism Rate,Workforce,2.98,Normal,3.5,-0.52,Improving,7.5,9.5,4.52,None,0,0,0,Rolling six-month z-score,,Not Available,None,Staff Absenteeism Rate Within Normal Range,Staff Absenteeism Rate is 2.98. Status is Normal. Month-on-month decreased by 0.52.,Continue routine monitoring.,hospital_kpi_data_v2.csv; kpi_config_v2.csv,Pass,"Anomaly detection for Staff Absenteeism Rate uses a rolling six-month z-score on synthetic monthly data. The baseline is short and may not capture seasonal patterns. Statistical association does not establish causation. Thresholds are illustrative prototype assumptions calibrated to the synthetic dataset, not universal hospital standards."
2024-10-01,WF_STAFF_LEVEL,Staffing Level,Workforce,97.02,Normal,96.5,0.52,Improving,92.0,90.0,5.02,None,0,0,0,Rolling six-month z-score,,Not Available,None,Staffing Level Within Normal Range,Staffing Level is 97.02. Status is Normal. Month-on-month increased by 0.52.,Continue routine monitoring.,hospital_kpi_data_v2.csv; kpi_config_v2.csv,Pass,"Anomaly detection for Staffing Level uses a rolling six-month z-score on synthetic monthly data. The baseline is short and may not capture seasonal patterns. Statistical association does not establish causation. Thresholds are illustrative prototype assumptions calibrated to the synthetic dataset, not universal hospital standards."
2024-11-01,OP_BED_OCCUPANCY,Bed Occupancy Rate,Operations,71.36,Normal,70.95,0.41,Worsening,85.0,90.0,13.64,None,0,0,2,Rolling six-month z-score,,Not Available,None,Bed Occupancy Rate Within Normal Range,Bed Occupancy Rate is 71.36. Status is Normal. Month-on-month increased by 0.41. Deterioration has continued for 2 consecutive months.,Continue routine monitoring.,hospital_kpi_data_v2.csv; kpi_config_v2.csv,Pass,"Anomaly detection for Bed Occupancy Rate uses a rolling six-month z-score on synthetic monthly data. The baseline is short and may not capture seasonal patterns. Statistical association does not establish causation. Thresholds are illustrative prototype assumptions calibrated to the synthetic dataset, not universal hospital standards."
2024-11-01,OP_WAIT_TIME,Average Patient Waiting Time,Operations,33.14,Normal,33.11,0.03,Stable,50.0,60.0,16.86,None,0,0,0,Rolling six-month z-score,,Not Available,None,Average Patient Waiting Time Within Normal Range,Average Patient Waiting Time is 33.14 Minutes. Status is Normal. Month-on-month increased by 0.03.,Continue routine monitoring.,hospital_kpi_data_v2.csv; kpi_config_v2.csv,Pass,"Anomaly detection for Average Patient Waiting Time uses a rolling six-month z-score on synthetic monthly data. The baseline is short and may not capture seasonal patterns. Statistical association does not establish causation. Thresholds are illustrative prototype assumptions calibrated to the synthetic dataset, not universal hospital standards."
2024-11-01,PX_COMPLAINT_RATE,Patient Complaint Rate,Patient Experience,1.34,Normal,1.13,0.21,Worsening,2.0,2.5,0.66,None,0,0,1,Rolling six-month z-score,,Not Available,None,Patient Complaint Rate Within Normal Range,Patient Complaint Rate is 1.34. Status is Normal. Month-on-month increased by 0.21.,Continue routine monitoring.,hospital_kpi_data_v2.csv; kpi_config_v2.csv,Pass,"Anomaly detection for Patient Complaint Rate uses a rolling six-month z-score on synthetic monthly data. The baseline is short and may not capture seasonal patterns. Statistical association does not establish causation. Thresholds are illustrative prototype assumptions calibrated to the synthetic dataset, not universal hospital standards."
2024-11-01,PX_SATISFACTION,Patient Satisfaction Score,Patient Experience,94.55,Normal,93.88,0.67,Improving,75.0,70.0,19.55,None,0,0,0,Rolling six-month z-score,,Not Available,None,Patient Satisfaction Score Within Normal Range,Patient Satisfaction Score is 94.55. Status is Normal. Month-on-month increased by 0.67.,Continue routine monitoring.,hospital_kpi_data_v2.csv; kpi_config_v2.csv,Pass,"Anomaly detection for Patient Satisfaction Score uses a rolling six-month z-score on synthetic monthly data. The baseline is short and may not capture seasonal patterns. Statistical association does not establish causation. Thresholds are illustrative prototype assumptions calibrated to the synthetic dataset, not universal hospital standards."
2024-11-01,WF_ABSENCE_RATE,Staff Absenteeism Rate,Workforce,3.37,Normal,2.98,0.39,Worsening,7.5,9.5,4.13,None,0,0,1,Rolling six-month z-score,,Not Available,None,Staff Absenteeism Rate Within Normal Range,Staff Absenteeism Rate is 3.37. Status is Normal. Month-on-month increased by 0.39.,Continue routine monitoring.,hospital_kpi_data_v2.csv; kpi_config_v2.csv,Pass,"Anomaly detection for Staff Absenteeism Rate uses a rolling six-month z-score on synthetic monthly data. The baseline is short and may not capture seasonal patterns. Statistical association does not establish causation. Thresholds are illustrative prototype assumptions calibrated to the synthetic dataset, not universal hospital standards."
2024-11-01,WF_STAFF_LEVEL,Staffing Level,Workforce,96.63,Normal,97.02,-0.39,Worsening,92.0,90.0,4.63,None,0,0,1,Rolling six-month z-score,,Not Available,None,Staffing Level Within Normal Range,Staffing Level is 96.63. Status is Normal. Month-on-month decreased by 0.39.,Continue routine monitoring.,hospital_kpi_data_v2.csv; kpi_config_v2.csv,Pass,"Anomaly detection for Staffing Level uses a rolling six-month z-score on synthetic monthly data. The baseline is short and may not capture seasonal patterns. Statistical association does not establish causation. Thresholds are illustrative prototype assumptions calibrated to the synthetic dataset, not universal hospital standards."
2024-12-01,OP_BED_OCCUPANCY,Bed Occupancy Rate,Operations,72.6,Normal,71.36,1.24,Worsening,85.0,90.0,12.4,None,0,0,3,Rolling six-month z-score,,Not Available,None,Bed Occupancy Rate Within Normal Range,Bed Occupancy Rate is 72.6. Status is Normal. Month-on-month increased by 1.24. Deterioration has continued for 3 consecutive months.,Continue routine monitoring.,hospital_kpi_data_v2.csv; kpi_config_v2.csv,Pass,"Anomaly detection for Bed Occupancy Rate uses a rolling six-month z-score on synthetic monthly data. The baseline is short and may not capture seasonal patterns. Statistical association does not establish causation. Thresholds are illustrative prototype assumptions calibrated to the synthetic dataset, not universal hospital standards."
2024-12-01,OP_WAIT_TIME,Average Patient Waiting Time,Operations,32.92,Normal,33.14,-0.22,Improving,50.0,60.0,17.08,None,0,0,0,Rolling six-month z-score,,Not Available,None,Average Patient Waiting Time Within Normal Range,Average Patient Waiting Time is 32.92 Minutes. Status is Normal. Month-on-month decreased by 0.22.,Continue routine monitoring.,hospital_kpi_data_v2.csv; kpi_config_v2.csv,Pass,"Anomaly detection for Average Patient Waiting Time uses a rolling six-month z-score on synthetic monthly data. The baseline is short and may not capture seasonal patterns. Statistical association does not establish causation. Thresholds are illustrative prototype assumptions calibrated to the synthetic dataset, not universal hospital standards."
2024-12-01,PX_COMPLAINT_RATE,Patient Complaint Rate,Patient Experience,1.53,Normal,1.34,0.19,Worsening,2.0,2.5,0.47,None,0,0,2,Rolling six-month z-score,,Not Available,None,Patient Complaint Rate Within Normal Range,Patient Complaint Rate is 1.53. Status is Normal. Month-on-month increased by 0.19. Deterioration has continued for 2 consecutive months.,Continue routine monitoring.,hospital_kpi_data_v2.csv; kpi_config_v2.csv,Pass,"Anomaly detection for Patient Complaint Rate uses a rolling six-month z-score on synthetic monthly data. The baseline is short and may not capture seasonal patterns. Statistical association does not establish causation. Thresholds are illustrative prototype assumptions calibrated to the synthetic dataset, not universal hospital standards."
2024-12-01,PX_SATISFACTION,Patient Satisfaction Score,Patient Experience,94.36,Normal,94.55,-0.19,Worsening,75.0,70.0,19.36,None,0,0,1,Rolling six-month z-score,,Not Available,None,Patient Satisfaction Score Within Normal Range,Patient Satisfaction Score is 94.36. Status is Normal. Month-on-month decreased by 0.19.,Continue routine monitoring.,hospital_kpi_data_v2.csv; kpi_config_v2.csv,Pass,"Anomaly detection for Patient Satisfaction Score uses a rolling six-month z-score on synthetic monthly data. The baseline is short and may not capture seasonal patterns. Statistical association does not establish causation. Thresholds are illustrative prototype assumptions calibrated to the synthetic dataset, not universal hospital standards."
2024-12-01,WF_ABSENCE_RATE,Staff Absenteeism Rate,Workforce,3.44,Normal,3.37,0.07,Stable,7.5,9.5,4.06,None,0,0,0,Rolling six-month z-score,,Not Available,None,Staff Absenteeism Rate Within Normal Range,Staff Absenteeism Rate is 3.44. Status is Normal. Month-on-month increased by 0.07.,Continue routine monitoring.,hospital_kpi_data_v2.csv; kpi_config_v2.csv,Pass,"Anomaly detection for Staff Absenteeism Rate uses a rolling six-month z-score on synthetic monthly data. The baseline is short and may not capture seasonal patterns. Statistical association does not establish causation. Thresholds are illustrative prototype assumptions calibrated to the synthetic dataset, not universal hospital standards."
2024-12-01,WF_STAFF_LEVEL,Staffing Level,Workforce,96.56,Normal,96.63,-0.07,Stable,92.0,90.0,4.56,None,0,0,0,Rolling six-month z-score,,Not Available,None,Staffing Level Within Normal Range,Staffing Level is 96.56. Status is Normal. Month-on-month decreased by 0.07.,Continue routine monitoring.,hospital_kpi_data_v2.csv; kpi_config_v2.csv,Pass,"Anomaly detection for Staffing Level uses a rolling six-month z-score on synthetic monthly data. The baseline is short and may not capture seasonal patterns. Statistical association does not establish causation. Thresholds are illustrative prototype assumptions calibrated to the synthetic dataset, not universal hospital standards."
2025-01-01,OP_BED_OCCUPANCY,Bed Occupancy Rate,Operations,66.45,Normal,72.6,-6.15,Improving,85.0,90.0,18.55,None,0,0,0,Rolling six-month z-score,-4.0,Strong Anomaly,Low,Bed Occupancy Rate Shows Statistical Anomaly,Bed Occupancy Rate is 66.45. Status is Normal. Month-on-month decreased by 6.15. A strong statistical anomaly is detected (z-score = -4.0).,Validate unusual movement before intervention.,hospital_kpi_data_v2.csv; kpi_config_v2.csv,Pass,"Anomaly detection for Bed Occupancy Rate uses a rolling six-month z-score on synthetic monthly data. The baseline is short and may not capture seasonal patterns. Statistical association does not establish causation. Thresholds are illustrative prototype assumptions calibrated to the synthetic dataset, not universal hospital standards."
2025-01-01,OP_WAIT_TIME,Average Patient Waiting Time,Operations,33.05,Normal,32.92,0.13,Worsening,50.0,60.0,16.95,None,0,0,1,Rolling six-month z-score,0.28,Normal,None,Average Patient Waiting Time Within Normal Range,Average Patient Waiting Time is 33.05 Minutes. Status is Normal. Month-on-month increased by 0.13.,Continue routine monitoring.,hospital_kpi_data_v2.csv; kpi_config_v2.csv,Pass,"Anomaly detection for Average Patient Waiting Time uses a rolling six-month z-score on synthetic monthly data. The baseline is short and may not capture seasonal patterns. Statistical association does not establish causation. Thresholds are illustrative prototype assumptions calibrated to the synthetic dataset, not universal hospital standards."
2025-01-01,PX_COMPLAINT_RATE,Patient Complaint Rate,Patient Experience,0.81,Normal,1.53,-0.72,Improving,2.0,2.5,1.19,None,0,0,0,Rolling six-month z-score,-2.97,Strong Anomaly,Low,Patient Complaint Rate Shows Statistical Anomaly,Patient Complaint Rate is 0.81. Status is Normal. Month-on-month decreased by 0.72. A strong statistical anomaly is detected (z-score = -2.97).,Validate unusual movement before intervention.,hospital_kpi_data_v2.csv; kpi_config_v2.csv,Pass,"Anomaly detection for Patient Complaint Rate uses a rolling six-month z-score on synthetic monthly data. The baseline is short and may not capture seasonal patterns. Statistical association does not establish causation. Thresholds are illustrative prototype assumptions calibrated to the synthetic dataset, not universal hospital standards."
2025-01-01,PX_SATISFACTION,Patient Satisfaction Score,Patient Experience,94.98,Normal,94.36,0.62,Improving,75.0,70.0,19.98,None,0,0,0,Rolling six-month z-score,3.26,Strong Anomaly,Low,Patient Satisfaction Score Shows Statistical Anomaly,Patient Satisfaction Score is 94.98. Status is Normal. Month-on-month increased by 0.62. A strong statistical anomaly is detected (z-score = 3.26).,Validate unusual movement before intervention.,hospital_kpi_data_v2.csv; kpi_config_v2.csv,Pass,"Anomaly detection for Patient Satisfaction Score uses a rolling six-month z-score on synthetic monthly data. The baseline is short and may not capture seasonal patterns. Statistical association does not establish causation. Thresholds are illustrative prototype assumptions calibrated to the synthetic dataset, not universal hospital standards."
2025-01-01,WF_ABSENCE_RATE,Staff Absenteeism Rate,Workforce,3.4,Normal,3.44,-0.04,Stable,7.5,9.5,4.1,None,0,0,0,Rolling six-month z-score,0.61,Normal,None,Staff Absenteeism Rate Within Normal Range,Staff Absenteeism Rate is 3.4. Status is Normal. Month-on-month decreased by 0.04.,Continue routine monitoring.,hospital_kpi_data_v2.csv; kpi_config_v2.csv,Pass,"Anomaly detection for Staff Absenteeism Rate uses a rolling six-month z-score on synthetic monthly data. The baseline is short and may not capture seasonal patterns. Statistical association does not establish causation. Thresholds are illustrative prototype assumptions calibrated to the synthetic dataset, not universal hospital standards."
2025-01-01,WF_STAFF_LEVEL,Staffing Level,Workforce,96.6,Normal,96.56,0.04,Stable,92.0,90.0,4.6,None,0,0,0,Rolling six-month z-score,-0.61,Normal,None,Staffing Level Within Normal Range,Staffing Level is 96.6. Status is Normal. Month-on-month increased by 0.04.,Continue routine monitoring.,hospital_kpi_data_v2.csv; kpi_config_v2.csv,Pass,"Anomaly detection for Staffing Level uses a rolling six-month z-score on synthetic monthly data. The baseline is short and may not capture seasonal patterns. Statistical association does not establish causation. Thresholds are illustrative prototype assumptions calibrated to the synthetic dataset, not universal hospital standards."
2025-02-01,OP_BED_OCCUPANCY,Bed Occupancy Rate,Operations,63.82,Normal,66.45,-2.63,Improving,85.0,90.0,21.18,None,0,0,0,Rolling six-month z-score,-3.23,Strong Anomaly,Low,Bed Occupancy Rate Shows Statistical Anomaly,Bed Occupancy Rate is 63.82. Status is Normal. Month-on-month decreased by 2.63. A strong statistical anomaly is detected (z-score = -3.23).,Validate unusual movement before intervention.,hospital_kpi_data_v2.csv; kpi_config_v2.csv,Pass,"Anomaly detection for Bed Occupancy Rate uses a rolling six-month z-score on synthetic monthly data. The baseline is short and may not capture seasonal patterns. Statistical association does not establish causation. Thresholds are illustrative prototype assumptions calibrated to the synthetic dataset, not universal hospital standards."
2025-02-01,OP_WAIT_TIME,Average Patient Waiting Time,Operations,33.02,Normal,33.05,-0.03,Stable,50.0,60.0,16.98,None,0,0,0,Rolling six-month z-score,0.14,Normal,None,Average Patient Waiting Time Within Normal Range,Average Patient Waiting Time is 33.02 Minutes. Status is Normal. Month-on-month decreased by 0.03.,Continue routine monitoring.,hospital_kpi_data_v2.csv; kpi_config_v2.csv,Pass,"Anomaly detection for Average Patient Waiting Time uses a rolling six-month z-score on synthetic monthly data. The baseline is short and may not capture seasonal patterns. Statistical association does not establish causation. Thresholds are illustrative prototype assumptions calibrated to the synthetic dataset, not universal hospital standards."
2025-02-01,PX_COMPLAINT_RATE,Patient Complaint Rate,Patient Experience,1.45,Normal,0.81,0.64,Worsening,2.0,2.5,0.55,None,0,0,1,Rolling six-month z-score,0.75,Normal,None,Patient Complaint Rate Within Normal Range,Patient Complaint Rate is 1.45. Status is Normal. Month-on-month increased by 0.64.,Continue routine monitoring.,hospital_kpi_data_v2.csv; kpi_config_v2.csv,Pass,"Anomaly detection for Patient Complaint Rate uses a rolling six-month z-score on synthetic monthly data. The baseline is short and may not capture seasonal patterns. Statistical association does not establish causation. Thresholds are illustrative prototype assumptions calibrated to the synthetic dataset, not universal hospital standards."
2025-02-01,PX_SATISFACTION,Patient Satisfaction Score,Patient Experience,94.17,Normal,94.98,-0.81,Worsening,75.0,70.0,19.17,None,0,0,1,Rolling six-month z-score,-0.37,Normal,None,Patient Satisfaction Score Within Normal Range,Patient Satisfaction Score is 94.17. Status is Normal. Month-on-month decreased by 0.81.,Continue routine monitoring.,hospital_kpi_data_v2.csv; kpi_config_v2.csv,Pass,"Anomaly detection for Patient Satisfaction Score uses a rolling six-month z-score on synthetic monthly data. The baseline is short and may not capture seasonal patterns. Statistical association does not establish causation. Thresholds are illustrative prototype assumptions calibrated to the synthetic dataset, not universal hospital standards."
2025-02-01,WF_ABSENCE_RATE,Staff Absenteeism Rate,Workforce,3.19,Normal,3.4,-0.21,Improving,7.5,9.5,4.31,None,0,0,0,Rolling six-month z-score,-0.19,Normal,None,Staff Absenteeism Rate Within Normal Range,Staff Absenteeism Rate is 3.19. Status is Normal. Month-on-month decreased by 0.21.,Continue routine monitoring.,hospital_kpi_data_v2.csv; kpi_config_v2.csv,Pass,"Anomaly detection for Staff Absenteeism Rate uses a rolling six-month z-score on synthetic monthly data. The baseline is short and may not capture seasonal patterns. Statistical association does not establish causation. Thresholds are illustrative prototype assumptions calibrated to the synthetic dataset, not universal hospital standards."
2025-02-01,WF_STAFF_LEVEL,Staffing Level,Workforce,96.81,Normal,96.6,0.21,Improving,92.0,90.0,4.81,None,0,0,0,Rolling six-month z-score,0.19,Normal,None,Staffing Level Within Normal Range,Staffing Level is 96.81. Status is Normal. Month-on-month increased by 0.21.,Continue routine monitoring.,hospital_kpi_data_v2.csv; kpi_config_v2.csv,Pass,"Anomaly detection for Staffing Level uses a rolling six-month z-score on synthetic monthly data. The baseline is short and may not capture seasonal patterns. Statistical association does not establish causation. Thresholds are illustrative prototype assumptions calibrated to the synthetic dataset, not universal hospital standards."
2025-03-01,OP_BED_OCCUPANCY,Bed Occupancy Rate,Operations,61.11,Normal,63.82,-2.71,Improving,85.0,90.0,23.89,None,0,0,0,Rolling six-month z-score,-2.61,Strong Anomaly,Low,Bed Occupancy Rate Shows Statistical Anomaly,Bed Occupancy Rate is 61.11. Status is Normal. Month-on-month decreased by 2.71. A strong statistical anomaly is detected (z-score = -2.61).,Validate unusual movement before intervention.,hospital_kpi_data_v2.csv; kpi_config_v2.csv,Pass,"Anomaly detection for Bed Occupancy Rate uses a rolling six-month z-score on synthetic monthly data. The baseline is short and may not capture seasonal patterns. Statistical association does not establish causation. Thresholds are illustrative prototype assumptions calibrated to the synthetic dataset, not universal hospital standards."
2025-03-01,OP_WAIT_TIME,Average Patient Waiting Time,Operations,33.06,Normal,33.02,0.04,Stable,50.0,60.0,16.94,None,0,0,0,Rolling six-month z-score,0.42,Normal,None,Average Patient Waiting Time Within Normal Range,Average Patient Waiting Time is 33.06 Minutes. Status is Normal. Month-on-month increased by 0.04.,Continue routine monitoring.,hospital_kpi_data_v2.csv; kpi_config_v2.csv,Pass,"Anomaly detection for Average Patient Waiting Time uses a rolling six-month z-score on synthetic monthly data. The baseline is short and may not capture seasonal patterns. Statistical association does not establish causation. Thresholds are illustrative prototype assumptions calibrated to the synthetic dataset, not universal hospital standards."
2025-03-01,PX_COMPLAINT_RATE,Patient Complaint Rate,Patient Experience,1.48,Normal,1.45,0.03,Worsening,2.0,2.5,0.52,None,0,0,2,Rolling six-month z-score,0.94,Normal,None,Patient Complaint Rate Within Normal Range,Patient Complaint Rate is 1.48. Status is Normal. Month-on-month increased by 0.03. Deterioration has continued for 2 consecutive months.,Continue routine monitoring.,hospital_kpi_data_v2.csv; kpi_config_v2.csv,Pass,"Anomaly detection for Patient Complaint Rate uses a rolling six-month z-score on synthetic monthly data. The baseline is short and may not capture seasonal patterns. Statistical association does not establish causation. Thresholds are illustrative prototype assumptions calibrated to the synthetic dataset, not universal hospital standards."
2025-03-01,PX_SATISFACTION,Patient Satisfaction Score,Patient Experience,93.88,Normal,94.17,-0.29,Worsening,75.0,70.0,18.88,None,0,0,2,Rolling six-month z-score,-1.33,Normal,None,Patient Satisfaction Score Within Normal Range,Patient Satisfaction Score is 93.88. Status is Normal. Month-on-month decreased by 0.29. Deterioration has continued for 2 consecutive months.,Continue routine monitoring.,hospital_kpi_data_v2.csv; kpi_config_v2.csv,Pass,"Anomaly detection for Patient Satisfaction Score uses a rolling six-month z-score on synthetic monthly data. The baseline is short and may not capture seasonal patterns. Statistical association does not establish causation. Thresholds are illustrative prototype assumptions calibrated to the synthetic dataset, not universal hospital standards."
2025-03-01,WF_ABSENCE_RATE,Staff Absenteeism Rate,Workforce,2.85,Normal,3.19,-0.34,Improving,7.5,9.5,4.65,None,0,0,0,Rolling six-month z-score,-2.62,Strong Anomaly,Low,Staff Absenteeism Rate Shows Statistical Anomaly,Staff Absenteeism Rate is 2.85. Status is Normal. Month-on-month decreased by 0.34. A strong statistical anomaly is detected (z-score = -2.62).,Validate unusual movement before intervention.,hospital_kpi_data_v2.csv; kpi_config_v2.csv,Pass,"Anomaly detection for Staff Absenteeism Rate uses a rolling six-month z-score on synthetic monthly data. The baseline is short and may not capture seasonal patterns. Statistical association does not establish causation. Thresholds are illustrative prototype assumptions calibrated to the synthetic dataset, not universal hospital standards."
2025-03-01,WF_STAFF_LEVEL,Staffing Level,Workforce,97.15,Normal,96.81,0.34,Improving,92.0,90.0,5.15,None,0,0,0,Rolling six-month z-score,2.62,Strong Anomaly,Low,Staffing Level Shows Statistical Anomaly,Staffing Level is 97.15. Status is Normal. Month-on-month increased by 0.34. A strong statistical anomaly is detected (z-score = 2.62).,Validate unusual movement before intervention.,hospital_kpi_data_v2.csv; kpi_config_v2.csv,Pass,"Anomaly detection for Staffing Level uses a rolling six-month z-score on synthetic monthly data. The baseline is short and may not capture seasonal patterns. Statistical association does not establish causation. Thresholds are illustrative prototype assumptions calibrated to the synthetic dataset, not universal hospital standards."
2025-04-01,OP_BED_OCCUPANCY,Bed Occupancy Rate,Operations,70.35,Normal,61.11,9.24,Worsening,85.0,90.0,14.65,None,0,0,1,Rolling six-month z-score,0.62,Normal,None,Bed Occupancy Rate Within Normal Range,Bed Occupancy Rate is 70.35. Status is Normal. Month-on-month increased by 9.24.,Continue routine monitoring.,hospital_kpi_data_v2.csv; kpi_config_v2.csv,Pass,"Anomaly detection for Bed Occupancy Rate uses a rolling six-month z-score on synthetic monthly data. The baseline is short and may not capture seasonal patterns. Statistical association does not establish causation. Thresholds are illustrative prototype assumptions calibrated to the synthetic dataset, not universal hospital standards."
2025-04-01,OP_WAIT_TIME,Average Patient Waiting Time,Operations,33.1,Normal,33.06,0.04,Stable,50.0,60.0,16.9,None,0,0,0,Rolling six-month z-score,0.71,Normal,None,Average Patient Waiting Time Within Normal Range,Average Patient Waiting Time is 33.1 Minutes. Status is Normal. Month-on-month increased by 0.04.,Continue routine monitoring.,hospital_kpi_data_v2.csv; kpi_config_v2.csv,Pass,"Anomaly detection for Average Patient Waiting Time uses a rolling six-month z-score on synthetic monthly data. The baseline is short and may not capture seasonal patterns. Statistical association does not establish causation. Thresholds are illustrative prototype assumptions calibrated to the synthetic dataset, not universal hospital standards."
2025-04-01,PX_COMPLAINT_RATE,Patient Complaint Rate,Patient Experience,1.44,Normal,1.48,-0.04,Improving,2.0,2.5,0.56,None,0,0,0,Rolling six-month z-score,0.6,Normal,None,Patient Complaint Rate Within Normal Range,Patient Complaint Rate is 1.44. Status is Normal. Month-on-month decreased by 0.04.,Continue routine monitoring.,hospital_kpi_data_v2.csv; kpi_config_v2.csv,Pass,"Anomaly detection for Patient Complaint Rate uses a rolling six-month z-score on synthetic monthly data. The baseline is short and may not capture seasonal patterns. Statistical association does not establish causation. Thresholds are illustrative prototype assumptions calibrated to the synthetic dataset, not universal hospital standards."
2025-04-01,PX_SATISFACTION,Patient Satisfaction Score,Patient Experience,94.21,Normal,93.88,0.33,Improving,75.0,70.0,19.21,None,0,0,0,Rolling six-month z-score,-0.24,Normal,None,Patient Satisfaction Score Within Normal Range,Patient Satisfaction Score is 94.21. Status is Normal. Month-on-month increased by 0.33.,Continue routine monitoring.,hospital_kpi_data_v2.csv; kpi_config_v2.csv,Pass,"Anomaly detection for Patient Satisfaction Score uses a rolling six-month z-score on synthetic monthly data. The baseline is short and may not capture seasonal patterns. Statistical association does not establish causation. Thresholds are illustrative prototype assumptions calibrated to the synthetic dataset, not universal hospital standards."
2025-04-01,WF_ABSENCE_RATE,Staff Absenteeism Rate,Workforce,3.26,Normal,2.85,0.41,Worsening,7.5,9.5,4.24,None,0,0,1,Rolling six-month z-score,0.25,Normal,None,Staff Absenteeism Rate Within Normal Range,Staff Absenteeism Rate is 3.26. Status is Normal. Month-on-month increased by 0.41.,Continue routine monitoring.,hospital_kpi_data_v2.csv; kpi_config_v2.csv,Pass,"Anomaly detection for Staff Absenteeism Rate uses a rolling six-month z-score on synthetic monthly data. The baseline is short and may not capture seasonal patterns. Statistical association does not establish causation. Thresholds are illustrative prototype assumptions calibrated to the synthetic dataset, not universal hospital standards."
2025-04-01,WF_STAFF_LEVEL,Staffing Level,Workforce,96.74,Normal,97.15,-0.41,Worsening,92.0,90.0,4.74,None,0,0,1,Rolling six-month z-score,-0.25,Normal,None,Staffing Level Within Normal Range,Staffing Level is 96.74. Status is Normal. Month-on-month decreased by 0.41.,Continue routine monitoring.,hospital_kpi_data_v2.csv; kpi_config_v2.csv,Pass,"Anomaly detection for Staffing Level uses a rolling six-month z-score on synthetic monthly data. The baseline is short and may not capture seasonal patterns. Statistical association does not establish causation. Thresholds are illustrative prototype assumptions calibrated to the synthetic dataset, not universal hospital standards."
2025-05-01,OP_BED_OCCUPANCY,Bed Occupancy Rate,Operations,72.66,Normal,70.35,2.31,Worsening,85.0,90.0,12.34,None,0,0,2,Rolling six-month z-score,1.21,Normal,None,Bed Occupancy Rate Within Normal Range,Bed Occupancy Rate is 72.66. Status is Normal. Month-on-month increased by 2.31. Deterioration has continued for 2 consecutive months.,Continue routine monitoring.,hospital_kpi_data_v2.csv; kpi_config_v2.csv,Pass,"Anomaly detection for Bed Occupancy Rate uses a rolling six-month z-score on synthetic monthly data. The baseline is short and may not capture seasonal patterns. Statistical association does not establish causation. Thresholds are illustrative prototype assumptions calibrated to the synthetic dataset, not universal hospital standards."
2025-05-01,OP_WAIT_TIME,Average Patient Waiting Time,Operations,32.94,Normal,33.1,-0.16,Improving,50.0,60.0,17.06,None,0,0,0,Rolling six-month z-score,-1.57,Moderate Anomaly,Low,Average Patient Waiting Time Shows Statistical Anomaly,Average Patient Waiting Time is 32.94 Minutes. Status is Normal. Month-on-month decreased by 0.16. A moderate statistical anomaly is detected (z-score = -1.57).,Validate unusual movement before intervention.,hospital_kpi_data_v2.csv; kpi_config_v2.csv,Pass,"Anomaly detection for Average Patient Waiting Time uses a rolling six-month z-score on synthetic monthly data. The baseline is short and may not capture seasonal patterns. Statistical association does not establish causation. Thresholds are illustrative prototype assumptions calibrated to the synthetic dataset, not universal hospital standards."
2025-05-01,PX_COMPLAINT_RATE,Patient Complaint Rate,Patient Experience,1.42,Normal,1.44,-0.02,Improving,2.0,2.5,0.58,None,0,0,0,Rolling six-month z-score,0.32,Normal,None,Patient Complaint Rate Within Normal Range,Patient Complaint Rate is 1.42. Status is Normal. Month-on-month decreased by 0.02.,Continue routine monitoring.,hospital_kpi_data_v2.csv; kpi_config_v2.csv,Pass,"Anomaly detection for Patient Complaint Rate uses a rolling six-month z-score on synthetic monthly data. The baseline is short and may not capture seasonal patterns. Statistical association does not establish causation. Thresholds are illustrative prototype assumptions calibrated to the synthetic dataset, not universal hospital standards."
2025-05-01,PX_SATISFACTION,Patient Satisfaction Score,Patient Experience,93.89,Normal,94.21,-0.32,Worsening,75.0,70.0,18.89,None,0,0,1,Rolling six-month z-score,-1.36,Normal,None,Patient Satisfaction Score Within Normal Range,Patient Satisfaction Score is 93.89. Status is Normal. Month-on-month decreased by 0.32.,Continue routine monitoring.,hospital_kpi_data_v2.csv; kpi_config_v2.csv,Pass,"Anomaly detection for Patient Satisfaction Score uses a rolling six-month z-score on synthetic monthly data. The baseline is short and may not capture seasonal patterns. Statistical association does not establish causation. Thresholds are illustrative prototype assumptions calibrated to the synthetic dataset, not universal hospital standards."
2025-05-01,WF_ABSENCE_RATE,Staff Absenteeism Rate,Workforce,3.34,Normal,3.26,0.08,Stable,7.5,9.5,4.16,None,0,0,0,Rolling six-month z-score,0.44,Normal,None,Staff Absenteeism Rate Within Normal Range,Staff Absenteeism Rate is 3.34. Status is Normal. Month-on-month increased by 0.08.,Continue routine monitoring.,hospital_kpi_data_v2.csv; kpi_config_v2.csv,Pass,"Anomaly detection for Staff Absenteeism Rate uses a rolling six-month z-score on synthetic monthly data. The baseline is short and may not capture seasonal patterns. Statistical association does not establish causation. Thresholds are illustrative prototype assumptions calibrated to the synthetic dataset, not universal hospital standards."
2025-05-01,WF_STAFF_LEVEL,Staffing Level,Workforce,96.66,Normal,96.74,-0.08,Stable,92.0,90.0,4.66,None,0,0,0,Rolling six-month z-score,-0.44,Normal,None,Staffing Level Within Normal Range,Staffing Level is 96.66. Status is Normal. Month-on-month decreased by 0.08.,Continue routine monitoring.,hospital_kpi_data_v2.csv; kpi_config_v2.csv,Pass,"Anomaly detection for Staffing Level uses a rolling six-month z-score on synthetic monthly data. The baseline is short and may not capture seasonal patterns. Statistical association does not establish causation. Thresholds are illustrative prototype assumptions calibrated to the synthetic dataset, not universal hospital standards."
2025-06-01,OP_BED_OCCUPANCY,Bed Occupancy Rate,Operations,70.83,Normal,72.66,-1.83,Improving,85.0,90.0,14.17,None,0,0,0,Rolling six-month z-score,0.68,Normal,None,Bed Occupancy Rate Within Normal Range,Bed Occupancy Rate is 70.83. Status is Normal. Month-on-month decreased by 1.83.,Continue routine monitoring.,hospital_kpi_data_v2.csv; kpi_config_v2.csv,Pass,"Anomaly detection for Bed Occupancy Rate uses a rolling six-month z-score on synthetic monthly data. The baseline is short and may not capture seasonal patterns. Statistical association does not establish causation. Thresholds are illustrative prototype assumptions calibrated to the synthetic dataset, not universal hospital standards."
2025-06-01,OP_WAIT_TIME,Average Patient Waiting Time,Operations,33.09,Normal,32.94,0.15,Worsening,50.0,60.0,16.91,None,0,0,1,Rolling six-month z-score,1.16,Normal,None,Average Patient Waiting Time Within Normal Range,Average Patient Waiting Time is 33.09 Minutes. Status is Normal. Month-on-month increased by 0.15.,Continue routine monitoring.,hospital_kpi_data_v2.csv; kpi_config_v2.csv,Pass,"Anomaly detection for Average Patient Waiting Time uses a rolling six-month z-score on synthetic monthly data. The baseline is short and may not capture seasonal patterns. Statistical association does not establish causation. Thresholds are illustrative prototype assumptions calibrated to the synthetic dataset, not universal hospital standards."
2025-06-01,PX_COMPLAINT_RATE,Patient Complaint Rate,Patient Experience,1.01,Normal,1.42,-0.41,Improving,2.0,2.5,0.99,None,0,0,0,Rolling six-month z-score,-1.4,Normal,None,Patient Complaint Rate Within Normal Range,Patient Complaint Rate is 1.01. Status is Normal. Month-on-month decreased by 0.41.,Continue routine monitoring.,hospital_kpi_data_v2.csv; kpi_config_v2.csv,Pass,"Anomaly detection for Patient Complaint Rate uses a rolling six-month z-score on synthetic monthly data. The baseline is short and may not capture seasonal patterns. Statistical association does not establish causation. Thresholds are illustrative prototype assumptions calibrated to the synthetic dataset, not universal hospital standards."
2025-06-01,PX_SATISFACTION,Patient Satisfaction Score,Patient Experience,93.74,Normal,93.89,-0.15,Worsening,75.0,70.0,18.74,None,0,0,2,Rolling six-month z-score,-1.38,Normal,None,Patient Satisfaction Score Within Normal Range,Patient Satisfaction Score is 93.74. Status is Normal. Month-on-month decreased by 0.15. Deterioration has continued for 2 consecutive months.,Continue routine monitoring.,hospital_kpi_data_v2.csv; kpi_config_v2.csv,Pass,"Anomaly detection for Patient Satisfaction Score uses a rolling six-month z-score on synthetic monthly data. The baseline is short and may not capture seasonal patterns. Statistical association does not establish causation. Thresholds are illustrative prototype assumptions calibrated to the synthetic dataset, not universal hospital standards."
2025-06-01,WF_ABSENCE_RATE,Staff Absenteeism Rate,Workforce,3.26,Normal,3.34,-0.08,Stable,7.5,9.5,4.24,None,0,0,0,Rolling six-month z-score,0.07,Normal,None,Staff Absenteeism Rate Within Normal Range,Staff Absenteeism Rate is 3.26. Status is Normal. Month-on-month decreased by 0.08.,Continue routine monitoring.,hospital_kpi_data_v2.csv; kpi_config_v2.csv,Pass,"Anomaly detection for Staff Absenteeism Rate uses a rolling six-month z-score on synthetic monthly data. The baseline is short and may not capture seasonal patterns. Statistical association does not establish causation. Thresholds are illustrative prototype assumptions calibrated to the synthetic dataset, not universal hospital standards."
2025-06-01,WF_STAFF_LEVEL,Staffing Level,Workforce,96.74,Normal,96.66,0.08,Stable,92.0,90.0,4.74,None,0,0,0,Rolling six-month z-score,-0.07,Normal,None,Staffing Level Within Normal Range,Staffing Level is 96.74. Status is Normal. Month-on-month increased by 0.08.,Continue routine monitoring.,hospital_kpi_data_v2.csv; kpi_config_v2.csv,Pass,"Anomaly detection for Staffing Level uses a rolling six-month z-score on synthetic monthly data. The baseline is short and may not capture seasonal patterns. Statistical association does not establish causation. Thresholds are illustrative prototype assumptions calibrated to the synthetic dataset, not universal hospital standards."
2025-07-01,OP_BED_OCCUPANCY,Bed Occupancy Rate,Operations,65.0,Normal,70.83,-5.83,Improving,85.0,90.0,20.0,None,0,0,0,Rolling six-month z-score,-0.62,Normal,None,Bed Occupancy Rate Within Normal Range,Bed Occupancy Rate is 65.0. Status is Normal. Month-on-month decreased by 5.83.,Continue routine monitoring.,hospital_kpi_data_v2.csv; kpi_config_v2.csv,Pass,"Anomaly detection for Bed Occupancy Rate uses a rolling six-month z-score on synthetic monthly data. The baseline is short and may not capture seasonal patterns. Statistical association does not establish causation. Thresholds are illustrative prototype assumptions calibrated to the synthetic dataset, not universal hospital standards."
2025-07-01,OP_WAIT_TIME,Average Patient Waiting Time,Operations,33.01,Normal,33.09,-0.08,Stable,50.0,60.0,16.99,None,0,0,0,Rolling six-month z-score,-0.63,Normal,None,Average Patient Waiting Time Within Normal Range,Average Patient Waiting Time is 33.01 Minutes. Status is Normal. Month-on-month decreased by 0.08.,Continue routine monitoring.,hospital_kpi_data_v2.csv; kpi_config_v2.csv,Pass,"Anomaly detection for Average Patient Waiting Time uses a rolling six-month z-score on synthetic monthly data. The baseline is short and may not capture seasonal patterns. Statistical association does not establish causation. Thresholds are illustrative prototype assumptions calibrated to the synthetic dataset, not universal hospital standards."
2025-07-01,PX_COMPLAINT_RATE,Patient Complaint Rate,Patient Experience,1.45,Normal,1.01,0.44,Worsening,2.0,2.5,0.55,None,0,0,1,Rolling six-month z-score,0.7,Normal,None,Patient Complaint Rate Within Normal Range,Patient Complaint Rate is 1.45. Status is Normal. Month-on-month increased by 0.44.,Continue routine monitoring.,hospital_kpi_data_v2.csv; kpi_config_v2.csv,Pass,"Anomaly detection for Patient Complaint Rate uses a rolling six-month z-score on synthetic monthly data. The baseline is short and may not capture seasonal patterns. Statistical association does not establish causation. Thresholds are illustrative prototype assumptions calibrated to the synthetic dataset, not universal hospital standards."
2025-07-01,PX_SATISFACTION,Patient Satisfaction Score,Patient Experience,93.85,Normal,93.74,0.11,Improving,75.0,70.0,18.85,None,0,0,0,Rolling six-month z-score,-0.72,Normal,None,Patient Satisfaction Score Within Normal Range,Patient Satisfaction Score is 93.85. Status is Normal. Month-on-month increased by 0.11.,Continue routine monitoring.,hospital_kpi_data_v2.csv; kpi_config_v2.csv,Pass,"Anomaly detection for Patient Satisfaction Score uses a rolling six-month z-score on synthetic monthly data. The baseline is short and may not capture seasonal patterns. Statistical association does not establish causation. Thresholds are illustrative prototype assumptions calibrated to the synthetic dataset, not universal hospital standards."
2025-07-01,WF_ABSENCE_RATE,Staff Absenteeism Rate,Workforce,3.4,Normal,3.26,0.14,Worsening,7.5,9.5,4.1,None,0,0,1,Rolling six-month z-score,1.04,Normal,None,Staff Absenteeism Rate Within Normal Range,Staff Absenteeism Rate is 3.4. Status is Normal. Month-on-month increased by 0.14.,Continue routine monitoring.,hospital_kpi_data_v2.csv; kpi_config_v2.csv,Pass,"Anomaly detection for Staff Absenteeism Rate uses a rolling six-month z-score on synthetic monthly data. The baseline is short and may not capture seasonal patterns. Statistical association does not establish causation. Thresholds are illustrative prototype assumptions calibrated to the synthetic dataset, not universal hospital standards."
2025-07-01,WF_STAFF_LEVEL,Staffing Level,Workforce,96.6,Normal,96.74,-0.14,Worsening,92.0,90.0,4.6,None,0,0,1,Rolling six-month z-score,-1.04,Normal,None,Staffing Level Within Normal Range,Staffing Level is 96.6. Status is Normal. Month-on-month decreased by 0.14.,Continue routine monitoring.,hospital_kpi_data_v2.csv; kpi_config_v2.csv,Pass,"Anomaly detection for Staffing Level uses a rolling six-month z-score on synthetic monthly data. The baseline is short and may not capture seasonal patterns. Statistical association does not establish causation. Thresholds are illustrative prototype assumptions calibrated to the synthetic dataset, not universal hospital standards."
2025-08-01,OP_BED_OCCUPANCY,Bed Occupancy Rate,Operations,69.16,Normal,65.0,4.16,Worsening,85.0,90.0,15.84,None,0,0,1,Rolling six-month z-score,0.44,Normal,None,Bed Occupancy Rate Within Normal Range,Bed Occupancy Rate is 69.16. Status is Normal. Month-on-month increased by 4.16.,Continue routine monitoring.,hospital_kpi_data_v2.csv; kpi_config_v2.csv,Pass,"Anomaly detection for Bed Occupancy Rate uses a rolling six-month z-score on synthetic monthly data. The baseline is short and may not capture seasonal patterns. Statistical association does not establish causation. Thresholds are illustrative prototype assumptions calibrated to the synthetic dataset, not universal hospital standards."
2025-08-01,OP_WAIT_TIME,Average Patient Waiting Time,Operations,32.91,Normal,33.01,-0.1,Improving,50.0,60.0,17.09,None,0,0,0,Rolling six-month z-score,-2.33,Strong Anomaly,Low,Average Patient Waiting Time Shows Statistical Anomaly,Average Patient Waiting Time is 32.91 Minutes. Status is Normal. Month-on-month decreased by 0.10. A strong statistical anomaly is detected (z-score = -2.33).,Validate unusual movement before intervention.,hospital_kpi_data_v2.csv; kpi_config_v2.csv,Pass,"Anomaly detection for Average Patient Waiting Time uses a rolling six-month z-score on synthetic monthly data. The baseline is short and may not capture seasonal patterns. Statistical association does not establish causation. Thresholds are illustrative prototype assumptions calibrated to the synthetic dataset, not universal hospital standards."
2025-08-01,PX_COMPLAINT_RATE,Patient Complaint Rate,Patient Experience,1.3,Normal,1.45,-0.15,Improving,2.0,2.5,0.7,None,0,0,0,Rolling six-month z-score,-0.46,Normal,None,Patient Complaint Rate Within Normal Range,Patient Complaint Rate is 1.3. Status is Normal. Month-on-month decreased by 0.15.,Continue routine monitoring.,hospital_kpi_data_v2.csv; kpi_config_v2.csv,Pass,"Anomaly detection for Patient Complaint Rate uses a rolling six-month z-score on synthetic monthly data. The baseline is short and may not capture seasonal patterns. Statistical association does not establish causation. Thresholds are illustrative prototype assumptions calibrated to the synthetic dataset, not universal hospital standards."
2025-08-01,PX_SATISFACTION,Patient Satisfaction Score,Patient Experience,94.48,Normal,93.85,0.63,Improving,75.0,70.0,19.48,None,0,0,0,Rolling six-month z-score,3.04,Strong Anomaly,Low,Patient Satisfaction Score Shows Statistical Anomaly,Patient Satisfaction Score is 94.48. Status is Normal. Month-on-month increased by 0.63. A strong statistical anomaly is detected (z-score = 3.04).,Validate unusual movement before intervention.,hospital_kpi_data_v2.csv; kpi_config_v2.csv,Pass,"Anomaly detection for Patient Satisfaction Score uses a rolling six-month z-score on synthetic monthly data. The baseline is short and may not capture seasonal patterns. Statistical association does not establish causation. Thresholds are illustrative prototype assumptions calibrated to the synthetic dataset, not universal hospital standards."
2025-08-01,WF_ABSENCE_RATE,Staff Absenteeism Rate,Workforce,3.13,Normal,3.4,-0.27,Improving,7.5,9.5,4.37,None,0,0,0,Rolling six-month z-score,-0.49,Normal,None,Staff Absenteeism Rate Within Normal Range,Staff Absenteeism Rate is 3.13. Status is Normal. Month-on-month decreased by 0.27.,Continue routine monitoring.,hospital_kpi_data_v2.csv; kpi_config_v2.csv,Pass,"Anomaly detection for Staff Absenteeism Rate uses a rolling six-month z-score on synthetic monthly data. The baseline is short and may not capture seasonal patterns. Statistical association does not establish causation. Thresholds are illustrative prototype assumptions calibrated to the synthetic dataset, not universal hospital standards."
2025-08-01,WF_STAFF_LEVEL,Staffing Level,Workforce,96.87,Normal,96.6,0.27,Improving,92.0,90.0,4.87,None,0,0,0,Rolling six-month z-score,0.49,Normal,None,Staffing Level Within Normal Range,Staffing Level is 96.87. Status is Normal. Month-on-month increased by 0.27.,Continue routine monitoring.,hospital_kpi_data_v2.csv; kpi_config_v2.csv,Pass,"Anomaly detection for Staffing Level uses a rolling six-month z-score on synthetic monthly data. The baseline is short and may not capture seasonal patterns. Statistical association does not establish causation. Thresholds are illustrative prototype assumptions calibrated to the synthetic dataset, not universal hospital standards."
2025-09-01,OP_BED_OCCUPANCY,Bed Occupancy Rate,Operations,74.57,Normal,69.16,5.41,Worsening,85.0,90.0,10.43,None,0,0,2,Rolling six-month z-score,1.62,Moderate Anomaly,Low,Bed Occupancy Rate Shows Statistical Anomaly,Bed Occupancy Rate is 74.57. Status is Normal. Month-on-month increased by 5.41. A moderate statistical anomaly is detected (z-score = 1.62). Deterioration has continued for 2 consecutive months.,Continue routine monitoring.,hospital_kpi_data_v2.csv; kpi_config_v2.csv,Pass,"Anomaly detection for Bed Occupancy Rate uses a rolling six-month z-score on synthetic monthly data. The baseline is short and may not capture seasonal patterns. Statistical association does not establish causation. Thresholds are illustrative prototype assumptions calibrated to the synthetic dataset, not universal hospital standards."
2025-09-01,OP_WAIT_TIME,Average Patient Waiting Time,Operations,33.05,Normal,32.91,0.14,Worsening,50.0,60.0,16.95,None,0,0,1,Rolling six-month z-score,0.44,Normal,None,Average Patient Waiting Time Within Normal Range,Average Patient Waiting Time is 33.05 Minutes. Status is Normal. Month-on-month increased by 0.14.,Continue routine monitoring.,hospital_kpi_data_v2.csv; kpi_config_v2.csv,Pass,"Anomaly detection for Average Patient Waiting Time uses a rolling six-month z-score on synthetic monthly data. The baseline is short and may not capture seasonal patterns. Statistical association does not establish causation. Thresholds are illustrative prototype assumptions calibrated to the synthetic dataset, not universal hospital standards."
2025-09-01,PX_COMPLAINT_RATE,Patient Complaint Rate,Patient Experience,1.13,Normal,1.3,-0.17,Improving,2.0,2.5,0.87,None,0,0,0,Rolling six-month z-score,-1.36,Normal,None,Patient Complaint Rate Within Normal Range,Patient Complaint Rate is 1.13. Status is Normal. Month-on-month decreased by 0.17.,Continue routine monitoring.,hospital_kpi_data_v2.csv; kpi_config_v2.csv,Pass,"Anomaly detection for Patient Complaint Rate uses a rolling six-month z-score on synthetic monthly data. The baseline is short and may not capture seasonal patterns. Statistical association does not establish causation. Thresholds are illustrative prototype assumptions calibrated to the synthetic dataset, not universal hospital standards."
2025-09-01,PX_SATISFACTION,Patient Satisfaction Score,Patient Experience,94.34,Normal,94.48,-0.14,Worsening,75.0,70.0,19.34,None,0,0,1,Rolling six-month z-score,1.3,Normal,None,Patient Satisfaction Score Within Normal Range,Patient Satisfaction Score is 94.34. Status is Normal. Month-on-month decreased by 0.14.,Continue routine monitoring.,hospital_kpi_data_v2.csv; kpi_config_v2.csv,Pass,"Anomaly detection for Patient Satisfaction Score uses a rolling six-month z-score on synthetic monthly data. The baseline is short and may not capture seasonal patterns. Statistical association does not establish causation. Thresholds are illustrative prototype assumptions calibrated to the synthetic dataset, not universal hospital standards."
2025-09-01,WF_ABSENCE_RATE,Staff Absenteeism Rate,Workforce,3.29,Normal,3.13,0.16,Worsening,7.5,9.5,4.21,None,0,0,1,Rolling six-month z-score,0.46,Normal,None,Staff Absenteeism Rate Within Normal Range,Staff Absenteeism Rate is 3.29. Status is Normal. Month-on-month increased by 0.16.,Continue routine monitoring.,hospital_kpi_data_v2.csv; kpi_config_v2.csv,Pass,"Anomaly detection for Staff Absenteeism Rate uses a rolling six-month z-score on synthetic monthly data. The baseline is short and may not capture seasonal patterns. Statistical association does not establish causation. Thresholds are illustrative prototype assumptions calibrated to the synthetic dataset, not universal hospital standards."
2025-09-01,WF_STAFF_LEVEL,Staffing Level,Workforce,96.71,Normal,96.87,-0.16,Worsening,92.0,90.0,4.71,None,0,0,1,Rolling six-month z-score,-0.46,Normal,None,Staffing Level Within Normal Range,Staffing Level is 96.71. Status is Normal. Month-on-month decreased by 0.16.,Continue routine monitoring.,hospital_kpi_data_v2.csv; kpi_config_v2.csv,Pass,"Anomaly detection for Staffing Level uses a rolling six-month z-score on synthetic monthly data. The baseline is short and may not capture seasonal patterns. Statistical association does not establish causation. Thresholds are illustrative prototype assumptions calibrated to the synthetic dataset, not universal hospital standards."
2025-10-01,OP_BED_OCCUPANCY,Bed Occupancy Rate,Operations,77.58,Normal,74.57,3.01,Worsening,85.0,90.0,7.42,None,0,0,3,Rolling six-month z-score,2.4,Strong Anomaly,Low,Bed Occupancy Rate Shows Strong Negative Anomaly,Bed Occupancy Rate is 77.58. Status is Normal. Month-on-month increased by 3.01. A strong statistical anomaly is detected (z-score = 2.4). Deterioration has continued for 3 consecutive months.,Continue routine monitoring.,hospital_kpi_data_v2.csv; kpi_config_v2.csv,Pass,"Anomaly detection for Bed Occupancy Rate uses a rolling six-month z-score on synthetic monthly data. The baseline is short and may not capture seasonal patterns. Statistical association does not establish causation. Thresholds are illustrative prototype assumptions calibrated to the synthetic dataset, not universal hospital standards."
2025-10-01,OP_WAIT_TIME,Average Patient Waiting Time,Operations,38.03,Normal,33.05,4.98,Worsening,50.0,60.0,11.97,None,0,0,2,Rolling six-month z-score,70.05,Strong Anomaly,Low,Average Patient Waiting Time Shows Strong Negative Anomaly,Average Patient Waiting Time is 38.03 Minutes. Status is Normal. Month-on-month increased by 4.98. A strong statistical anomaly is detected (z-score = 70.05). Deterioration has continued for 2 consecutive months.,Continue routine monitoring.,hospital_kpi_data_v2.csv; kpi_config_v2.csv,Pass,"Anomaly detection for Average Patient Waiting Time uses a rolling six-month z-score on synthetic monthly data. The baseline is short and may not capture seasonal patterns. Statistical association does not establish causation. Thresholds are illustrative prototype assumptions calibrated to the synthetic dataset, not universal hospital standards."
2025-10-01,PX_COMPLAINT_RATE,Patient Complaint Rate,Patient Experience,1.1,Normal,1.13,-0.03,Improving,2.0,2.5,0.9,None,0,0,0,Rolling six-month z-score,-1.14,Normal,None,Patient Complaint Rate Within Normal Range,Patient Complaint Rate is 1.1. Status is Normal. Month-on-month decreased by 0.03.,Continue routine monitoring.,hospital_kpi_data_v2.csv; kpi_config_v2.csv,Pass,"Anomaly detection for Patient Complaint Rate uses a rolling six-month z-score on synthetic monthly data. The baseline is short and may not capture seasonal patterns. Statistical association does not establish causation. Thresholds are illustrative prototype assumptions calibrated to the synthetic dataset, not universal hospital standards."
2025-10-01,PX_SATISFACTION,Patient Satisfaction Score,Patient Experience,90.32,Normal,94.34,-4.02,Worsening,75.0,70.0,15.32,None,0,0,2,Rolling six-month z-score,-13.76,Strong Anomaly,Low,Patient Satisfaction Score Shows Strong Negative Anomaly,Patient Satisfaction Score is 90.32. Status is Normal. Month-on-month decreased by 4.02. A strong statistical anomaly is detected (z-score = -13.76). Deterioration has continued for 2 consecutive months.,Continue routine monitoring.,hospital_kpi_data_v2.csv; kpi_config_v2.csv,Pass,"Anomaly detection for Patient Satisfaction Score uses a rolling six-month z-score on synthetic monthly data. The baseline is short and may not capture seasonal patterns. Statistical association does not establish causation. Thresholds are illustrative prototype assumptions calibrated to the synthetic dataset, not universal hospital standards."
2025-10-01,WF_ABSENCE_RATE,Staff Absenteeism Rate,Workforce,4.12,Normal,3.29,0.83,Worsening,7.5,9.5,3.38,None,0,0,2,Rolling six-month z-score,10.11,Strong Anomaly,Low,Staff Absenteeism Rate Shows Strong Negative Anomaly,Staff Absenteeism Rate is 4.12. Status is Normal. Month-on-month increased by 0.83. A strong statistical anomaly is detected (z-score = 10.11). Deterioration has continued for 2 consecutive months.,Continue routine monitoring.,hospital_kpi_data_v2.csv; kpi_config_v2.csv,Pass,"Anomaly detection for Staff Absenteeism Rate uses a rolling six-month z-score on synthetic monthly data. The baseline is short and may not capture seasonal patterns. Statistical association does not establish causation. Thresholds are illustrative prototype assumptions calibrated to the synthetic dataset, not universal hospital standards."
2025-10-01,WF_STAFF_LEVEL,Staffing Level,Workforce,95.88,Normal,96.71,-0.83,Worsening,92.0,90.0,3.88,None,0,0,2,Rolling six-month z-score,-10.11,Strong Anomaly,Low,Staffing Level Shows Strong Negative Anomaly,Staffing Level is 95.88. Status is Normal. Month-on-month decreased by 0.83. A strong statistical anomaly is detected (z-score = -10.11). Deterioration has continued for 2 consecutive months.,Continue routine monitoring.,hospital_kpi_data_v2.csv; kpi_config_v2.csv,Pass,"Anomaly detection for Staffing Level uses a rolling six-month z-score on synthetic monthly data. The baseline is short and may not capture seasonal patterns. Statistical association does not establish causation. Thresholds are illustrative prototype assumptions calibrated to the synthetic dataset, not universal hospital standards."
2025-11-01,OP_BED_OCCUPANCY,Bed Occupancy Rate,Operations,79.39,Normal,77.58,1.81,Worsening,85.0,90.0,5.61,None,0,0,4,Rolling six-month z-score,1.94,Moderate Anomaly,Low,Bed Occupancy Rate Shows Statistical Anomaly,Bed Occupancy Rate is 79.39. Status is Normal. Month-on-month increased by 1.81. A moderate statistical anomaly is detected (z-score = 1.94). Deterioration has continued for 4 consecutive months.,Continue routine monitoring.,hospital_kpi_data_v2.csv; kpi_config_v2.csv,Pass,"Anomaly detection for Bed Occupancy Rate uses a rolling six-month z-score on synthetic monthly data. The baseline is short and may not capture seasonal patterns. Statistical association does not establish causation. Thresholds are illustrative prototype assumptions calibrated to the synthetic dataset, not universal hospital standards."
2025-11-01,OP_WAIT_TIME,Average Patient Waiting Time,Operations,37.93,Normal,38.03,-0.1,Improving,50.0,60.0,12.07,None,0,0,0,Rolling six-month z-score,2.18,Strong Anomaly,Low,Average Patient Waiting Time Shows Statistical Anomaly,Average Patient Waiting Time is 37.93 Minutes. Status is Normal. Month-on-month decreased by 0.10. A strong statistical anomaly is detected (z-score = 2.18).,Validate unusual movement before intervention.,hospital_kpi_data_v2.csv; kpi_config_v2.csv,Pass,"Anomaly detection for Average Patient Waiting Time uses a rolling six-month z-score on synthetic monthly data. The baseline is short and may not capture seasonal patterns. Statistical association does not establish causation. Thresholds are illustrative prototype assumptions calibrated to the synthetic dataset, not universal hospital standards."
2025-11-01,PX_COMPLAINT_RATE,Patient Complaint Rate,Patient Experience,1.49,Normal,1.1,0.39,Worsening,2.0,2.5,0.51,None,0,0,1,Rolling six-month z-score,1.54,Moderate Anomaly,Low,Patient Complaint Rate Shows Statistical Anomaly,Patient Complaint Rate is 1.49. Status is Normal. Month-on-month increased by 0.39. A moderate statistical anomaly is detected (z-score = 1.54).,Continue routine monitoring.,hospital_kpi_data_v2.csv; kpi_config_v2.csv,Pass,"Anomaly detection for Patient Complaint Rate uses a rolling six-month z-score on synthetic monthly data. The baseline is short and may not capture seasonal patterns. Statistical association does not establish causation. Thresholds are illustrative prototype assumptions calibrated to the synthetic dataset, not universal hospital standards."
2025-11-01,PX_SATISFACTION,Patient Satisfaction Score,Patient Experience,90.17,Normal,90.32,-0.15,Worsening,75.0,70.0,15.17,None,0,0,3,Rolling six-month z-score,-2.3,Strong Anomaly,Low,Patient Satisfaction Score Shows Strong Negative Anomaly,Patient Satisfaction Score is 90.17. Status is Normal. Month-on-month decreased by 0.15. A strong statistical anomaly is detected (z-score = -2.3). Deterioration has continued for 3 consecutive months.,Continue routine monitoring.,hospital_kpi_data_v2.csv; kpi_config_v2.csv,Pass,"Anomaly detection for Patient Satisfaction Score uses a rolling six-month z-score on synthetic monthly data. The baseline is short and may not capture seasonal patterns. Statistical association does not establish causation. Thresholds are illustrative prototype assumptions calibrated to the synthetic dataset, not universal hospital standards."
2025-11-01,WF_ABSENCE_RATE,Staff Absenteeism Rate,Workforce,4.5,Normal,4.12,0.38,Worsening,7.5,9.5,3.0,None,0,0,3,Rolling six-month z-score,3.34,Strong Anomaly,Low,Staff Absenteeism Rate Shows Strong Negative Anomaly,Staff Absenteeism Rate is 4.5. Status is Normal. Month-on-month increased by 0.38. A strong statistical anomaly is detected (z-score = 3.34). Deterioration has continued for 3 consecutive months.,Continue routine monitoring.,hospital_kpi_data_v2.csv; kpi_config_v2.csv,Pass,"Anomaly detection for Staff Absenteeism Rate uses a rolling six-month z-score on synthetic monthly data. The baseline is short and may not capture seasonal patterns. Statistical association does not establish causation. Thresholds are illustrative prototype assumptions calibrated to the synthetic dataset, not universal hospital standards."
2025-11-01,WF_STAFF_LEVEL,Staffing Level,Workforce,95.5,Normal,95.88,-0.38,Worsening,92.0,90.0,3.5,None,0,0,3,Rolling six-month z-score,-3.34,Strong Anomaly,Low,Staffing Level Shows Strong Negative Anomaly,Staffing Level is 95.5. Status is Normal. Month-on-month decreased by 0.38. A strong statistical anomaly is detected (z-score = -3.34). Deterioration has continued for 3 consecutive months.,Continue routine monitoring.,hospital_kpi_data_v2.csv; kpi_config_v2.csv,Pass,"Anomaly detection for Staffing Level uses a rolling six-month z-score on synthetic monthly data. The baseline is short and may not capture seasonal patterns. Statistical association does not establish causation. Thresholds are illustrative prototype assumptions calibrated to the synthetic dataset, not universal hospital standards."
2025-12-01,OP_BED_OCCUPANCY,Bed Occupancy Rate,Operations,78.67,Normal,79.39,-0.72,Improving,85.0,90.0,6.33,None,0,0,0,Rolling six-month z-score,1.19,Normal,None,Bed Occupancy Rate Within Normal Range,Bed Occupancy Rate is 78.67. Status is Normal. Month-on-month decreased by 0.72.,Continue routine monitoring.,hospital_kpi_data_v2.csv; kpi_config_v2.csv,Pass,"Anomaly detection for Bed Occupancy Rate uses a rolling six-month z-score on synthetic monthly data. The baseline is short and may not capture seasonal patterns. Statistical association does not establish causation. Thresholds are illustrative prototype assumptions calibrated to the synthetic dataset, not universal hospital standards."
2025-12-01,OP_WAIT_TIME,Average Patient Waiting Time,Operations,38.06,Normal,37.93,0.13,Worsening,50.0,60.0,11.94,None,0,0,1,Rolling six-month z-score,1.45,Normal,None,Average Patient Waiting Time Within Normal Range,Average Patient Waiting Time is 38.06 Minutes. Status is Normal. Month-on-month increased by 0.13.,Continue routine monitoring.,hospital_kpi_data_v2.csv; kpi_config_v2.csv,Pass,"Anomaly detection for Average Patient Waiting Time uses a rolling six-month z-score on synthetic monthly data. The baseline is short and may not capture seasonal patterns. Statistical association does not establish causation. Thresholds are illustrative prototype assumptions calibrated to the synthetic dataset, not universal hospital standards."
2025-12-01,PX_COMPLAINT_RATE,Patient Complaint Rate,Patient Experience,1.49,Normal,1.49,0.0,Stable,2.0,2.5,0.51,None,0,0,0,Rolling six-month z-score,1.35,Normal,None,Patient Complaint Rate Within Normal Range,Patient Complaint Rate is 1.49. Status is Normal. Month-on-month decreased by 0.00.,Continue routine monitoring.,hospital_kpi_data_v2.csv; kpi_config_v2.csv,Pass,"Anomaly detection for Patient Complaint Rate uses a rolling six-month z-score on synthetic monthly data. The baseline is short and may not capture seasonal patterns. Statistical association does not establish causation. Thresholds are illustrative prototype assumptions calibrated to the synthetic dataset, not universal hospital standards."
2025-12-01,PX_SATISFACTION,Patient Satisfaction Score,Patient Experience,89.84,Normal,90.17,-0.33,Worsening,75.0,70.0,14.84,None,0,0,4,Rolling six-month z-score,-1.62,Moderate Anomaly,Low,Patient Satisfaction Score Shows Statistical Anomaly,Patient Satisfaction Score is 89.84. Status is Normal. Month-on-month decreased by 0.33. A moderate statistical anomaly is detected (z-score = -1.62). Deterioration has continued for 4 consecutive months.,Continue routine monitoring.,hospital_kpi_data_v2.csv; kpi_config_v2.csv,Pass,"Anomaly detection for Patient Satisfaction Score uses a rolling six-month z-score on synthetic monthly data. The baseline is short and may not capture seasonal patterns. Statistical association does not establish causation. Thresholds are illustrative prototype assumptions calibrated to the synthetic dataset, not universal hospital standards."
2025-12-01,WF_ABSENCE_RATE,Staff Absenteeism Rate,Workforce,4.81,Normal,4.5,0.31,Worsening,7.5,9.5,2.69,None,0,0,4,Rolling six-month z-score,2.35,Strong Anomaly,Low,Staff Absenteeism Rate Shows Strong Negative Anomaly,Staff Absenteeism Rate is 4.81. Status is Normal. Month-on-month increased by 0.31. A strong statistical anomaly is detected (z-score = 2.35). Deterioration has continued for 4 consecutive months.,Continue routine monitoring.,hospital_kpi_data_v2.csv; kpi_config_v2.csv,Pass,"Anomaly detection for Staff Absenteeism Rate uses a rolling six-month z-score on synthetic monthly data. The baseline is short and may not capture seasonal patterns. Statistical association does not establish causation. Thresholds are illustrative prototype assumptions calibrated to the synthetic dataset, not universal hospital standards."
2025-12-01,WF_STAFF_LEVEL,Staffing Level,Workforce,95.19,Normal,95.5,-0.31,Worsening,92.0,90.0,3.19,None,0,0,4,Rolling six-month z-score,-2.35,Strong Anomaly,Low,Staffing Level Shows Strong Negative Anomaly,Staffing Level is 95.19. Status is Normal. Month-on-month decreased by 0.31. A strong statistical anomaly is detected (z-score = -2.35). Deterioration has continued for 4 consecutive months.,Continue routine monitoring.,hospital_kpi_data_v2.csv; kpi_config_v2.csv,Pass,"Anomaly detection for Staffing Level uses a rolling six-month z-score on synthetic monthly data. The baseline is short and may not capture seasonal patterns. Statistical association does not establish causation. Thresholds are illustrative prototype assumptions calibrated to the synthetic dataset, not universal hospital standards."
2026-01-01,OP_BED_OCCUPANCY,Bed Occupancy Rate,Operations,81.83,Normal,78.67,3.16,Worsening,85.0,90.0,3.17,None,0,0,1,Rolling six-month z-score,1.47,Normal,None,Bed Occupancy Rate Within Normal Range,Bed Occupancy Rate is 81.83. Status is Normal. Month-on-month increased by 3.16.,Continue routine monitoring.,hospital_kpi_data_v2.csv; kpi_config_v2.csv,Pass,"Anomaly detection for Bed Occupancy Rate uses a rolling six-month z-score on synthetic monthly data. The baseline is short and may not capture seasonal patterns. Statistical association does not establish causation. Thresholds are illustrative prototype assumptions calibrated to the synthetic dataset, not universal hospital standards."
2026-01-01,OP_WAIT_TIME,Average Patient Waiting Time,Operations,42.08,Normal,38.06,4.02,Worsening,50.0,60.0,7.92,None,0,0,2,Rolling six-month z-score,2.62,Strong Anomaly,Low,Average Patient Waiting Time Shows Strong Negative Anomaly,Average Patient Waiting Time is 42.08 Minutes. Status is Normal. Month-on-month increased by 4.02. A strong statistical anomaly is detected (z-score = 2.62). Deterioration has continued for 2 consecutive months.,Continue routine monitoring.,hospital_kpi_data_v2.csv; kpi_config_v2.csv,Pass,"Anomaly detection for Average Patient Waiting Time uses a rolling six-month z-score on synthetic monthly data. The baseline is short and may not capture seasonal patterns. Statistical association does not establish causation. Thresholds are illustrative prototype assumptions calibrated to the synthetic dataset, not universal hospital standards."
2026-01-01,PX_COMPLAINT_RATE,Patient Complaint Rate,Patient Experience,1.22,Normal,1.49,-0.27,Improving,2.0,2.5,0.78,None,0,0,0,Rolling six-month z-score,-0.65,Normal,None,Patient Complaint Rate Within Normal Range,Patient Complaint Rate is 1.22. Status is Normal. Month-on-month decreased by 0.27.,Continue routine monitoring.,hospital_kpi_data_v2.csv; kpi_config_v2.csv,Pass,"Anomaly detection for Patient Complaint Rate uses a rolling six-month z-score on synthetic monthly data. The baseline is short and may not capture seasonal patterns. Statistical association does not establish causation. Thresholds are illustrative prototype assumptions calibrated to the synthetic dataset, not universal hospital standards."
2026-01-01,PX_SATISFACTION,Patient Satisfaction Score,Patient Experience,84.72,Normal,89.84,-5.12,Worsening,75.0,70.0,9.72,None,0,0,5,Rolling six-month z-score,-3.6,Strong Anomaly,Low,Patient Satisfaction Score Shows Strong Negative Anomaly,Patient Satisfaction Score is 84.72. Status is Normal. Month-on-month decreased by 5.12. A strong statistical anomaly is detected (z-score = -3.6). Deterioration has continued for 5 consecutive months.,Continue routine monitoring.,hospital_kpi_data_v2.csv; kpi_config_v2.csv,Pass,"Anomaly detection for Patient Satisfaction Score uses a rolling six-month z-score on synthetic monthly data. The baseline is short and may not capture seasonal patterns. Statistical association does not establish causation. Thresholds are illustrative prototype assumptions calibrated to the synthetic dataset, not universal hospital standards."
2026-01-01,WF_ABSENCE_RATE,Staff Absenteeism Rate,Workforce,6.43,Normal,4.81,1.62,Worsening,7.5,9.5,1.07,None,0,0,5,Rolling six-month z-score,4.0,Strong Anomaly,Medium,Staff Absenteeism Rate Shows Strong Negative Anomaly,Staff Absenteeism Rate is 6.43. Status is Normal. Month-on-month increased by 1.62. A strong statistical anomaly is detected (z-score = 4.0). Deterioration has continued for 5 consecutive months.,Review workforce availability and absence patterns.,hospital_kpi_data_v2.csv; kpi_config_v2.csv,Pass,"Anomaly detection for Staff Absenteeism Rate uses a rolling six-month z-score on synthetic monthly data. The baseline is short and may not capture seasonal patterns. Statistical association does not establish causation. Thresholds are illustrative prototype assumptions calibrated to the synthetic dataset, not universal hospital standards."
2026-01-01,WF_STAFF_LEVEL,Staffing Level,Workforce,93.57,Normal,95.19,-1.62,Worsening,92.0,90.0,1.57,None,0,0,5,Rolling six-month z-score,-4.0,Strong Anomaly,Medium,Staffing Level Shows Strong Negative Anomaly,Staffing Level is 93.57. Status is Normal. Month-on-month decreased by 1.62. A strong statistical anomaly is detected (z-score = -4.0). Deterioration has continued for 5 consecutive months.,Review workforce availability and absence patterns.,hospital_kpi_data_v2.csv; kpi_config_v2.csv,Pass,"Anomaly detection for Staffing Level uses a rolling six-month z-score on synthetic monthly data. The baseline is short and may not capture seasonal patterns. Statistical association does not establish causation. Thresholds are illustrative prototype assumptions calibrated to the synthetic dataset, not universal hospital standards."
2026-02-01,OP_BED_OCCUPANCY,Bed Occupancy Rate,Operations,81.35,Normal,81.83,-0.48,Improving,85.0,90.0,3.65,None,0,0,0,Rolling six-month z-score,1.1,Normal,None,Bed Occupancy Rate Within Normal Range,Bed Occupancy Rate is 81.35. Status is Normal. Month-on-month decreased by 0.48.,Continue routine monitoring.,hospital_kpi_data_v2.csv; kpi_config_v2.csv,Pass,"Anomaly detection for Bed Occupancy Rate uses a rolling six-month z-score on synthetic monthly data. The baseline is short and may not capture seasonal patterns. Statistical association does not establish causation. Thresholds are illustrative prototype assumptions calibrated to the synthetic dataset, not universal hospital standards."
2026-02-01,OP_WAIT_TIME,Average Patient Waiting Time,Operations,45.4,Normal,42.08,3.32,Worsening,50.0,60.0,4.6,None,0,0,3,Rolling six-month z-score,2.63,Strong Anomaly,Low,Average Patient Waiting Time Shows Strong Negative Anomaly,Average Patient Waiting Time is 45.4 Minutes. Status is Normal. Month-on-month increased by 3.32. A strong statistical anomaly is detected (z-score = 2.63). Deterioration has continued for 3 consecutive months.,Continue routine monitoring.,hospital_kpi_data_v2.csv; kpi_config_v2.csv,Pass,"Anomaly detection for Average Patient Waiting Time uses a rolling six-month z-score on synthetic monthly data. The baseline is short and may not capture seasonal patterns. Statistical association does not establish causation. Thresholds are illustrative prototype assumptions calibrated to the synthetic dataset, not universal hospital standards."
2026-02-01,PX_COMPLAINT_RATE,Patient Complaint Rate,Patient Experience,2.8,Critical,1.22,1.58,Worsening,2.0,2.5,-0.8,Critical,1,1,1,Rolling six-month z-score,9.67,Strong Anomaly,High,Patient Complaint Rate Reached Critical Level,Patient Complaint Rate is 2.8. Status is Critical for the first consecutive month. Month-on-month increased by 1.58. The value is 0.30 beyond the 2.5 critical boundary. A strong statistical anomaly is detected (z-score = 9.67).,Review complaint themes and service bottlenecks.,hospital_kpi_data_v2.csv; kpi_config_v2.csv,Pass,"Anomaly detection for Patient Complaint Rate uses a rolling six-month z-score on synthetic monthly data. The baseline is short and may not capture seasonal patterns. Statistical association does not establish causation. Thresholds are illustrative prototype assumptions calibrated to the synthetic dataset, not universal hospital standards."
2026-02-01,PX_SATISFACTION,Patient Satisfaction Score,Patient Experience,79.38,Normal,84.72,-5.34,Worsening,75.0,70.0,4.38,None,0,0,6,Rolling six-month z-score,-3.44,Strong Anomaly,Low,Patient Satisfaction Score Shows Strong Negative Anomaly,Patient Satisfaction Score is 79.38. Status is Normal. Month-on-month decreased by 5.34. A strong statistical anomaly is detected (z-score = -3.44). Deterioration has continued for 6 consecutive months.,Continue routine monitoring.,hospital_kpi_data_v2.csv; kpi_config_v2.csv,Pass,"Anomaly detection for Patient Satisfaction Score uses a rolling six-month z-score on synthetic monthly data. The baseline is short and may not capture seasonal patterns. Statistical association does not establish causation. Thresholds are illustrative prototype assumptions calibrated to the synthetic dataset, not universal hospital standards."
2026-02-01,WF_ABSENCE_RATE,Staff Absenteeism Rate,Workforce,6.76,Normal,6.43,0.33,Worsening,7.5,9.5,0.74,None,0,0,6,Rolling six-month z-score,2.17,Strong Anomaly,Medium,Staff Absenteeism Rate Shows Strong Negative Anomaly,Staff Absenteeism Rate is 6.76. Status is Normal. Month-on-month increased by 0.33. A strong statistical anomaly is detected (z-score = 2.17). Deterioration has continued for 6 consecutive months.,Review workforce availability and absence patterns.,hospital_kpi_data_v2.csv; kpi_config_v2.csv,Pass,"Anomaly detection for Staff Absenteeism Rate uses a rolling six-month z-score on synthetic monthly data. The baseline is short and may not capture seasonal patterns. Statistical association does not establish causation. Thresholds are illustrative prototype assumptions calibrated to the synthetic dataset, not universal hospital standards."
2026-02-01,WF_STAFF_LEVEL,Staffing Level,Workforce,93.24,Normal,93.57,-0.33,Worsening,92.0,90.0,1.24,None,0,0,6,Rolling six-month z-score,-2.17,Strong Anomaly,Medium,Staffing Level Shows Strong Negative Anomaly,Staffing Level is 93.24. Status is Normal. Month-on-month decreased by 0.33. A strong statistical anomaly is detected (z-score = -2.17). Deterioration has continued for 6 consecutive months.,Review workforce availability and absence patterns.,hospital_kpi_data_v2.csv; kpi_config_v2.csv,Pass,"Anomaly detection for Staffing Level uses a rolling six-month z-score on synthetic monthly data. The baseline is short and may not capture seasonal patterns. Statistical association does not establish causation. Thresholds are illustrative prototype assumptions calibrated to the synthetic dataset, not universal hospital standards."
2026-03-01,OP_BED_OCCUPANCY,Bed Occupancy Rate,Operations,83.24,Normal,81.35,1.89,Worsening,85.0,90.0,1.76,None,0,0,1,Rolling six-month z-score,1.79,Moderate Anomaly,Low,Bed Occupancy Rate Shows Statistical Anomaly,Bed Occupancy Rate is 83.24. Status is Normal. Month-on-month increased by 1.89. A moderate statistical anomaly is detected (z-score = 1.79).,Continue routine monitoring.,hospital_kpi_data_v2.csv; kpi_config_v2.csv,Pass,"Anomaly detection for Bed Occupancy Rate uses a rolling six-month z-score on synthetic monthly data. The baseline is short and may not capture seasonal patterns. Statistical association does not establish causation. Thresholds are illustrative prototype assumptions calibrated to the synthetic dataset, not universal hospital standards."
2026-03-01,OP_WAIT_TIME,Average Patient Waiting Time,Operations,55.16,Warning,45.4,9.76,Worsening,50.0,60.0,-5.16,Warning,1,0,4,Rolling six-month z-score,4.18,Strong Anomaly,High,Average Patient Waiting Time Deteriorating for 4 Consecutive Months,Average Patient Waiting Time is 55.16 Minutes. Status is Warning for the first consecutive month. Month-on-month increased by 9.76. The value is 5.16 beyond the 50.0 warning boundary. A strong statistical anomaly is detected (z-score = 4.18). Deterioration has continued for 4 consecutive months.,Examine queue pressure by service area.,hospital_kpi_data_v2.csv; kpi_config_v2.csv,Pass,"Anomaly detection for Average Patient Waiting Time uses a rolling six-month z-score on synthetic monthly data. The baseline is short and may not capture seasonal patterns. Statistical association does not establish causation. Thresholds are illustrative prototype assumptions calibrated to the synthetic dataset, not universal hospital standards."
2026-03-01,PX_COMPLAINT_RATE,Patient Complaint Rate,Patient Experience,2.35,Warning,2.8,-0.45,Improving,2.0,2.5,-0.35,Warning,2,0,0,Rolling six-month z-score,1.39,Normal,Medium,Patient Complaint Rate Entered Warning Range,Patient Complaint Rate is 2.35. Status is Warning for the second consecutive month. Month-on-month decreased by 0.45. The value is 0.35 beyond the 2.0 warning boundary.,Review complaint themes and service bottlenecks.,hospital_kpi_data_v2.csv; kpi_config_v2.csv,Pass,"Anomaly detection for Patient Complaint Rate uses a rolling six-month z-score on synthetic monthly data. The baseline is short and may not capture seasonal patterns. Statistical association does not establish causation. Thresholds are illustrative prototype assumptions calibrated to the synthetic dataset, not universal hospital standards."
2026-03-01,PX_SATISFACTION,Patient Satisfaction Score,Patient Experience,67.93,Critical,79.38,-11.45,Worsening,75.0,70.0,-7.07,Critical,1,1,7,Rolling six-month z-score,-4.2,Strong Anomaly,High,Patient Satisfaction Score Reached Critical Level,Patient Satisfaction Score is 67.93. Status is Critical for the first consecutive month. Month-on-month decreased by 11.45. The value is 2.07 beyond the 70.0 critical boundary. A strong statistical anomaly is detected (z-score = -4.2). Deterioration has continued for 7 consecutive months.,Review complaint themes and service bottlenecks.,hospital_kpi_data_v2.csv; kpi_config_v2.csv,Pass,"Anomaly detection for Patient Satisfaction Score uses a rolling six-month z-score on synthetic monthly data. The baseline is short and may not capture seasonal patterns. Statistical association does not establish causation. Thresholds are illustrative prototype assumptions calibrated to the synthetic dataset, not universal hospital standards."
2026-03-01,WF_ABSENCE_RATE,Staff Absenteeism Rate,Workforce,9.61,Critical,6.76,2.85,Worsening,7.5,9.5,-2.11,Critical,1,1,7,Rolling six-month z-score,3.75,Strong Anomaly,High,Staff Absenteeism Rate Reached Critical Level,Staff Absenteeism Rate is 9.61. Status is Critical for the first consecutive month. Month-on-month increased by 2.85. The value is 0.11 beyond the 9.5 critical boundary. A strong statistical anomaly is detected (z-score = 3.75). Deterioration has continued for 7 consecutive months.,Review workforce availability and absence patterns.,hospital_kpi_data_v2.csv; kpi_config_v2.csv,Pass,"Anomaly detection for Staff Absenteeism Rate uses a rolling six-month z-score on synthetic monthly data. The baseline is short and may not capture seasonal patterns. Statistical association does not establish causation. Thresholds are illustrative prototype assumptions calibrated to the synthetic dataset, not universal hospital standards."
2026-03-01,WF_STAFF_LEVEL,Staffing Level,Workforce,90.39,Warning,93.24,-2.85,Worsening,92.0,90.0,-1.61,Warning,1,0,7,Rolling six-month z-score,-3.75,Strong Anomaly,High,Staffing Level Deteriorating for 7 Consecutive Months,Staffing Level is 90.39. Status is Warning for the first consecutive month. Month-on-month decreased by 2.85. The value is 1.61 beyond the 92.0 warning boundary. A strong statistical anomaly is detected (z-score = -3.75). Deterioration has continued for 7 consecutive months.,Review workforce availability and absence patterns.,hospital_kpi_data_v2.csv; kpi_config_v2.csv,Pass,"Anomaly detection for Staffing Level uses a rolling six-month z-score on synthetic monthly data. The baseline is short and may not capture seasonal patterns. Statistical association does not establish causation. Thresholds are illustrative prototype assumptions calibrated to the synthetic dataset, not universal hospital standards."
2026-04-01,OP_BED_OCCUPANCY,Bed Occupancy Rate,Operations,84.52,Normal,83.24,1.28,Worsening,85.0,90.0,0.48,None,0,0,2,Rolling six-month z-score,2.14,Strong Anomaly,Low,Bed Occupancy Rate Shows Strong Negative Anomaly,Bed Occupancy Rate is 84.52. Status is Normal. Month-on-month increased by 1.28. A strong statistical anomaly is detected (z-score = 2.14). Deterioration has continued for 2 consecutive months.,Continue routine monitoring.,hospital_kpi_data_v2.csv; kpi_config_v2.csv,Pass,"Anomaly detection for Bed Occupancy Rate uses a rolling six-month z-score on synthetic monthly data. The baseline is short and may not capture seasonal patterns. Statistical association does not establish causation. Thresholds are illustrative prototype assumptions calibrated to the synthetic dataset, not universal hospital standards."
2026-04-01,OP_WAIT_TIME,Average Patient Waiting Time,Operations,55.52,Warning,55.16,0.36,Worsening,50.0,60.0,-5.52,Warning,2,0,5,Rolling six-month z-score,2.06,Strong Anomaly,High,Average Patient Waiting Time Deteriorating for 5 Consecutive Months,Average Patient Waiting Time is 55.52 Minutes. Status is Warning for the second consecutive month. Month-on-month increased by 0.36. The value is 5.52 beyond the 50.0 warning boundary. A strong statistical anomaly is detected (z-score = 2.06). Deterioration has continued for 5 consecutive months.,Examine queue pressure by service area.,hospital_kpi_data_v2.csv; kpi_config_v2.csv,Pass,"Anomaly detection for Average Patient Waiting Time uses a rolling six-month z-score on synthetic monthly data. The baseline is short and may not capture seasonal patterns. Statistical association does not establish causation. Thresholds are illustrative prototype assumptions calibrated to the synthetic dataset, not universal hospital standards."
2026-04-01,PX_COMPLAINT_RATE,Patient Complaint Rate,Patient Experience,2.02,Warning,2.35,-0.33,Improving,2.0,2.5,-0.02,Warning,3,0,0,Rolling six-month z-score,0.45,Normal,Medium,Patient Complaint Rate Entered Warning Range,Patient Complaint Rate is 2.02. Status is Warning for the third consecutive month. Month-on-month decreased by 0.33. The value is 0.02 beyond the 2.0 warning boundary.,Review complaint themes and service bottlenecks.,hospital_kpi_data_v2.csv; kpi_config_v2.csv,Pass,"Anomaly detection for Patient Complaint Rate uses a rolling six-month z-score on synthetic monthly data. The baseline is short and may not capture seasonal patterns. Statistical association does not establish causation. Thresholds are illustrative prototype assumptions calibrated to the synthetic dataset, not universal hospital standards."
2026-04-01,PX_SATISFACTION,Patient Satisfaction Score,Patient Experience,68.96,Critical,67.93,1.03,Improving,75.0,70.0,-6.04,Critical,2,2,0,Rolling six-month z-score,-1.83,Moderate Anomaly,Critical,Patient Satisfaction Score Reached Critical Level,Patient Satisfaction Score is 68.96. Status is Critical for the second consecutive month. Month-on-month increased by 1.03. The value is 1.04 beyond the 70.0 critical boundary. A moderate statistical anomaly is detected (z-score = -1.83).,Escalate for immediate management review.,hospital_kpi_data_v2.csv; kpi_config_v2.csv,Pass,"Anomaly detection for Patient Satisfaction Score uses a rolling six-month z-score on synthetic monthly data. The baseline is short and may not capture seasonal patterns. Statistical association does not establish causation. Thresholds are illustrative prototype assumptions calibrated to the synthetic dataset, not universal hospital standards."
2026-04-01,WF_ABSENCE_RATE,Staff Absenteeism Rate,Workforce,8.51,Warning,9.61,-1.1,Improving,7.5,9.5,-1.01,Warning,2,0,0,Rolling six-month z-score,1.32,Normal,Medium,Staff Absenteeism Rate Entered Warning Range,Staff Absenteeism Rate is 8.51. Status is Warning for the second consecutive month. Month-on-month decreased by 1.10. The value is 1.01 beyond the 7.5 warning boundary.,Review workforce availability and absence patterns.,hospital_kpi_data_v2.csv; kpi_config_v2.csv,Pass,"Anomaly detection for Staff Absenteeism Rate uses a rolling six-month z-score on synthetic monthly data. The baseline is short and may not capture seasonal patterns. Statistical association does not establish causation. Thresholds are illustrative prototype assumptions calibrated to the synthetic dataset, not universal hospital standards."
2026-04-01,WF_STAFF_LEVEL,Staffing Level,Workforce,91.49,Warning,90.39,1.1,Improving,92.0,90.0,-0.51,Warning,2,0,0,Rolling six-month z-score,-1.32,Normal,Medium,Staffing Level Entered Warning Range,Staffing Level is 91.49. Status is Warning for the second consecutive month. Month-on-month increased by 1.10. The value is 0.51 beyond the 92.0 warning boundary.,Review workforce availability and absence patterns.,hospital_kpi_data_v2.csv; kpi_config_v2.csv,Pass,"Anomaly detection for Staffing Level uses a rolling six-month z-score on synthetic monthly data. The baseline is short and may not capture seasonal patterns. Statistical association does not establish causation. Thresholds are illustrative prototype assumptions calibrated to the synthetic dataset, not universal hospital standards."
2026-05-01,OP_BED_OCCUPANCY,Bed Occupancy Rate,Operations,85.55,Warning,84.52,1.03,Worsening,85.0,90.0,-0.55,Warning,1,0,3,Rolling six-month z-score,1.99,Moderate Anomaly,High,Bed Occupancy Rate Deteriorating for 3 Consecutive Months,Bed Occupancy Rate is 85.55. Status is Warning for the first consecutive month. Month-on-month increased by 1.03. The value is 0.55 beyond the 85.0 warning boundary. A moderate statistical anomaly is detected (z-score = 1.99). Deterioration has continued for 3 consecutive months.,Review bed-capacity constraints and discharge planning.,hospital_kpi_data_v2.csv; kpi_config_v2.csv,Pass,"Anomaly detection for Bed Occupancy Rate uses a rolling six-month z-score on synthetic monthly data. The baseline is short and may not capture seasonal patterns. Statistical association does not establish causation. Thresholds are illustrative prototype assumptions calibrated to the synthetic dataset, not universal hospital standards."
2026-05-01,OP_WAIT_TIME,Average Patient Waiting Time,Operations,55.77,Warning,55.52,0.25,Worsening,50.0,60.0,-5.77,Warning,3,0,6,Rolling six-month z-score,1.38,Normal,High,Average Patient Waiting Time Deteriorating for 6 Consecutive Months,Average Patient Waiting Time is 55.77 Minutes. Status is Warning for the third consecutive month. Month-on-month increased by 0.25. The value is 5.77 beyond the 50.0 warning boundary. Deterioration has continued for 6 consecutive months.,Examine queue pressure by service area.,hospital_kpi_data_v2.csv; kpi_config_v2.csv,Pass,"Anomaly detection for Average Patient Waiting Time uses a rolling six-month z-score on synthetic monthly data. The baseline is short and may not capture seasonal patterns. Statistical association does not establish causation. Thresholds are illustrative prototype assumptions calibrated to the synthetic dataset, not universal hospital standards."
2026-05-01,PX_COMPLAINT_RATE,Patient Complaint Rate,Patient Experience,2.21,Warning,2.02,0.19,Worsening,2.0,2.5,-0.21,Warning,4,0,1,Rolling six-month z-score,0.57,Normal,Medium,Patient Complaint Rate Entered Warning Range,Patient Complaint Rate is 2.21. Status is Warning for the 4th consecutive month. Month-on-month increased by 0.19. The value is 0.21 beyond the 2.0 warning boundary.,Review complaint themes and service bottlenecks.,hospital_kpi_data_v2.csv; kpi_config_v2.csv,Pass,"Anomaly detection for Patient Complaint Rate uses a rolling six-month z-score on synthetic monthly data. The baseline is short and may not capture seasonal patterns. Statistical association does not establish causation. Thresholds are illustrative prototype assumptions calibrated to the synthetic dataset, not universal hospital standards."
2026-05-01,PX_SATISFACTION,Patient Satisfaction Score,Patient Experience,68.55,Critical,68.96,-0.41,Worsening,75.0,70.0,-6.45,Critical,3,3,1,Rolling six-month z-score,-1.29,Normal,Critical,Patient Satisfaction Score Reached Critical Level,Patient Satisfaction Score is 68.55. Status is Critical for the third consecutive month. Month-on-month decreased by 0.41. The value is 1.45 beyond the 70.0 critical boundary.,Escalate for immediate management review.,hospital_kpi_data_v2.csv; kpi_config_v2.csv,Pass,"Anomaly detection for Patient Satisfaction Score uses a rolling six-month z-score on synthetic monthly data. The baseline is short and may not capture seasonal patterns. Statistical association does not establish causation. Thresholds are illustrative prototype assumptions calibrated to the synthetic dataset, not universal hospital standards."
2026-05-01,WF_ABSENCE_RATE,Staff Absenteeism Rate,Workforce,9.28,Warning,8.51,0.77,Worsening,7.5,9.5,-1.78,Warning,3,0,1,Rolling six-month z-score,1.37,Normal,Medium,Staff Absenteeism Rate Entered Warning Range,Staff Absenteeism Rate is 9.28. Status is Warning for the third consecutive month. Month-on-month increased by 0.77. The value is 1.78 beyond the 7.5 warning boundary.,Review workforce availability and absence patterns.,hospital_kpi_data_v2.csv; kpi_config_v2.csv,Pass,"Anomaly detection for Staff Absenteeism Rate uses a rolling six-month z-score on synthetic monthly data. The baseline is short and may not capture seasonal patterns. Statistical association does not establish causation. Thresholds are illustrative prototype assumptions calibrated to the synthetic dataset, not universal hospital standards."
2026-05-01,WF_STAFF_LEVEL,Staffing Level,Workforce,90.72,Warning,91.49,-0.77,Worsening,92.0,90.0,-1.28,Warning,3,0,1,Rolling six-month z-score,-1.37,Normal,Medium,Staffing Level Entered Warning Range,Staffing Level is 90.72. Status is Warning for the third consecutive month. Month-on-month decreased by 0.77. The value is 1.28 beyond the 92.0 warning boundary.,Review workforce availability and absence patterns.,hospital_kpi_data_v2.csv; kpi_config_v2.csv,Pass,"Anomaly detection for Staffing Level uses a rolling six-month z-score on synthetic monthly data. The baseline is short and may not capture seasonal patterns. Statistical association does not establish causation. Thresholds are illustrative prototype assumptions calibrated to the synthetic dataset, not universal hospital standards."
2026-06-01,OP_BED_OCCUPANCY,Bed Occupancy Rate,Operations,84.72,Normal,85.55,-0.83,Improving,85.0,90.0,0.28,None,0,0,0,Rolling six-month z-score,0.97,Normal,None,Bed Occupancy Rate Within Normal Range,Bed Occupancy Rate is 84.72. Status is Normal. Month-on-month decreased by 0.83.,Continue routine monitoring.,hospital_kpi_data_v2.csv; kpi_config_v2.csv,Pass,"Anomaly detection for Bed Occupancy Rate uses a rolling six-month z-score on synthetic monthly data. The baseline is short and may not capture seasonal patterns. Statistical association does not establish causation. Thresholds are illustrative prototype assumptions calibrated to the synthetic dataset, not universal hospital standards."
2026-06-01,OP_WAIT_TIME,Average Patient Waiting Time,Operations,58.72,Warning,55.77,2.95,Worsening,50.0,60.0,-8.72,Warning,4,0,7,Rolling six-month z-score,1.41,Normal,High,Average Patient Waiting Time Deteriorating for 7 Consecutive Months,Average Patient Waiting Time is 58.72 Minutes. Status is Warning for the 4th consecutive month. Month-on-month increased by 2.95. The value is 8.72 beyond the 50.0 warning boundary. Deterioration has continued for 7 consecutive months.,Examine queue pressure by service area.,hospital_kpi_data_v2.csv; kpi_config_v2.csv,Pass,"Anomaly detection for Average Patient Waiting Time uses a rolling six-month z-score on synthetic monthly data. The baseline is short and may not capture seasonal patterns. Statistical association does not establish causation. Thresholds are illustrative prototype assumptions calibrated to the synthetic dataset, not universal hospital standards."
2026-06-01,PX_COMPLAINT_RATE,Patient Complaint Rate,Patient Experience,2.24,Warning,2.21,0.03,Worsening,2.0,2.5,-0.24,Warning,5,0,2,Rolling six-month z-score,0.43,Normal,High,Patient Complaint Rate Deteriorating for 2 Consecutive Months,Patient Complaint Rate is 2.24. Status is Warning for the 5th consecutive month. Month-on-month increased by 0.03. The value is 0.24 beyond the 2.0 warning boundary. Deterioration has continued for 2 consecutive months.,Review complaint themes and service bottlenecks.,hospital_kpi_data_v2.csv; kpi_config_v2.csv,Pass,"Anomaly detection for Patient Complaint Rate uses a rolling six-month z-score on synthetic monthly data. The baseline is short and may not capture seasonal patterns. Statistical association does not establish causation. Thresholds are illustrative prototype assumptions calibrated to the synthetic dataset, not universal hospital standards."
2026-06-01,PX_SATISFACTION,Patient Satisfaction Score,Patient Experience,67.58,Critical,68.55,-0.97,Worsening,75.0,70.0,-7.42,Critical,4,4,2,Rolling six-month z-score,-1.04,Normal,Critical,Patient Satisfaction Score Reached Critical Level,Patient Satisfaction Score is 67.58. Status is Critical for the 4th consecutive month. Month-on-month decreased by 0.97. The value is 2.42 beyond the 70.0 critical boundary. Deterioration has continued for 2 consecutive months.,Escalate for immediate management review.,hospital_kpi_data_v2.csv; kpi_config_v2.csv,Pass,"Anomaly detection for Patient Satisfaction Score uses a rolling six-month z-score on synthetic monthly data. The baseline is short and may not capture seasonal patterns. Statistical association does not establish causation. Thresholds are illustrative prototype assumptions calibrated to the synthetic dataset, not universal hospital standards."
2026-06-01,WF_ABSENCE_RATE,Staff Absenteeism Rate,Workforce,9.83,Critical,9.28,0.55,Worsening,7.5,9.5,-2.33,Critical,4,1,2,Rolling six-month z-score,1.32,Normal,Critical,Staff Absenteeism Rate Reached Critical Level,Staff Absenteeism Rate is 9.83. Status is Critical for the 4th consecutive month. Month-on-month increased by 0.55. The value is 0.33 beyond the 9.5 critical boundary. Deterioration has continued for 2 consecutive months.,Escalate for immediate management review.,hospital_kpi_data_v2.csv; kpi_config_v2.csv,Pass,"Anomaly detection for Staff Absenteeism Rate uses a rolling six-month z-score on synthetic monthly data. The baseline is short and may not capture seasonal patterns. Statistical association does not establish causation. Thresholds are illustrative prototype assumptions calibrated to the synthetic dataset, not universal hospital standards."
2026-06-01,WF_STAFF_LEVEL,Staffing Level,Workforce,90.17,Warning,90.72,-0.55,Worsening,92.0,90.0,-1.83,Warning,4,0,2,Rolling six-month z-score,-1.32,Normal,High,Staffing Level Deteriorating for 2 Consecutive Months,Staffing Level is 90.17. Status is Warning for the 4th consecutive month. Month-on-month decreased by 0.55. The value is 1.83 beyond the 92.0 warning boundary. Deterioration has continued for 2 consecutive months.,Review workforce availability and absence patterns.,hospital_kpi_data_v2.csv; kpi_config_v2.csv,Pass,"Anomaly detection for Staffing Level uses a rolling six-month z-score on synthetic monthly data. The baseline is short and may not capture seasonal patterns. Statistical association does not establish causation. Thresholds are illustrative prototype assumptions calibrated to the synthetic dataset, not universal hospital standards."
